cell_id,batch,protocol,cycle_index,description,label_provenance,target_discharge_capacity_Ah,window_valid,validity_reason,is_first_valid_diagnostic,is_scored_primary,reference_capacity_Ah
Batch-1/2C_battery-1,Batch-1,2C_battery,1,0.5C charge and 0.2C discharge [test capacity],measured_RPT,1.991,False,time_reset_or_nonmonotonic_voltage,True,False,
Batch-1/2C_battery-2,Batch-1,2C_battery,1,0.5C charge and 0.2C discharge [test capacity],measured_RPT,1.988,False,time_reset_or_nonmonotonic_voltage,True,False,
Batch-1/2C_battery-3,Batch-1,2C_battery,1,0.5C charge and 0.2C discharge [test capacity],measured_RPT,1.987,False,time_reset_or_nonmonotonic_voltage,True,False,
Batch-1/2C_battery-4,Batch-1,2C_battery,1,0.5C charge and 0.2C discharge [test capacity],measured_RPT,1.99,False,time_reset_or_nonmonotonic_voltage,True,False,
Batch-1/2C_battery-5,Batch-1,2C_battery,1,0.5C charge and 0.2C discharge [test capacity],measured_RPT,2.017,False,time_reset_or_nonmonotonic_voltage,True,False,
Batch-1/2C_battery-6,Batch-1,2C_battery,1,0.5C charge and 0.2C discharge [test capacity],measured_RPT,2.024,False,time_reset_or_nonmonotonic_voltage,True,False,
Batch-1/2C_battery-7,Batch-1,2C_battery,1,0.5C charge and 0.2C discharge [test capacity],measured_RPT,2.043,False,time_reset_or_nonmonotonic_voltage,True,False,
Batch-1/2C_battery-8,Batch-1,2C_battery,1,0.5C charge and 0.2C discharge [test capacity],measured_RPT,2.008,False,time_reset_or_nonmonotonic_voltage,True,False,
Batch-2/3C_battery-1,Batch-2,3C_battery,1,0.5C charge and 0.2C discharge [test capacity],measured_RPT,1.983,False,time_reset_or_nonmonotonic_voltage,True,False,
Batch-2/3C_battery-10,Batch-2,3C_battery,1,0.5C charge and 0.2C discharge [test capacity],measured_RPT,1.993,False,time_reset_or_nonmonotonic_voltage,True,False,
Batch-2/3C_battery-11,Batch-2,3C_battery,1,0.5C charge and 0.2C discharge [test capacity],measured_RPT,1.935,False,time_reset_or_nonmonotonic_voltage,True,False,
Batch-2/3C_battery-12,Batch-2,3C_battery,1,0.5C charge and 0.2C discharge [test capacity],measured_RPT,1.928,False,time_reset_or_nonmonotonic_voltage,True,False,
Batch-2/3C_battery-13,Batch-2,3C_battery,1,0.5C charge and 0.2C discharge [test capacity],measured_RPT,1.939,False,time_reset_or_nonmonotonic_voltage,True,False,
Batch-2/3C_battery-14,Batch-2,3C_battery,1,0.5C charge and 0.2C discharge [test capacity],measured_RPT,1.929,False,time_reset_or_nonmonotonic_voltage,True,False,
Batch-2/3C_battery-15,Batch-2,3C_battery,1,0.5C charge and 0.2C discharge [test capacity],measured_RPT,1.923,False,time_reset_or_nonmonotonic_voltage,True,False,
Batch-2/3C_battery-2,Batch-2,3C_battery,1,0.5C charge and 0.2C discharge [test capacity],measured_RPT,2.056,False,time_reset_or_nonmonotonic_voltage,True,False,
Batch-2/3C_battery-3,Batch-2,3C_battery,1,0.5C charge and 0.2C discharge [test capacity],measured_RPT,1.992,False,time_reset_or_nonmonotonic_voltage,True,False,
Batch-2/3C_battery-4,Batch-2,3C_battery,1,0.5C charge and 0.2C discharge [test capacity],measured_RPT,1.984,False,time_reset_or_nonmonotonic_voltage,True,False,
Batch-2/3C_battery-5,Batch-2,3C_battery,1,0.5C charge and 0.2C discharge [test capacity],measured_RPT,1.994,True,ok,True,False,
Batch-2/3C_battery-6,Batch-2,3C_battery,1,0.5C charge and 0.2C discharge [test capacity],measured_RPT,1.989,False,time_reset_or_nonmonotonic_voltage,True,False,
Batch-2/3C_battery-7,Batch-2,3C_battery,1,0.5C charge and 0.2C discharge [test capacity],measured_RPT,2.001,True,ok,True,False,
Batch-2/3C_battery-8,Batch-2,3C_battery,1,0.5C charge and 0.2C discharge [test capacity],measured_RPT,1.989,False,time_reset_or_nonmonotonic_voltage,True,False,
Batch-2/3C_battery-9,Batch-2,3C_battery,1,0.5C charge and 0.2C discharge [test capacity],measured_RPT,1.931,False,time_reset_or_nonmonotonic_voltage,True,False,
Batch-3/R2.5_battery-1,Batch-3,R2.5_battery,1,0.5C charge and 0.2C discharge [test capacity],measured_RPT,1.988,False,time_reset_or_nonmonotonic_voltage,True,False,
Batch-3/R2.5_battery-2,Batch-3,R2.5_battery,1,0.5C charge and 0.2C discharge [test capacity],measured_RPT,1.989,False,time_reset_or_nonmonotonic_voltage,True,False,
Batch-3/R2.5_battery-3,Batch-3,R2.5_battery,1,0.5C charge and 0.2C discharge [test capacity],measured_RPT,1.991,False,time_reset_or_nonmonotonic_voltage,True,False,
Batch-3/R2.5_battery-4,Batch-3,R2.5_battery,1,0.5C charge and 0.2C discharge [test capacity],measured_RPT,1.983,False,time_reset_or_nonmonotonic_voltage,True,False,
Batch-3/R2.5_battery-5,Batch-3,R2.5_battery,1,0.5C charge and 0.2C discharge [test capacity],measured_RPT,1.989,False,time_reset_or_nonmonotonic_voltage,True,False,
Batch-3/R2.5_battery-6,Batch-3,R2.5_battery,1,0.5C charge and 0.2C discharge [test capacity],measured_RPT,1.986,False,time_reset_or_nonmonotonic_voltage,True,False,
Batch-3/R2.5_battery-7,Batch-3,R2.5_battery,1,0.5C charge and 0.2C discharge [test capacity],measured_RPT,1.983,False,time_reset_or_nonmonotonic_voltage,True,False,
Batch-3/R2.5_battery-8,Batch-3,R2.5_battery,1,0.5C charge and 0.2C discharge [test capacity],measured_RPT,1.984,True,ok,True,False,
Batch-4/R3_battery-1,Batch-4,R3_battery,1,0.5C charge and 0.2C discharge [test capacity],measured_RPT,1.985,False,time_reset_or_nonmonotonic_voltage,True,False,
Batch-4/R3_battery-1,Batch-4,R3_battery,7,2C charge and 1C discharge [test capacity],measured_RPT,1.892,False,time_reset_or_nonmonotonic_voltage,False,True,1.985
Batch-4/R3_battery-1,Batch-4,R3_battery,13,2C charge and 1C discharge [test capacity],measured_RPT,1.916,False,time_reset_or_nonmonotonic_voltage,False,True,1.985
Batch-4/R3_battery-1,Batch-4,R3_battery,19,2C charge and 1C discharge [test capacity],measured_RPT,1.934,False,time_reset_or_nonmonotonic_voltage,False,True,1.985
Batch-4/R3_battery-1,Batch-4,R3_battery,25,2C charge and 1C discharge [test capacity],measured_RPT,1.949,False,time_reset_or_nonmonotonic_voltage,False,True,1.985
Batch-4/R3_battery-1,Batch-4,R3_battery,31,2C charge and 1C discharge [test capacity],measured_RPT,1.959,False,time_reset_or_nonmonotonic_voltage,False,True,1.985
Batch-4/R3_battery-1,Batch-4,R3_battery,37,2C charge and 1C discharge [test capacity],measured_RPT,1.965,False,time_reset_or_nonmonotonic_voltage,False,True,1.985
Batch-4/R3_battery-1,Batch-4,R3_battery,43,2C charge and 1C discharge [test capacity],measured_RPT,1.97,False,time_reset_or_nonmonotonic_voltage,False,True,1.985
Batch-4/R3_battery-1,Batch-4,R3_battery,49,2C charge and 1C discharge [test capacity],measured_RPT,1.971,False,time_reset_or_nonmonotonic_voltage,False,True,1.985
Batch-4/R3_battery-1,Batch-4,R3_battery,55,2C charge and 1C discharge [test capacity],measured_RPT,1.973,False,time_reset_or_nonmonotonic_voltage,False,True,1.985
Batch-4/R3_battery-1,Batch-4,R3_battery,61,2C charge and 1C discharge [test capacity],measured_RPT,1.972,False,time_reset_or_nonmonotonic_voltage,False,True,1.985
Batch-4/R3_battery-1,Batch-4,R3_battery,67,2C charge and 1C discharge [test capacity],measured_RPT,1.976,False,time_reset_or_nonmonotonic_voltage,False,True,1.985
Batch-4/R3_battery-1,Batch-4,R3_battery,73,2C charge and 1C discharge [test capacity],measured_RPT,1.973,False,time_reset_or_nonmonotonic_voltage,False,True,1.985
Batch-4/R3_battery-1,Batch-4,R3_battery,79,2C charge and 1C discharge [test capacity],measured_RPT,1.977,True,ok,False,True,1.985
Batch-4/R3_battery-1,Batch-4,R3_battery,85,2C charge and 1C discharge [test capacity],measured_RPT,1.976,False,time_reset_or_nonmonotonic_voltage,False,True,1.985
Batch-4/R3_battery-1,Batch-4,R3_battery,91,2C charge and 1C discharge [test capacity],measured_RPT,1.978,False,time_reset_or_nonmonotonic_voltage,False,True,1.985
Batch-4/R3_battery-1,Batch-4,R3_battery,97,2C charge and 1C discharge [test capacity],measured_RPT,1.973,False,time_reset_or_nonmonotonic_voltage,False,True,1.985
Batch-4/R3_battery-1,Batch-4,R3_battery,103,2C charge and 1C discharge [test capacity],measured_RPT,1.972,False,time_reset_or_nonmonotonic_voltage,False,True,1.985
Batch-4/R3_battery-1,Batch-4,R3_battery,109,2C charge and 1C discharge [test capacity],measured_RPT,1.972,False,time_reset_or_nonmonotonic_voltage,False,True,1.985
Batch-4/R3_battery-1,Batch-4,R3_battery,115,2C charge and 1C discharge [test capacity],measured_RPT,1.967,False,time_reset_or_nonmonotonic_voltage,False,True,1.985
Batch-4/R3_battery-1,Batch-4,R3_battery,121,2C charge and 1C discharge [test capacity],measured_RPT,1.971,False,time_reset_or_nonmonotonic_voltage,False,True,1.985
Batch-4/R3_battery-1,Batch-4,R3_battery,127,2C charge and 1C discharge [test capacity],measured_RPT,1.968,False,time_reset_or_nonmonotonic_voltage,False,True,1.985
Batch-4/R3_battery-1,Batch-4,R3_battery,133,2C charge and 1C discharge [test capacity],measured_RPT,1.971,False,time_reset_or_nonmonotonic_voltage,False,True,1.985
Batch-4/R3_battery-1,Batch-4,R3_battery,139,2C charge and 1C discharge [test capacity],measured_RPT,1.969,False,time_reset_or_nonmonotonic_voltage,False,True,1.985
Batch-4/R3_battery-1,Batch-4,R3_battery,145,2C charge and 1C discharge [test capacity],measured_RPT,1.968,False,time_reset_or_nonmonotonic_voltage,False,True,1.985
Batch-4/R3_battery-1,Batch-4,R3_battery,151,2C charge and 1C discharge [test capacity],measured_RPT,1.967,False,time_reset_or_nonmonotonic_voltage,False,True,1.985
Batch-4/R3_battery-1,Batch-4,R3_battery,157,2C charge and 1C discharge [test capacity],measured_RPT,1.967,False,time_reset_or_nonmonotonic_voltage,False,True,1.985
Batch-4/R3_battery-1,Batch-4,R3_battery,163,2C charge and 1C discharge [test capacity],measured_RPT,1.968,True,ok,False,True,1.985
Batch-4/R3_battery-1,Batch-4,R3_battery,169,2C charge and 1C discharge [test capacity],measured_RPT,1.964,False,time_reset_or_nonmonotonic_voltage,False,True,1.985
Batch-4/R3_battery-1,Batch-4,R3_battery,175,2C charge and 1C discharge [test capacity],measured_RPT,1.97,False,time_reset_or_nonmonotonic_voltage,False,True,1.985
Batch-4/R3_battery-1,Batch-4,R3_battery,181,2C charge and 1C discharge [test capacity],measured_RPT,1.968,False,time_reset_or_nonmonotonic_voltage,False,True,1.985
Batch-4/R3_battery-1,Batch-4,R3_battery,187,2C charge and 1C discharge [test capacity],measured_RPT,1.968,False,time_reset_or_nonmonotonic_voltage,False,True,1.985
Batch-4/R3_battery-1,Batch-4,R3_battery,193,2C charge and 1C discharge [test capacity],measured_RPT,1.965,False,time_reset_or_nonmonotonic_voltage,False,True,1.985
Batch-4/R3_battery-1,Batch-4,R3_battery,199,2C charge and 1C discharge [test capacity],measured_RPT,1.962,False,time_reset_or_nonmonotonic_voltage,False,True,1.985
Batch-4/R3_battery-1,Batch-4,R3_battery,205,2C charge and 1C discharge [test capacity],measured_RPT,1.96,False,time_reset_or_nonmonotonic_voltage,False,True,1.985
Batch-4/R3_battery-1,Batch-4,R3_battery,211,2C charge and 1C discharge [test capacity],measured_RPT,1.958,False,time_reset_or_nonmonotonic_voltage,False,True,1.985
Batch-4/R3_battery-1,Batch-4,R3_battery,217,2C charge and 1C discharge [test capacity],measured_RPT,1.957,False,time_reset_or_nonmonotonic_voltage,False,True,1.985
Batch-4/R3_battery-1,Batch-4,R3_battery,223,2C charge and 1C discharge [test capacity],measured_RPT,1.954,False,time_reset_or_nonmonotonic_voltage,False,True,1.985
Batch-4/R3_battery-1,Batch-4,R3_battery,229,2C charge and 1C discharge [test capacity],measured_RPT,1.951,False,time_reset_or_nonmonotonic_voltage,False,True,1.985
Batch-4/R3_battery-1,Batch-4,R3_battery,235,2C charge and 1C discharge [test capacity],measured_RPT,1.947,False,time_reset_or_nonmonotonic_voltage,False,True,1.985
Batch-4/R3_battery-1,Batch-4,R3_battery,241,2C charge and 1C discharge [test capacity],measured_RPT,1.943,False,time_reset_or_nonmonotonic_voltage,False,True,1.985
Batch-4/R3_battery-1,Batch-4,R3_battery,247,2C charge and 1C discharge [test capacity],measured_RPT,1.937,False,time_reset_or_nonmonotonic_voltage,False,True,1.985
Batch-4/R3_battery-1,Batch-4,R3_battery,253,2C charge and 1C discharge [test capacity],measured_RPT,1.931,False,time_reset_or_nonmonotonic_voltage,False,True,1.985
Batch-4/R3_battery-1,Batch-4,R3_battery,259,2C charge and 1C discharge [test capacity],measured_RPT,1.924,False,time_reset_or_nonmonotonic_voltage,False,True,1.985
Batch-4/R3_battery-1,Batch-4,R3_battery,265,2C charge and 1C discharge [test capacity],measured_RPT,1.919,False,time_reset_or_nonmonotonic_voltage,False,True,1.985
Batch-4/R3_battery-1,Batch-4,R3_battery,271,2C charge and 1C discharge [test capacity],measured_RPT,1.917,False,time_reset_or_nonmonotonic_voltage,False,True,1.985
Batch-4/R3_battery-1,Batch-4,R3_battery,277,2C charge and 1C discharge [test capacity],measured_RPT,1.913,False,time_reset_or_nonmonotonic_voltage,False,True,1.985
Batch-4/R3_battery-1,Batch-4,R3_battery,283,2C charge and 1C discharge [test capacity],measured_RPT,1.91,False,time_reset_or_nonmonotonic_voltage,False,True,1.985
Batch-4/R3_battery-1,Batch-4,R3_battery,289,2C charge and 1C discharge [test capacity],measured_RPT,1.907,False,time_reset_or_nonmonotonic_voltage,False,True,1.985
Batch-4/R3_battery-1,Batch-4,R3_battery,295,2C charge and 1C discharge [test capacity],measured_RPT,1.905,False,time_reset_or_nonmonotonic_voltage,False,True,1.985
Batch-4/R3_battery-1,Batch-4,R3_battery,301,2C charge and 1C discharge [test capacity],measured_RPT,1.903,False,time_reset_or_nonmonotonic_voltage,False,True,1.985
Batch-4/R3_battery-1,Batch-4,R3_battery,307,2C charge and 1C discharge [test capacity],measured_RPT,1.903,False,time_reset_or_nonmonotonic_voltage,False,True,1.985
Batch-4/R3_battery-1,Batch-4,R3_battery,313,2C charge and 1C discharge [test capacity],measured_RPT,1.899,True,ok,False,True,1.985
Batch-4/R3_battery-1,Batch-4,R3_battery,319,2C charge and 1C discharge [test capacity],measured_RPT,1.898,False,time_reset_or_nonmonotonic_voltage,False,True,1.985
Batch-4/R3_battery-1,Batch-4,R3_battery,325,2C charge and 1C discharge [test capacity],measured_RPT,1.898,False,time_reset_or_nonmonotonic_voltage,False,True,1.985
Batch-4/R3_battery-1,Batch-4,R3_battery,331,2C charge and 1C discharge [test capacity],measured_RPT,1.89,False,time_reset_or_nonmonotonic_voltage,False,True,1.985
Batch-4/R3_battery-1,Batch-4,R3_battery,337,2C charge and 1C discharge [test capacity],measured_RPT,1.893,False,time_reset_or_nonmonotonic_voltage,False,True,1.985
Batch-4/R3_battery-1,Batch-4,R3_battery,343,2C charge and 1C discharge [test capacity],measured_RPT,1.891,False,time_reset_or_nonmonotonic_voltage,False,True,1.985
Batch-4/R3_battery-1,Batch-4,R3_battery,349,2C charge and 1C discharge [test capacity],measured_RPT,1.892,False,time_reset_or_nonmonotonic_voltage,False,True,1.985
Batch-4/R3_battery-1,Batch-4,R3_battery,355,2C charge and 1C discharge [test capacity],measured_RPT,1.888,False,time_reset_or_nonmonotonic_voltage,False,True,1.985
Batch-4/R3_battery-1,Batch-4,R3_battery,361,2C charge and 1C discharge [test capacity],measured_RPT,1.887,False,time_reset_or_nonmonotonic_voltage,False,True,1.985
Batch-4/R3_battery-1,Batch-4,R3_battery,367,2C charge and 1C discharge [test capacity],measured_RPT,1.887,False,time_reset_or_nonmonotonic_voltage,False,True,1.985
Batch-4/R3_battery-1,Batch-4,R3_battery,373,2C charge and 1C discharge [test capacity],measured_RPT,1.884,False,time_reset_or_nonmonotonic_voltage,False,True,1.985
Batch-4/R3_battery-1,Batch-4,R3_battery,379,2C charge and 1C discharge [test capacity],measured_RPT,1.887,True,ok,False,True,1.985
Batch-4/R3_battery-1,Batch-4,R3_battery,385,2C charge and 1C discharge [test capacity],measured_RPT,1.884,False,time_reset_or_nonmonotonic_voltage,False,True,1.985
Batch-4/R3_battery-1,Batch-4,R3_battery,391,2C charge and 1C discharge [test capacity],measured_RPT,1.885,False,time_reset_or_nonmonotonic_voltage,False,True,1.985
Batch-4/R3_battery-1,Batch-4,R3_battery,397,2C charge and 1C discharge [test capacity],measured_RPT,1.883,False,time_reset_or_nonmonotonic_voltage,False,True,1.985
Batch-4/R3_battery-1,Batch-4,R3_battery,403,2C charge and 1C discharge [test capacity],measured_RPT,1.885,False,time_reset_or_nonmonotonic_voltage,False,True,1.985
Batch-4/R3_battery-1,Batch-4,R3_battery,409,2C charge and 1C discharge [test capacity],measured_RPT,1.883,False,time_reset_or_nonmonotonic_voltage,False,True,1.985
Batch-4/R3_battery-1,Batch-4,R3_battery,415,2C charge and 1C discharge [test capacity],measured_RPT,1.885,True,ok,False,True,1.985
Batch-4/R3_battery-1,Batch-4,R3_battery,421,2C charge and 1C discharge [test capacity],measured_RPT,1.882,False,time_reset_or_nonmonotonic_voltage,False,True,1.985
Batch-4/R3_battery-1,Batch-4,R3_battery,427,2C charge and 1C discharge [test capacity],measured_RPT,1.88,False,time_reset_or_nonmonotonic_voltage,False,True,1.985
Batch-4/R3_battery-1,Batch-4,R3_battery,433,2C charge and 1C discharge [test capacity],measured_RPT,1.881,False,time_reset_or_nonmonotonic_voltage,False,True,1.985
Batch-4/R3_battery-1,Batch-4,R3_battery,439,2C charge and 1C discharge [test capacity],measured_RPT,1.877,False,time_reset_or_nonmonotonic_voltage,False,True,1.985
Batch-4/R3_battery-1,Batch-4,R3_battery,445,2C charge and 1C discharge [test capacity],measured_RPT,1.879,False,time_reset_or_nonmonotonic_voltage,False,True,1.985
Batch-4/R3_battery-1,Batch-4,R3_battery,451,2C charge and 1C discharge [test capacity],measured_RPT,1.876,False,time_reset_or_nonmonotonic_voltage,False,True,1.985
Batch-4/R3_battery-1,Batch-4,R3_battery,457,2C charge and 1C discharge [test capacity],measured_RPT,1.877,False,time_reset_or_nonmonotonic_voltage,False,True,1.985
Batch-4/R3_battery-1,Batch-4,R3_battery,463,2C charge and 1C discharge [test capacity],measured_RPT,1.874,False,time_reset_or_nonmonotonic_voltage,False,True,1.985
Batch-4/R3_battery-1,Batch-4,R3_battery,469,2C charge and 1C discharge [test capacity],measured_RPT,1.874,False,time_reset_or_nonmonotonic_voltage,False,True,1.985
Batch-4/R3_battery-1,Batch-4,R3_battery,475,2C charge and 1C discharge [test capacity],measured_RPT,1.873,False,time_reset_or_nonmonotonic_voltage,False,True,1.985
Batch-4/R3_battery-1,Batch-4,R3_battery,481,2C charge and 1C discharge [test capacity],measured_RPT,1.87,False,time_reset_or_nonmonotonic_voltage,False,True,1.985
Batch-4/R3_battery-1,Batch-4,R3_battery,487,2C charge and 1C discharge [test capacity],measured_RPT,1.872,False,time_reset_or_nonmonotonic_voltage,False,True,1.985
Batch-4/R3_battery-1,Batch-4,R3_battery,493,2C charge and 1C discharge [test capacity],measured_RPT,1.87,False,time_reset_or_nonmonotonic_voltage,False,True,1.985
Batch-4/R3_battery-1,Batch-4,R3_battery,499,2C charge and 1C discharge [test capacity],measured_RPT,1.87,True,ok,False,True,1.985
Batch-4/R3_battery-1,Batch-4,R3_battery,505,2C charge and 1C discharge [test capacity],measured_RPT,1.868,False,time_reset_or_nonmonotonic_voltage,False,True,1.985
Batch-4/R3_battery-1,Batch-4,R3_battery,511,2C charge and 1C discharge [test capacity],measured_RPT,1.867,True,ok,False,True,1.985
Batch-4/R3_battery-1,Batch-4,R3_battery,517,2C charge and 1C discharge [test capacity],measured_RPT,1.866,False,time_reset_or_nonmonotonic_voltage,False,True,1.985
Batch-4/R3_battery-1,Batch-4,R3_battery,523,2C charge and 1C discharge [test capacity],measured_RPT,1.865,False,time_reset_or_nonmonotonic_voltage,False,True,1.985
Batch-4/R3_battery-1,Batch-4,R3_battery,529,2C charge and 1C discharge [test capacity],measured_RPT,1.864,False,time_reset_or_nonmonotonic_voltage,False,True,1.985
Batch-4/R3_battery-1,Batch-4,R3_battery,535,2C charge and 1C discharge [test capacity],measured_RPT,1.861,False,time_reset_or_nonmonotonic_voltage,False,True,1.985
Batch-4/R3_battery-1,Batch-4,R3_battery,541,2C charge and 1C discharge [test capacity],measured_RPT,1.861,False,time_reset_or_nonmonotonic_voltage,False,True,1.985
Batch-4/R3_battery-1,Batch-4,R3_battery,547,2C charge and 1C discharge [test capacity],measured_RPT,1.857,False,time_reset_or_nonmonotonic_voltage,False,True,1.985
Batch-4/R3_battery-1,Batch-4,R3_battery,553,2C charge and 1C discharge [test capacity],measured_RPT,1.856,False,time_reset_or_nonmonotonic_voltage,False,True,1.985
Batch-4/R3_battery-1,Batch-4,R3_battery,559,2C charge and 1C discharge [test capacity],measured_RPT,1.852,False,time_reset_or_nonmonotonic_voltage,False,True,1.985
Batch-4/R3_battery-1,Batch-4,R3_battery,565,2C charge and 1C discharge [test capacity],measured_RPT,1.848,False,time_reset_or_nonmonotonic_voltage,False,True,1.985
Batch-4/R3_battery-1,Batch-4,R3_battery,571,2C charge and 1C discharge [test capacity],measured_RPT,1.845,False,time_reset_or_nonmonotonic_voltage,False,True,1.985
Batch-4/R3_battery-1,Batch-4,R3_battery,577,2C charge and 1C discharge [test capacity],measured_RPT,1.842,False,time_reset_or_nonmonotonic_voltage,False,True,1.985
Batch-4/R3_battery-1,Batch-4,R3_battery,583,2C charge and 1C discharge [test capacity],measured_RPT,1.839,False,time_reset_or_nonmonotonic_voltage,False,True,1.985
Batch-4/R3_battery-1,Batch-4,R3_battery,589,2C charge and 1C discharge [test capacity],measured_RPT,1.835,False,time_reset_or_nonmonotonic_voltage,False,True,1.985
Batch-4/R3_battery-1,Batch-4,R3_battery,595,2C charge and 1C discharge [test capacity],measured_RPT,1.834,False,time_reset_or_nonmonotonic_voltage,False,True,1.985
Batch-4/R3_battery-1,Batch-4,R3_battery,601,2C charge and 1C discharge [test capacity],measured_RPT,1.829,False,time_reset_or_nonmonotonic_voltage,False,True,1.985
Batch-4/R3_battery-1,Batch-4,R3_battery,607,2C charge and 1C discharge [test capacity],measured_RPT,1.83,False,time_reset_or_nonmonotonic_voltage,False,True,1.985
Batch-4/R3_battery-1,Batch-4,R3_battery,613,2C charge and 1C discharge [test capacity],measured_RPT,1.824,False,time_reset_or_nonmonotonic_voltage,False,True,1.985
Batch-4/R3_battery-1,Batch-4,R3_battery,619,2C charge and 1C discharge [test capacity],measured_RPT,1.82,True,ok,False,True,1.985
Batch-4/R3_battery-1,Batch-4,R3_battery,625,2C charge and 1C discharge [test capacity],measured_RPT,1.816,False,time_reset_or_nonmonotonic_voltage,False,True,1.985
Batch-4/R3_battery-1,Batch-4,R3_battery,631,2C charge and 1C discharge [test capacity],measured_RPT,1.807,False,time_reset_or_nonmonotonic_voltage,False,True,1.985
Batch-4/R3_battery-1,Batch-4,R3_battery,637,2C charge and 1C discharge [test capacity],measured_RPT,1.801,False,time_reset_or_nonmonotonic_voltage,False,True,1.985
Batch-4/R3_battery-1,Batch-4,R3_battery,643,2C charge and 1C discharge [test capacity],measured_RPT,1.793,False,time_reset_or_nonmonotonic_voltage,False,True,1.985
Batch-4/R3_battery-1,Batch-4,R3_battery,649,2C charge and 1C discharge [test capacity],measured_RPT,1.788,False,time_reset_or_nonmonotonic_voltage,False,True,1.985
Batch-4/R3_battery-1,Batch-4,R3_battery,655,2C charge and 1C discharge [test capacity],measured_RPT,1.779,False,time_reset_or_nonmonotonic_voltage,False,True,1.985
Batch-4/R3_battery-1,Batch-4,R3_battery,661,2C charge and 1C discharge [test capacity],measured_RPT,1.772,False,time_reset_or_nonmonotonic_voltage,False,True,1.985
Batch-4/R3_battery-1,Batch-4,R3_battery,667,2C charge and 1C discharge [test capacity],measured_RPT,1.765,False,time_reset_or_nonmonotonic_voltage,False,True,1.985
Batch-4/R3_battery-1,Batch-4,R3_battery,673,2C charge and 1C discharge [test capacity],measured_RPT,1.755,False,time_reset_or_nonmonotonic_voltage,False,True,1.985
Batch-4/R3_battery-1,Batch-4,R3_battery,679,2C charge and 1C discharge [test capacity],measured_RPT,1.751,False,time_reset_or_nonmonotonic_voltage,False,True,1.985
Batch-4/R3_battery-1,Batch-4,R3_battery,685,2C charge and 1C discharge [test capacity],measured_RPT,1.741,False,time_reset_or_nonmonotonic_voltage,False,True,1.985
Batch-4/R3_battery-1,Batch-4,R3_battery,691,2C charge and 1C discharge [test capacity],measured_RPT,1.737,False,time_reset_or_nonmonotonic_voltage,False,True,1.985
Batch-4/R3_battery-1,Batch-4,R3_battery,697,2C charge and 1C discharge [test capacity],measured_RPT,1.728,False,time_reset_or_nonmonotonic_voltage,False,True,1.985
Batch-4/R3_battery-1,Batch-4,R3_battery,703,2C charge and 1C discharge [test capacity],measured_RPT,1.722,False,time_reset_or_nonmonotonic_voltage,False,True,1.985
Batch-4/R3_battery-1,Batch-4,R3_battery,709,2C charge and 1C discharge [test capacity],measured_RPT,1.716,False,time_reset_or_nonmonotonic_voltage,False,True,1.985
Batch-4/R3_battery-1,Batch-4,R3_battery,715,2C charge and 1C discharge [test capacity],measured_RPT,1.707,False,time_reset_or_nonmonotonic_voltage,False,True,1.985
Batch-4/R3_battery-1,Batch-4,R3_battery,721,2C charge and 1C discharge [test capacity],measured_RPT,1.701,False,time_reset_or_nonmonotonic_voltage,False,True,1.985
Batch-4/R3_battery-1,Batch-4,R3_battery,727,2C charge and 1C discharge [test capacity],measured_RPT,1.693,False,time_reset_or_nonmonotonic_voltage,False,True,1.985
Batch-4/R3_battery-1,Batch-4,R3_battery,733,2C charge and 1C discharge [test capacity],measured_RPT,1.685,False,time_reset_or_nonmonotonic_voltage,False,True,1.985
Batch-4/R3_battery-1,Batch-4,R3_battery,739,2C charge and 1C discharge [test capacity],measured_RPT,1.677,False,time_reset_or_nonmonotonic_voltage,False,True,1.985
Batch-4/R3_battery-1,Batch-4,R3_battery,745,2C charge and 1C discharge [test capacity],measured_RPT,1.669,False,time_reset_or_nonmonotonic_voltage,False,True,1.985
Batch-4/R3_battery-1,Batch-4,R3_battery,751,2C charge and 1C discharge [test capacity],measured_RPT,1.667,False,time_reset_or_nonmonotonic_voltage,False,True,1.985
Batch-4/R3_battery-1,Batch-4,R3_battery,757,2C charge and 1C discharge [test capacity],measured_RPT,1.658,False,time_reset_or_nonmonotonic_voltage,False,True,1.985
Batch-4/R3_battery-1,Batch-4,R3_battery,763,2C charge and 1C discharge [test capacity],measured_RPT,1.647,False,time_reset_or_nonmonotonic_voltage,False,True,1.985
Batch-4/R3_battery-1,Batch-4,R3_battery,769,2C charge and 1C discharge [test capacity],measured_RPT,1.64,False,time_reset_or_nonmonotonic_voltage,False,True,1.985
Batch-4/R3_battery-1,Batch-4,R3_battery,775,2C charge and 1C discharge [test capacity],measured_RPT,1.633,False,time_reset_or_nonmonotonic_voltage,False,True,1.985
Batch-4/R3_battery-1,Batch-4,R3_battery,781,2C charge and 1C discharge [test capacity],measured_RPT,1.626,False,time_reset_or_nonmonotonic_voltage,False,True,1.985
Batch-4/R3_battery-1,Batch-4,R3_battery,787,2C charge and 1C discharge [test capacity],measured_RPT,1.617,False,time_reset_or_nonmonotonic_voltage,False,True,1.985
Batch-4/R3_battery-1,Batch-4,R3_battery,793,2C charge and 1C discharge [test capacity],measured_RPT,1.609,False,time_reset_or_nonmonotonic_voltage,False,True,1.985
Batch-4/R3_battery-1,Batch-4,R3_battery,799,2C charge and 1C discharge [test capacity],measured_RPT,1.598,False,time_reset_or_nonmonotonic_voltage,False,True,1.985
Batch-4/R3_battery-2,Batch-4,R3_battery,1,0.5C charge and 0.2C discharge [test capacity],measured_RPT,1.996,False,time_reset_or_nonmonotonic_voltage,True,False,
Batch-4/R3_battery-2,Batch-4,R3_battery,7,2C charge and 1C discharge [test capacity],measured_RPT,1.897,False,time_reset_or_nonmonotonic_voltage,False,True,1.996
Batch-4/R3_battery-2,Batch-4,R3_battery,13,2C charge and 1C discharge [test capacity],measured_RPT,1.922,False,time_reset_or_nonmonotonic_voltage,False,True,1.996
Batch-4/R3_battery-2,Batch-4,R3_battery,19,2C charge and 1C discharge [test capacity],measured_RPT,1.941,False,time_reset_or_nonmonotonic_voltage,False,True,1.996
Batch-4/R3_battery-2,Batch-4,R3_battery,25,2C charge and 1C discharge [test capacity],measured_RPT,1.955,False,time_reset_or_nonmonotonic_voltage,False,True,1.996
Batch-4/R3_battery-2,Batch-4,R3_battery,31,2C charge and 1C discharge [test capacity],measured_RPT,1.964,False,time_reset_or_nonmonotonic_voltage,False,True,1.996
Batch-4/R3_battery-2,Batch-4,R3_battery,37,2C charge and 1C discharge [test capacity],measured_RPT,1.97,False,time_reset_or_nonmonotonic_voltage,False,True,1.996
Batch-4/R3_battery-2,Batch-4,R3_battery,43,2C charge and 1C discharge [test capacity],measured_RPT,1.975,False,time_reset_or_nonmonotonic_voltage,False,True,1.996
Batch-4/R3_battery-2,Batch-4,R3_battery,49,2C charge and 1C discharge [test capacity],measured_RPT,1.976,False,time_reset_or_nonmonotonic_voltage,False,True,1.996
Batch-4/R3_battery-2,Batch-4,R3_battery,55,2C charge and 1C discharge [test capacity],measured_RPT,1.978,False,time_reset_or_nonmonotonic_voltage,False,True,1.996
Batch-4/R3_battery-2,Batch-4,R3_battery,61,2C charge and 1C discharge [test capacity],measured_RPT,1.977,False,time_reset_or_nonmonotonic_voltage,False,True,1.996
Batch-4/R3_battery-2,Batch-4,R3_battery,67,2C charge and 1C discharge [test capacity],measured_RPT,1.98,False,time_reset_or_nonmonotonic_voltage,False,True,1.996
Batch-4/R3_battery-2,Batch-4,R3_battery,73,2C charge and 1C discharge [test capacity],measured_RPT,1.978,False,time_reset_or_nonmonotonic_voltage,False,True,1.996
Batch-4/R3_battery-2,Batch-4,R3_battery,79,2C charge and 1C discharge [test capacity],measured_RPT,1.982,False,time_reset_or_nonmonotonic_voltage,False,True,1.996
Batch-4/R3_battery-2,Batch-4,R3_battery,85,2C charge and 1C discharge [test capacity],measured_RPT,1.979,False,time_reset_or_nonmonotonic_voltage,False,True,1.996
Batch-4/R3_battery-2,Batch-4,R3_battery,91,2C charge and 1C discharge [test capacity],measured_RPT,1.983,False,time_reset_or_nonmonotonic_voltage,False,True,1.996
Batch-4/R3_battery-2,Batch-4,R3_battery,97,2C charge and 1C discharge [test capacity],measured_RPT,1.975,False,time_reset_or_nonmonotonic_voltage,False,True,1.996
Batch-4/R3_battery-2,Batch-4,R3_battery,103,2C charge and 1C discharge [test capacity],measured_RPT,1.975,True,ok,False,True,1.996
Batch-4/R3_battery-2,Batch-4,R3_battery,109,2C charge and 1C discharge [test capacity],measured_RPT,1.974,False,time_reset_or_nonmonotonic_voltage,False,True,1.996
Batch-4/R3_battery-2,Batch-4,R3_battery,115,2C charge and 1C discharge [test capacity],measured_RPT,1.974,False,time_reset_or_nonmonotonic_voltage,False,True,1.996
Batch-4/R3_battery-2,Batch-4,R3_battery,121,2C charge and 1C discharge [test capacity],measured_RPT,1.974,False,time_reset_or_nonmonotonic_voltage,False,True,1.996
Batch-4/R3_battery-2,Batch-4,R3_battery,127,2C charge and 1C discharge [test capacity],measured_RPT,1.972,False,time_reset_or_nonmonotonic_voltage,False,True,1.996
Batch-4/R3_battery-2,Batch-4,R3_battery,133,2C charge and 1C discharge [test capacity],measured_RPT,1.974,False,time_reset_or_nonmonotonic_voltage,False,True,1.996
Batch-4/R3_battery-2,Batch-4,R3_battery,139,2C charge and 1C discharge [test capacity],measured_RPT,1.973,False,time_reset_or_nonmonotonic_voltage,False,True,1.996
Batch-4/R3_battery-2,Batch-4,R3_battery,145,2C charge and 1C discharge [test capacity],measured_RPT,1.973,False,time_reset_or_nonmonotonic_voltage,False,True,1.996
Batch-4/R3_battery-2,Batch-4,R3_battery,151,2C charge and 1C discharge [test capacity],measured_RPT,1.971,False,time_reset_or_nonmonotonic_voltage,False,True,1.996
Batch-4/R3_battery-2,Batch-4,R3_battery,157,2C charge and 1C discharge [test capacity],measured_RPT,1.973,False,time_reset_or_nonmonotonic_voltage,False,True,1.996
Batch-4/R3_battery-2,Batch-4,R3_battery,163,2C charge and 1C discharge [test capacity],measured_RPT,1.971,False,time_reset_or_nonmonotonic_voltage,False,True,1.996
Batch-4/R3_battery-2,Batch-4,R3_battery,169,2C charge and 1C discharge [test capacity],measured_RPT,1.971,False,time_reset_or_nonmonotonic_voltage,False,True,1.996
Batch-4/R3_battery-2,Batch-4,R3_battery,175,2C charge and 1C discharge [test capacity],measured_RPT,1.973,False,time_reset_or_nonmonotonic_voltage,False,True,1.996
Batch-4/R3_battery-2,Batch-4,R3_battery,181,2C charge and 1C discharge [test capacity],measured_RPT,1.972,False,time_reset_or_nonmonotonic_voltage,False,True,1.996
Batch-4/R3_battery-2,Batch-4,R3_battery,187,2C charge and 1C discharge [test capacity],measured_RPT,1.971,False,time_reset_or_nonmonotonic_voltage,False,True,1.996
Batch-4/R3_battery-2,Batch-4,R3_battery,193,2C charge and 1C discharge [test capacity],measured_RPT,1.968,False,time_reset_or_nonmonotonic_voltage,False,True,1.996
Batch-4/R3_battery-2,Batch-4,R3_battery,199,2C charge and 1C discharge [test capacity],measured_RPT,1.967,False,time_reset_or_nonmonotonic_voltage,False,True,1.996
Batch-4/R3_battery-2,Batch-4,R3_battery,205,2C charge and 1C discharge [test capacity],measured_RPT,1.964,False,time_reset_or_nonmonotonic_voltage,False,True,1.996
Batch-4/R3_battery-2,Batch-4,R3_battery,211,2C charge and 1C discharge [test capacity],measured_RPT,1.963,False,time_reset_or_nonmonotonic_voltage,False,True,1.996
Batch-4/R3_battery-2,Batch-4,R3_battery,217,2C charge and 1C discharge [test capacity],measured_RPT,1.962,False,time_reset_or_nonmonotonic_voltage,False,True,1.996
Batch-4/R3_battery-2,Batch-4,R3_battery,223,2C charge and 1C discharge [test capacity],measured_RPT,1.959,True,ok,False,True,1.996
Batch-4/R3_battery-2,Batch-4,R3_battery,229,2C charge and 1C discharge [test capacity],measured_RPT,1.956,False,time_reset_or_nonmonotonic_voltage,False,True,1.996
Batch-4/R3_battery-2,Batch-4,R3_battery,235,2C charge and 1C discharge [test capacity],measured_RPT,1.952,False,time_reset_or_nonmonotonic_voltage,False,True,1.996
Batch-4/R3_battery-2,Batch-4,R3_battery,241,2C charge and 1C discharge [test capacity],measured_RPT,1.947,False,time_reset_or_nonmonotonic_voltage,False,True,1.996
Batch-4/R3_battery-2,Batch-4,R3_battery,247,2C charge and 1C discharge [test capacity],measured_RPT,1.941,False,time_reset_or_nonmonotonic_voltage,False,True,1.996
Batch-4/R3_battery-2,Batch-4,R3_battery,253,2C charge and 1C discharge [test capacity],measured_RPT,1.935,True,ok,False,True,1.996
Batch-4/R3_battery-2,Batch-4,R3_battery,259,2C charge and 1C discharge [test capacity],measured_RPT,1.928,False,time_reset_or_nonmonotonic_voltage,False,True,1.996
Batch-4/R3_battery-2,Batch-4,R3_battery,265,2C charge and 1C discharge [test capacity],measured_RPT,1.924,False,time_reset_or_nonmonotonic_voltage,False,True,1.996
Batch-4/R3_battery-2,Batch-4,R3_battery,271,2C charge and 1C discharge [test capacity],measured_RPT,1.922,False,time_reset_or_nonmonotonic_voltage,False,True,1.996
Batch-4/R3_battery-2,Batch-4,R3_battery,277,2C charge and 1C discharge [test capacity],measured_RPT,1.918,False,time_reset_or_nonmonotonic_voltage,False,True,1.996
Batch-4/R3_battery-2,Batch-4,R3_battery,283,2C charge and 1C discharge [test capacity],measured_RPT,1.915,False,time_reset_or_nonmonotonic_voltage,False,True,1.996
Batch-4/R3_battery-2,Batch-4,R3_battery,289,2C charge and 1C discharge [test capacity],measured_RPT,1.912,False,time_reset_or_nonmonotonic_voltage,False,True,1.996
Batch-4/R3_battery-2,Batch-4,R3_battery,295,2C charge and 1C discharge [test capacity],measured_RPT,1.912,False,time_reset_or_nonmonotonic_voltage,False,True,1.996
Batch-4/R3_battery-2,Batch-4,R3_battery,301,2C charge and 1C discharge [test capacity],measured_RPT,1.906,False,time_reset_or_nonmonotonic_voltage,False,True,1.996
Batch-4/R3_battery-2,Batch-4,R3_battery,307,2C charge and 1C discharge [test capacity],measured_RPT,1.907,False,time_reset_or_nonmonotonic_voltage,False,True,1.996
Batch-4/R3_battery-2,Batch-4,R3_battery,313,2C charge and 1C discharge [test capacity],measured_RPT,1.9,False,time_reset_or_nonmonotonic_voltage,False,True,1.996
Batch-4/R3_battery-2,Batch-4,R3_battery,319,2C charge and 1C discharge [test capacity],measured_RPT,1.901,False,time_reset_or_nonmonotonic_voltage,False,True,1.996
Batch-4/R3_battery-2,Batch-4,R3_battery,325,2C charge and 1C discharge [test capacity],measured_RPT,1.897,False,time_reset_or_nonmonotonic_voltage,False,True,1.996
Batch-4/R3_battery-2,Batch-4,R3_battery,331,2C charge and 1C discharge [test capacity],measured_RPT,1.898,False,time_reset_or_nonmonotonic_voltage,False,True,1.996
Batch-4/R3_battery-2,Batch-4,R3_battery,337,2C charge and 1C discharge [test capacity],measured_RPT,1.896,True,ok,False,True,1.996
Batch-4/R3_battery-2,Batch-4,R3_battery,343,2C charge and 1C discharge [test capacity],measured_RPT,1.897,True,ok,False,True,1.996
Batch-4/R3_battery-2,Batch-4,R3_battery,349,2C charge and 1C discharge [test capacity],measured_RPT,1.893,False,time_reset_or_nonmonotonic_voltage,False,True,1.996
Batch-4/R3_battery-2,Batch-4,R3_battery,355,2C charge and 1C discharge [test capacity],measured_RPT,1.891,True,ok,False,True,1.996
Batch-4/R3_battery-2,Batch-4,R3_battery,361,2C charge and 1C discharge [test capacity],measured_RPT,1.889,False,time_reset_or_nonmonotonic_voltage,False,True,1.996
Batch-4/R3_battery-2,Batch-4,R3_battery,367,2C charge and 1C discharge [test capacity],measured_RPT,1.887,False,time_reset_or_nonmonotonic_voltage,False,True,1.996
Batch-4/R3_battery-2,Batch-4,R3_battery,373,2C charge and 1C discharge [test capacity],measured_RPT,1.889,False,time_reset_or_nonmonotonic_voltage,False,True,1.996
Batch-4/R3_battery-2,Batch-4,R3_battery,379,2C charge and 1C discharge [test capacity],measured_RPT,1.886,False,time_reset_or_nonmonotonic_voltage,False,True,1.996
Batch-4/R3_battery-2,Batch-4,R3_battery,385,2C charge and 1C discharge [test capacity],measured_RPT,1.886,True,ok,False,True,1.996
Batch-4/R3_battery-2,Batch-4,R3_battery,391,2C charge and 1C discharge [test capacity],measured_RPT,1.885,False,time_reset_or_nonmonotonic_voltage,False,True,1.996
Batch-4/R3_battery-2,Batch-4,R3_battery,397,2C charge and 1C discharge [test capacity],measured_RPT,1.886,False,time_reset_or_nonmonotonic_voltage,False,True,1.996
Batch-4/R3_battery-2,Batch-4,R3_battery,403,2C charge and 1C discharge [test capacity],measured_RPT,1.885,False,time_reset_or_nonmonotonic_voltage,False,True,1.996
Batch-4/R3_battery-2,Batch-4,R3_battery,409,2C charge and 1C discharge [test capacity],measured_RPT,1.882,False,time_reset_or_nonmonotonic_voltage,False,True,1.996
Batch-4/R3_battery-2,Batch-4,R3_battery,415,2C charge and 1C discharge [test capacity],measured_RPT,1.884,False,time_reset_or_nonmonotonic_voltage,False,True,1.996
Batch-4/R3_battery-2,Batch-4,R3_battery,421,2C charge and 1C discharge [test capacity],measured_RPT,1.88,False,time_reset_or_nonmonotonic_voltage,False,True,1.996
Batch-4/R3_battery-2,Batch-4,R3_battery,427,2C charge and 1C discharge [test capacity],measured_RPT,1.88,True,ok,False,True,1.996
Batch-4/R3_battery-2,Batch-4,R3_battery,433,2C charge and 1C discharge [test capacity],measured_RPT,1.878,True,ok,False,True,1.996
Batch-4/R3_battery-2,Batch-4,R3_battery,439,2C charge and 1C discharge [test capacity],measured_RPT,1.879,False,time_reset_or_nonmonotonic_voltage,False,True,1.996
Batch-4/R3_battery-2,Batch-4,R3_battery,445,2C charge and 1C discharge [test capacity],measured_RPT,1.876,False,time_reset_or_nonmonotonic_voltage,False,True,1.996
Batch-4/R3_battery-2,Batch-4,R3_battery,451,2C charge and 1C discharge [test capacity],measured_RPT,1.877,False,time_reset_or_nonmonotonic_voltage,False,True,1.996
Batch-4/R3_battery-2,Batch-4,R3_battery,457,2C charge and 1C discharge [test capacity],measured_RPT,1.874,False,time_reset_or_nonmonotonic_voltage,False,True,1.996
Batch-4/R3_battery-2,Batch-4,R3_battery,463,2C charge and 1C discharge [test capacity],measured_RPT,1.872,False,time_reset_or_nonmonotonic_voltage,False,True,1.996
Batch-4/R3_battery-2,Batch-4,R3_battery,469,2C charge and 1C discharge [test capacity],measured_RPT,1.871,False,time_reset_or_nonmonotonic_voltage,False,True,1.996
Batch-4/R3_battery-2,Batch-4,R3_battery,475,2C charge and 1C discharge [test capacity],measured_RPT,1.868,True,ok,False,True,1.996
Batch-4/R3_battery-2,Batch-4,R3_battery,481,2C charge and 1C discharge [test capacity],measured_RPT,1.869,False,time_reset_or_nonmonotonic_voltage,False,True,1.996
Batch-4/R3_battery-2,Batch-4,R3_battery,487,2C charge and 1C discharge [test capacity],measured_RPT,1.867,True,ok,False,True,1.996
Batch-4/R3_battery-2,Batch-4,R3_battery,493,2C charge and 1C discharge [test capacity],measured_RPT,1.867,False,time_reset_or_nonmonotonic_voltage,False,True,1.996
Batch-4/R3_battery-2,Batch-4,R3_battery,499,2C charge and 1C discharge [test capacity],measured_RPT,1.864,False,time_reset_or_nonmonotonic_voltage,False,True,1.996
Batch-4/R3_battery-2,Batch-4,R3_battery,505,2C charge and 1C discharge [test capacity],measured_RPT,1.862,False,time_reset_or_nonmonotonic_voltage,False,True,1.996
Batch-4/R3_battery-2,Batch-4,R3_battery,511,2C charge and 1C discharge [test capacity],measured_RPT,1.86,False,time_reset_or_nonmonotonic_voltage,False,True,1.996
Batch-4/R3_battery-2,Batch-4,R3_battery,517,2C charge and 1C discharge [test capacity],measured_RPT,1.856,False,time_reset_or_nonmonotonic_voltage,False,True,1.996
Batch-4/R3_battery-2,Batch-4,R3_battery,523,2C charge and 1C discharge [test capacity],measured_RPT,1.855,False,time_reset_or_nonmonotonic_voltage,False,True,1.996
Batch-4/R3_battery-2,Batch-4,R3_battery,529,2C charge and 1C discharge [test capacity],measured_RPT,1.851,False,time_reset_or_nonmonotonic_voltage,False,True,1.996
Batch-4/R3_battery-2,Batch-4,R3_battery,535,2C charge and 1C discharge [test capacity],measured_RPT,1.848,False,time_reset_or_nonmonotonic_voltage,False,True,1.996
Batch-4/R3_battery-2,Batch-4,R3_battery,541,2C charge and 1C discharge [test capacity],measured_RPT,1.843,False,time_reset_or_nonmonotonic_voltage,False,True,1.996
Batch-4/R3_battery-2,Batch-4,R3_battery,547,2C charge and 1C discharge [test capacity],measured_RPT,1.839,False,time_reset_or_nonmonotonic_voltage,False,True,1.996
Batch-4/R3_battery-2,Batch-4,R3_battery,553,2C charge and 1C discharge [test capacity],measured_RPT,1.832,False,time_reset_or_nonmonotonic_voltage,False,True,1.996
Batch-4/R3_battery-2,Batch-4,R3_battery,559,2C charge and 1C discharge [test capacity],measured_RPT,1.824,True,ok,False,True,1.996
Batch-4/R3_battery-2,Batch-4,R3_battery,565,2C charge and 1C discharge [test capacity],measured_RPT,1.815,False,time_reset_or_nonmonotonic_voltage,False,True,1.996
Batch-4/R3_battery-2,Batch-4,R3_battery,571,2C charge and 1C discharge [test capacity],measured_RPT,1.805,False,time_reset_or_nonmonotonic_voltage,False,True,1.996
Batch-4/R3_battery-2,Batch-4,R3_battery,577,2C charge and 1C discharge [test capacity],measured_RPT,1.794,False,time_reset_or_nonmonotonic_voltage,False,True,1.996
Batch-4/R3_battery-2,Batch-4,R3_battery,583,2C charge and 1C discharge [test capacity],measured_RPT,1.781,False,time_reset_or_nonmonotonic_voltage,False,True,1.996
Batch-4/R3_battery-2,Batch-4,R3_battery,589,2C charge and 1C discharge [test capacity],measured_RPT,1.771,False,time_reset_or_nonmonotonic_voltage,False,True,1.996
Batch-4/R3_battery-2,Batch-4,R3_battery,595,2C charge and 1C discharge [test capacity],measured_RPT,1.757,False,time_reset_or_nonmonotonic_voltage,False,True,1.996
Batch-4/R3_battery-2,Batch-4,R3_battery,601,2C charge and 1C discharge [test capacity],measured_RPT,1.748,False,time_reset_or_nonmonotonic_voltage,False,True,1.996
Batch-4/R3_battery-2,Batch-4,R3_battery,607,2C charge and 1C discharge [test capacity],measured_RPT,1.734,False,time_reset_or_nonmonotonic_voltage,False,True,1.996
Batch-4/R3_battery-2,Batch-4,R3_battery,613,2C charge and 1C discharge [test capacity],measured_RPT,1.723,False,time_reset_or_nonmonotonic_voltage,False,True,1.996
Batch-4/R3_battery-2,Batch-4,R3_battery,619,2C charge and 1C discharge [test capacity],measured_RPT,1.711,False,time_reset_or_nonmonotonic_voltage,False,True,1.996
Batch-4/R3_battery-2,Batch-4,R3_battery,625,2C charge and 1C discharge [test capacity],measured_RPT,1.698,False,time_reset_or_nonmonotonic_voltage,False,True,1.996
Batch-4/R3_battery-2,Batch-4,R3_battery,631,2C charge and 1C discharge [test capacity],measured_RPT,1.687,False,time_reset_or_nonmonotonic_voltage,False,True,1.996
Batch-4/R3_battery-2,Batch-4,R3_battery,637,2C charge and 1C discharge [test capacity],measured_RPT,1.674,False,time_reset_or_nonmonotonic_voltage,False,True,1.996
Batch-4/R3_battery-2,Batch-4,R3_battery,643,2C charge and 1C discharge [test capacity],measured_RPT,1.663,False,time_reset_or_nonmonotonic_voltage,False,True,1.996
Batch-4/R3_battery-2,Batch-4,R3_battery,649,2C charge and 1C discharge [test capacity],measured_RPT,1.649,False,time_reset_or_nonmonotonic_voltage,False,True,1.996
Batch-4/R3_battery-2,Batch-4,R3_battery,655,2C charge and 1C discharge [test capacity],measured_RPT,1.637,False,time_reset_or_nonmonotonic_voltage,False,True,1.996
Batch-4/R3_battery-2,Batch-4,R3_battery,661,2C charge and 1C discharge [test capacity],measured_RPT,1.624,False,time_reset_or_nonmonotonic_voltage,False,True,1.996
Batch-4/R3_battery-2,Batch-4,R3_battery,667,2C charge and 1C discharge [test capacity],measured_RPT,1.608,False,time_reset_or_nonmonotonic_voltage,False,True,1.996
Batch-4/R3_battery-2,Batch-4,R3_battery,673,2C charge and 1C discharge [test capacity],measured_RPT,1.599,False,time_reset_or_nonmonotonic_voltage,False,True,1.996
Batch-4/R3_battery-3,Batch-4,R3_battery,1,0.5C charge and 0.2C discharge [test capacity],measured_RPT,2.04,False,time_reset_or_nonmonotonic_voltage,True,False,
Batch-4/R3_battery-3,Batch-4,R3_battery,7,2C charge and 1C discharge [test capacity],measured_RPT,1.908,False,time_reset_or_nonmonotonic_voltage,False,True,2.04
Batch-4/R3_battery-3,Batch-4,R3_battery,13,2C charge and 1C discharge [test capacity],measured_RPT,1.932,False,time_reset_or_nonmonotonic_voltage,False,True,2.04
Batch-4/R3_battery-3,Batch-4,R3_battery,19,2C charge and 1C discharge [test capacity],measured_RPT,1.952,False,time_reset_or_nonmonotonic_voltage,False,True,2.04
Batch-4/R3_battery-3,Batch-4,R3_battery,25,2C charge and 1C discharge [test capacity],measured_RPT,1.966,False,time_reset_or_nonmonotonic_voltage,False,True,2.04
Batch-4/R3_battery-3,Batch-4,R3_battery,31,2C charge and 1C discharge [test capacity],measured_RPT,1.975,False,time_reset_or_nonmonotonic_voltage,False,True,2.04
Batch-4/R3_battery-3,Batch-4,R3_battery,37,2C charge and 1C discharge [test capacity],measured_RPT,1.981,False,time_reset_or_nonmonotonic_voltage,False,True,2.04
Batch-4/R3_battery-3,Batch-4,R3_battery,43,2C charge and 1C discharge [test capacity],measured_RPT,1.986,False,time_reset_or_nonmonotonic_voltage,False,True,2.04
Batch-4/R3_battery-3,Batch-4,R3_battery,49,2C charge and 1C discharge [test capacity],measured_RPT,1.988,False,time_reset_or_nonmonotonic_voltage,False,True,2.04
Batch-4/R3_battery-3,Batch-4,R3_battery,55,2C charge and 1C discharge [test capacity],measured_RPT,1.989,True,ok,False,True,2.04
Batch-4/R3_battery-3,Batch-4,R3_battery,61,2C charge and 1C discharge [test capacity],measured_RPT,1.989,False,time_reset_or_nonmonotonic_voltage,False,True,2.04
Batch-4/R3_battery-3,Batch-4,R3_battery,67,2C charge and 1C discharge [test capacity],measured_RPT,1.991,False,time_reset_or_nonmonotonic_voltage,False,True,2.04
Batch-4/R3_battery-3,Batch-4,R3_battery,73,2C charge and 1C discharge [test capacity],measured_RPT,1.99,False,time_reset_or_nonmonotonic_voltage,False,True,2.04
Batch-4/R3_battery-3,Batch-4,R3_battery,79,2C charge and 1C discharge [test capacity],measured_RPT,1.993,False,time_reset_or_nonmonotonic_voltage,False,True,2.04
Batch-4/R3_battery-3,Batch-4,R3_battery,85,2C charge and 1C discharge [test capacity],measured_RPT,1.99,False,time_reset_or_nonmonotonic_voltage,False,True,2.04
Batch-4/R3_battery-3,Batch-4,R3_battery,91,2C charge and 1C discharge [test capacity],measured_RPT,1.992,False,time_reset_or_nonmonotonic_voltage,False,True,2.04
Batch-4/R3_battery-3,Batch-4,R3_battery,97,2C charge and 1C discharge [test capacity],measured_RPT,1.987,False,time_reset_or_nonmonotonic_voltage,False,True,2.04
Batch-4/R3_battery-3,Batch-4,R3_battery,103,2C charge and 1C discharge [test capacity],measured_RPT,1.987,False,time_reset_or_nonmonotonic_voltage,False,True,2.04
Batch-4/R3_battery-3,Batch-4,R3_battery,109,2C charge and 1C discharge [test capacity],measured_RPT,1.983,False,time_reset_or_nonmonotonic_voltage,False,True,2.04
Batch-4/R3_battery-3,Batch-4,R3_battery,115,2C charge and 1C discharge [test capacity],measured_RPT,1.987,False,time_reset_or_nonmonotonic_voltage,False,True,2.04
Batch-4/R3_battery-3,Batch-4,R3_battery,121,2C charge and 1C discharge [test capacity],measured_RPT,1.984,True,ok,False,True,2.04
Batch-4/R3_battery-3,Batch-4,R3_battery,127,2C charge and 1C discharge [test capacity],measured_RPT,1.984,True,ok,False,True,2.04
Batch-4/R3_battery-3,Batch-4,R3_battery,133,2C charge and 1C discharge [test capacity],measured_RPT,1.985,False,time_reset_or_nonmonotonic_voltage,False,True,2.04
Batch-4/R3_battery-3,Batch-4,R3_battery,139,2C charge and 1C discharge [test capacity],measured_RPT,1.983,False,time_reset_or_nonmonotonic_voltage,False,True,2.04
Batch-4/R3_battery-3,Batch-4,R3_battery,145,2C charge and 1C discharge [test capacity],measured_RPT,1.983,True,ok,False,True,2.04
Batch-4/R3_battery-3,Batch-4,R3_battery,151,2C charge and 1C discharge [test capacity],measured_RPT,1.979,False,time_reset_or_nonmonotonic_voltage,False,True,2.04
Batch-4/R3_battery-3,Batch-4,R3_battery,157,2C charge and 1C discharge [test capacity],measured_RPT,1.981,False,time_reset_or_nonmonotonic_voltage,False,True,2.04
Batch-4/R3_battery-3,Batch-4,R3_battery,163,2C charge and 1C discharge [test capacity],measured_RPT,1.978,False,time_reset_or_nonmonotonic_voltage,False,True,2.04
Batch-4/R3_battery-3,Batch-4,R3_battery,169,2C charge and 1C discharge [test capacity],measured_RPT,1.983,False,time_reset_or_nonmonotonic_voltage,False,True,2.04
Batch-4/R3_battery-3,Batch-4,R3_battery,175,2C charge and 1C discharge [test capacity],measured_RPT,1.98,False,time_reset_or_nonmonotonic_voltage,False,True,2.04
Batch-4/R3_battery-3,Batch-4,R3_battery,181,2C charge and 1C discharge [test capacity],measured_RPT,1.979,False,time_reset_or_nonmonotonic_voltage,False,True,2.04
Batch-4/R3_battery-3,Batch-4,R3_battery,187,2C charge and 1C discharge [test capacity],measured_RPT,1.976,False,time_reset_or_nonmonotonic_voltage,False,True,2.04
Batch-4/R3_battery-3,Batch-4,R3_battery,193,2C charge and 1C discharge [test capacity],measured_RPT,1.973,False,time_reset_or_nonmonotonic_voltage,False,True,2.04
Batch-4/R3_battery-3,Batch-4,R3_battery,199,2C charge and 1C discharge [test capacity],measured_RPT,1.972,False,time_reset_or_nonmonotonic_voltage,False,True,2.04
Batch-4/R3_battery-3,Batch-4,R3_battery,205,2C charge and 1C discharge [test capacity],measured_RPT,1.969,False,time_reset_or_nonmonotonic_voltage,False,True,2.04
Batch-4/R3_battery-3,Batch-4,R3_battery,211,2C charge and 1C discharge [test capacity],measured_RPT,1.968,False,time_reset_or_nonmonotonic_voltage,False,True,2.04
Batch-4/R3_battery-3,Batch-4,R3_battery,217,2C charge and 1C discharge [test capacity],measured_RPT,1.965,False,time_reset_or_nonmonotonic_voltage,False,True,2.04
Batch-4/R3_battery-3,Batch-4,R3_battery,223,2C charge and 1C discharge [test capacity],measured_RPT,1.962,True,ok,False,True,2.04
Batch-4/R3_battery-3,Batch-4,R3_battery,229,2C charge and 1C discharge [test capacity],measured_RPT,1.958,False,time_reset_or_nonmonotonic_voltage,False,True,2.04
Batch-4/R3_battery-3,Batch-4,R3_battery,235,2C charge and 1C discharge [test capacity],measured_RPT,1.953,False,time_reset_or_nonmonotonic_voltage,False,True,2.04
Batch-4/R3_battery-3,Batch-4,R3_battery,241,2C charge and 1C discharge [test capacity],measured_RPT,1.947,False,time_reset_or_nonmonotonic_voltage,False,True,2.04
Batch-4/R3_battery-3,Batch-4,R3_battery,247,2C charge and 1C discharge [test capacity],measured_RPT,1.94,False,time_reset_or_nonmonotonic_voltage,False,True,2.04
Batch-4/R3_battery-3,Batch-4,R3_battery,253,2C charge and 1C discharge [test capacity],measured_RPT,1.933,False,time_reset_or_nonmonotonic_voltage,False,True,2.04
Batch-4/R3_battery-3,Batch-4,R3_battery,259,2C charge and 1C discharge [test capacity],measured_RPT,1.929,False,time_reset_or_nonmonotonic_voltage,False,True,2.04
Batch-4/R3_battery-3,Batch-4,R3_battery,265,2C charge and 1C discharge [test capacity],measured_RPT,1.927,False,time_reset_or_nonmonotonic_voltage,False,True,2.04
Batch-4/R3_battery-3,Batch-4,R3_battery,271,2C charge and 1C discharge [test capacity],measured_RPT,1.922,False,time_reset_or_nonmonotonic_voltage,False,True,2.04
Batch-4/R3_battery-3,Batch-4,R3_battery,277,2C charge and 1C discharge [test capacity],measured_RPT,1.92,False,time_reset_or_nonmonotonic_voltage,False,True,2.04
Batch-4/R3_battery-3,Batch-4,R3_battery,283,2C charge and 1C discharge [test capacity],measured_RPT,1.916,True,ok,False,True,2.04
Batch-4/R3_battery-3,Batch-4,R3_battery,289,2C charge and 1C discharge [test capacity],measured_RPT,1.914,False,time_reset_or_nonmonotonic_voltage,False,True,2.04
Batch-4/R3_battery-3,Batch-4,R3_battery,295,2C charge and 1C discharge [test capacity],measured_RPT,1.911,False,time_reset_or_nonmonotonic_voltage,False,True,2.04
Batch-4/R3_battery-3,Batch-4,R3_battery,301,2C charge and 1C discharge [test capacity],measured_RPT,1.91,False,time_reset_or_nonmonotonic_voltage,False,True,2.04
Batch-4/R3_battery-3,Batch-4,R3_battery,307,2C charge and 1C discharge [test capacity],measured_RPT,1.906,False,time_reset_or_nonmonotonic_voltage,False,True,2.04
Batch-4/R3_battery-3,Batch-4,R3_battery,313,2C charge and 1C discharge [test capacity],measured_RPT,1.907,False,time_reset_or_nonmonotonic_voltage,False,True,2.04
Batch-4/R3_battery-3,Batch-4,R3_battery,319,2C charge and 1C discharge [test capacity],measured_RPT,1.902,False,time_reset_or_nonmonotonic_voltage,False,True,2.04
Batch-4/R3_battery-3,Batch-4,R3_battery,325,2C charge and 1C discharge [test capacity],measured_RPT,1.899,False,time_reset_or_nonmonotonic_voltage,False,True,2.04
Batch-4/R3_battery-3,Batch-4,R3_battery,331,2C charge and 1C discharge [test capacity],measured_RPT,1.899,True,ok,False,True,2.04
Batch-4/R3_battery-3,Batch-4,R3_battery,337,2C charge and 1C discharge [test capacity],measured_RPT,1.897,False,time_reset_or_nonmonotonic_voltage,False,True,2.04
Batch-4/R3_battery-3,Batch-4,R3_battery,343,2C charge and 1C discharge [test capacity],measured_RPT,1.897,False,time_reset_or_nonmonotonic_voltage,False,True,2.04
Batch-4/R3_battery-3,Batch-4,R3_battery,349,2C charge and 1C discharge [test capacity],measured_RPT,1.894,False,time_reset_or_nonmonotonic_voltage,False,True,2.04
Batch-4/R3_battery-3,Batch-4,R3_battery,355,2C charge and 1C discharge [test capacity],measured_RPT,1.893,False,time_reset_or_nonmonotonic_voltage,False,True,2.04
Batch-4/R3_battery-3,Batch-4,R3_battery,361,2C charge and 1C discharge [test capacity],measured_RPT,1.892,False,time_reset_or_nonmonotonic_voltage,False,True,2.04
Batch-4/R3_battery-3,Batch-4,R3_battery,367,2C charge and 1C discharge [test capacity],measured_RPT,1.891,False,time_reset_or_nonmonotonic_voltage,False,True,2.04
Batch-4/R3_battery-3,Batch-4,R3_battery,373,2C charge and 1C discharge [test capacity],measured_RPT,1.891,False,time_reset_or_nonmonotonic_voltage,False,True,2.04
Batch-4/R3_battery-3,Batch-4,R3_battery,379,2C charge and 1C discharge [test capacity],measured_RPT,1.891,False,time_reset_or_nonmonotonic_voltage,False,True,2.04
Batch-4/R3_battery-3,Batch-4,R3_battery,385,2C charge and 1C discharge [test capacity],measured_RPT,1.888,False,time_reset_or_nonmonotonic_voltage,False,True,2.04
Batch-4/R3_battery-3,Batch-4,R3_battery,391,2C charge and 1C discharge [test capacity],measured_RPT,1.888,False,time_reset_or_nonmonotonic_voltage,False,True,2.04
Batch-4/R3_battery-3,Batch-4,R3_battery,397,2C charge and 1C discharge [test capacity],measured_RPT,1.889,False,time_reset_or_nonmonotonic_voltage,False,True,2.04
Batch-4/R3_battery-3,Batch-4,R3_battery,403,2C charge and 1C discharge [test capacity],measured_RPT,1.885,False,time_reset_or_nonmonotonic_voltage,False,True,2.04
Batch-4/R3_battery-3,Batch-4,R3_battery,409,2C charge and 1C discharge [test capacity],measured_RPT,1.888,False,time_reset_or_nonmonotonic_voltage,False,True,2.04
Batch-4/R3_battery-3,Batch-4,R3_battery,415,2C charge and 1C discharge [test capacity],measured_RPT,1.884,False,time_reset_or_nonmonotonic_voltage,False,True,2.04
Batch-4/R3_battery-3,Batch-4,R3_battery,421,2C charge and 1C discharge [test capacity],measured_RPT,1.886,False,time_reset_or_nonmonotonic_voltage,False,True,2.04
Batch-4/R3_battery-3,Batch-4,R3_battery,427,2C charge and 1C discharge [test capacity],measured_RPT,1.882,False,time_reset_or_nonmonotonic_voltage,False,True,2.04
Batch-4/R3_battery-3,Batch-4,R3_battery,433,2C charge and 1C discharge [test capacity],measured_RPT,1.882,True,ok,False,True,2.04
Batch-4/R3_battery-3,Batch-4,R3_battery,439,2C charge and 1C discharge [test capacity],measured_RPT,1.879,False,time_reset_or_nonmonotonic_voltage,False,True,2.04
Batch-4/R3_battery-3,Batch-4,R3_battery,445,2C charge and 1C discharge [test capacity],measured_RPT,1.877,False,time_reset_or_nonmonotonic_voltage,False,True,2.04
Batch-4/R3_battery-3,Batch-4,R3_battery,451,2C charge and 1C discharge [test capacity],measured_RPT,1.875,False,time_reset_or_nonmonotonic_voltage,False,True,2.04
Batch-4/R3_battery-3,Batch-4,R3_battery,457,2C charge and 1C discharge [test capacity],measured_RPT,1.871,False,time_reset_or_nonmonotonic_voltage,False,True,2.04
Batch-4/R3_battery-3,Batch-4,R3_battery,463,2C charge and 1C discharge [test capacity],measured_RPT,1.872,False,time_reset_or_nonmonotonic_voltage,False,True,2.04
Batch-4/R3_battery-3,Batch-4,R3_battery,469,2C charge and 1C discharge [test capacity],measured_RPT,1.868,False,time_reset_or_nonmonotonic_voltage,False,True,2.04
Batch-4/R3_battery-3,Batch-4,R3_battery,475,2C charge and 1C discharge [test capacity],measured_RPT,1.869,False,time_reset_or_nonmonotonic_voltage,False,True,2.04
Batch-4/R3_battery-3,Batch-4,R3_battery,481,2C charge and 1C discharge [test capacity],measured_RPT,1.866,False,time_reset_or_nonmonotonic_voltage,False,True,2.04
Batch-4/R3_battery-3,Batch-4,R3_battery,487,2C charge and 1C discharge [test capacity],measured_RPT,1.865,False,time_reset_or_nonmonotonic_voltage,False,True,2.04
Batch-4/R3_battery-3,Batch-4,R3_battery,493,2C charge and 1C discharge [test capacity],measured_RPT,1.86,False,time_reset_or_nonmonotonic_voltage,False,True,2.04
Batch-4/R3_battery-3,Batch-4,R3_battery,499,2C charge and 1C discharge [test capacity],measured_RPT,1.857,False,time_reset_or_nonmonotonic_voltage,False,True,2.04
Batch-4/R3_battery-3,Batch-4,R3_battery,505,2C charge and 1C discharge [test capacity],measured_RPT,1.854,False,time_reset_or_nonmonotonic_voltage,False,True,2.04
Batch-4/R3_battery-3,Batch-4,R3_battery,511,2C charge and 1C discharge [test capacity],measured_RPT,1.849,False,time_reset_or_nonmonotonic_voltage,False,True,2.04
Batch-4/R3_battery-3,Batch-4,R3_battery,517,2C charge and 1C discharge [test capacity],measured_RPT,1.846,False,time_reset_or_nonmonotonic_voltage,False,True,2.04
Batch-4/R3_battery-3,Batch-4,R3_battery,523,2C charge and 1C discharge [test capacity],measured_RPT,1.839,False,time_reset_or_nonmonotonic_voltage,False,True,2.04
Batch-4/R3_battery-3,Batch-4,R3_battery,529,2C charge and 1C discharge [test capacity],measured_RPT,1.834,False,time_reset_or_nonmonotonic_voltage,False,True,2.04
Batch-4/R3_battery-3,Batch-4,R3_battery,535,2C charge and 1C discharge [test capacity],measured_RPT,1.824,False,time_reset_or_nonmonotonic_voltage,False,True,2.04
Batch-4/R3_battery-3,Batch-4,R3_battery,541,2C charge and 1C discharge [test capacity],measured_RPT,1.817,True,ok,False,True,2.04
Batch-4/R3_battery-3,Batch-4,R3_battery,547,2C charge and 1C discharge [test capacity],measured_RPT,1.805,False,time_reset_or_nonmonotonic_voltage,False,True,2.04
Batch-4/R3_battery-3,Batch-4,R3_battery,553,2C charge and 1C discharge [test capacity],measured_RPT,1.795,False,time_reset_or_nonmonotonic_voltage,False,True,2.04
Batch-4/R3_battery-3,Batch-4,R3_battery,559,2C charge and 1C discharge [test capacity],measured_RPT,1.784,False,time_reset_or_nonmonotonic_voltage,False,True,2.04
Batch-4/R3_battery-3,Batch-4,R3_battery,565,2C charge and 1C discharge [test capacity],measured_RPT,1.773,False,time_reset_or_nonmonotonic_voltage,False,True,2.04
Batch-4/R3_battery-3,Batch-4,R3_battery,571,2C charge and 1C discharge [test capacity],measured_RPT,1.764,False,time_reset_or_nonmonotonic_voltage,False,True,2.04
Batch-4/R3_battery-3,Batch-4,R3_battery,577,2C charge and 1C discharge [test capacity],measured_RPT,1.753,False,time_reset_or_nonmonotonic_voltage,False,True,2.04
Batch-4/R3_battery-3,Batch-4,R3_battery,583,2C charge and 1C discharge [test capacity],measured_RPT,1.745,False,time_reset_or_nonmonotonic_voltage,False,True,2.04
Batch-4/R3_battery-3,Batch-4,R3_battery,589,2C charge and 1C discharge [test capacity],measured_RPT,1.733,False,time_reset_or_nonmonotonic_voltage,False,True,2.04
Batch-4/R3_battery-3,Batch-4,R3_battery,595,2C charge and 1C discharge [test capacity],measured_RPT,1.729,False,time_reset_or_nonmonotonic_voltage,False,True,2.04
Batch-4/R3_battery-3,Batch-4,R3_battery,601,2C charge and 1C discharge [test capacity],measured_RPT,1.716,False,time_reset_or_nonmonotonic_voltage,False,True,2.04
Batch-4/R3_battery-3,Batch-4,R3_battery,607,2C charge and 1C discharge [test capacity],measured_RPT,1.709,False,time_reset_or_nonmonotonic_voltage,False,True,2.04
Batch-4/R3_battery-3,Batch-4,R3_battery,613,2C charge and 1C discharge [test capacity],measured_RPT,1.698,False,time_reset_or_nonmonotonic_voltage,False,True,2.04
Batch-4/R3_battery-3,Batch-4,R3_battery,619,2C charge and 1C discharge [test capacity],measured_RPT,1.689,False,time_reset_or_nonmonotonic_voltage,False,True,2.04
Batch-4/R3_battery-3,Batch-4,R3_battery,625,2C charge and 1C discharge [test capacity],measured_RPT,1.678,False,time_reset_or_nonmonotonic_voltage,False,True,2.04
Batch-4/R3_battery-3,Batch-4,R3_battery,631,2C charge and 1C discharge [test capacity],measured_RPT,1.666,False,time_reset_or_nonmonotonic_voltage,False,True,2.04
Batch-4/R3_battery-3,Batch-4,R3_battery,637,2C charge and 1C discharge [test capacity],measured_RPT,1.657,False,time_reset_or_nonmonotonic_voltage,False,True,2.04
Batch-4/R3_battery-3,Batch-4,R3_battery,643,2C charge and 1C discharge [test capacity],measured_RPT,1.645,False,time_reset_or_nonmonotonic_voltage,False,True,2.04
Batch-4/R3_battery-3,Batch-4,R3_battery,649,2C charge and 1C discharge [test capacity],measured_RPT,1.635,False,time_reset_or_nonmonotonic_voltage,False,True,2.04
Batch-4/R3_battery-3,Batch-4,R3_battery,655,2C charge and 1C discharge [test capacity],measured_RPT,1.624,False,time_reset_or_nonmonotonic_voltage,False,True,2.04
Batch-4/R3_battery-3,Batch-4,R3_battery,661,2C charge and 1C discharge [test capacity],measured_RPT,1.613,False,time_reset_or_nonmonotonic_voltage,False,True,2.04
Batch-4/R3_battery-3,Batch-4,R3_battery,667,2C charge and 1C discharge [test capacity],measured_RPT,1.604,False,time_reset_or_nonmonotonic_voltage,False,True,2.04
Batch-4/R3_battery-3,Batch-4,R3_battery,673,2C charge and 1C discharge [test capacity],measured_RPT,1.593,True,ok,False,True,2.04
Batch-4/R3_battery-4,Batch-4,R3_battery,1,0.5C charge and 0.2C discharge [test capacity],measured_RPT,2.077,False,time_reset_or_nonmonotonic_voltage,True,False,
Batch-4/R3_battery-4,Batch-4,R3_battery,7,2C charge and 1C discharge [test capacity],measured_RPT,1.909,False,time_reset_or_nonmonotonic_voltage,False,True,2.077
Batch-4/R3_battery-4,Batch-4,R3_battery,13,2C charge and 1C discharge [test capacity],measured_RPT,1.933,False,time_reset_or_nonmonotonic_voltage,False,True,2.077
Batch-4/R3_battery-4,Batch-4,R3_battery,19,2C charge and 1C discharge [test capacity],measured_RPT,1.951,True,ok,False,True,2.077
Batch-4/R3_battery-4,Batch-4,R3_battery,25,2C charge and 1C discharge [test capacity],measured_RPT,1.966,False,time_reset_or_nonmonotonic_voltage,False,True,2.077
Batch-4/R3_battery-4,Batch-4,R3_battery,31,2C charge and 1C discharge [test capacity],measured_RPT,1.975,False,time_reset_or_nonmonotonic_voltage,False,True,2.077
Batch-4/R3_battery-4,Batch-4,R3_battery,37,2C charge and 1C discharge [test capacity],measured_RPT,1.981,True,ok,False,True,2.077
Batch-4/R3_battery-4,Batch-4,R3_battery,43,2C charge and 1C discharge [test capacity],measured_RPT,1.987,False,time_reset_or_nonmonotonic_voltage,False,True,2.077
Batch-4/R3_battery-4,Batch-4,R3_battery,49,2C charge and 1C discharge [test capacity],measured_RPT,1.987,False,time_reset_or_nonmonotonic_voltage,False,True,2.077
Batch-4/R3_battery-4,Batch-4,R3_battery,55,2C charge and 1C discharge [test capacity],measured_RPT,1.989,False,time_reset_or_nonmonotonic_voltage,False,True,2.077
Batch-4/R3_battery-4,Batch-4,R3_battery,61,2C charge and 1C discharge [test capacity],measured_RPT,1.991,False,time_reset_or_nonmonotonic_voltage,False,True,2.077
Batch-4/R3_battery-4,Batch-4,R3_battery,67,2C charge and 1C discharge [test capacity],measured_RPT,1.991,False,time_reset_or_nonmonotonic_voltage,False,True,2.077
Batch-4/R3_battery-4,Batch-4,R3_battery,73,2C charge and 1C discharge [test capacity],measured_RPT,1.99,False,time_reset_or_nonmonotonic_voltage,False,True,2.077
Batch-4/R3_battery-4,Batch-4,R3_battery,79,2C charge and 1C discharge [test capacity],measured_RPT,1.992,False,time_reset_or_nonmonotonic_voltage,False,True,2.077
Batch-4/R3_battery-4,Batch-4,R3_battery,85,2C charge and 1C discharge [test capacity],measured_RPT,1.991,False,time_reset_or_nonmonotonic_voltage,False,True,2.077
Batch-4/R3_battery-4,Batch-4,R3_battery,91,2C charge and 1C discharge [test capacity],measured_RPT,1.992,False,time_reset_or_nonmonotonic_voltage,False,True,2.077
Batch-4/R3_battery-4,Batch-4,R3_battery,97,2C charge and 1C discharge [test capacity],measured_RPT,1.987,False,time_reset_or_nonmonotonic_voltage,False,True,2.077
Batch-4/R3_battery-4,Batch-4,R3_battery,103,2C charge and 1C discharge [test capacity],measured_RPT,1.989,True,ok,False,True,2.077
Batch-4/R3_battery-4,Batch-4,R3_battery,109,2C charge and 1C discharge [test capacity],measured_RPT,1.983,False,time_reset_or_nonmonotonic_voltage,False,True,2.077
Batch-4/R3_battery-4,Batch-4,R3_battery,115,2C charge and 1C discharge [test capacity],measured_RPT,1.987,False,time_reset_or_nonmonotonic_voltage,False,True,2.077
Batch-4/R3_battery-4,Batch-4,R3_battery,121,2C charge and 1C discharge [test capacity],measured_RPT,1.984,True,ok,False,True,2.077
Batch-4/R3_battery-4,Batch-4,R3_battery,127,2C charge and 1C discharge [test capacity],measured_RPT,1.987,True,ok,False,True,2.077
Batch-4/R3_battery-4,Batch-4,R3_battery,133,2C charge and 1C discharge [test capacity],measured_RPT,1.986,True,ok,False,True,2.077
Batch-4/R3_battery-4,Batch-4,R3_battery,139,2C charge and 1C discharge [test capacity],measured_RPT,1.985,False,time_reset_or_nonmonotonic_voltage,False,True,2.077
Batch-4/R3_battery-4,Batch-4,R3_battery,145,2C charge and 1C discharge [test capacity],measured_RPT,1.985,False,time_reset_or_nonmonotonic_voltage,False,True,2.077
Batch-4/R3_battery-4,Batch-4,R3_battery,151,2C charge and 1C discharge [test capacity],measured_RPT,1.983,True,ok,False,True,2.077
Batch-4/R3_battery-4,Batch-4,R3_battery,157,2C charge and 1C discharge [test capacity],measured_RPT,1.983,False,time_reset_or_nonmonotonic_voltage,False,True,2.077
Batch-4/R3_battery-4,Batch-4,R3_battery,163,2C charge and 1C discharge [test capacity],measured_RPT,1.981,False,time_reset_or_nonmonotonic_voltage,False,True,2.077
Batch-4/R3_battery-4,Batch-4,R3_battery,169,2C charge and 1C discharge [test capacity],measured_RPT,1.986,False,time_reset_or_nonmonotonic_voltage,False,True,2.077
Batch-4/R3_battery-4,Batch-4,R3_battery,175,2C charge and 1C discharge [test capacity],measured_RPT,1.984,False,time_reset_or_nonmonotonic_voltage,False,True,2.077
Batch-4/R3_battery-4,Batch-4,R3_battery,181,2C charge and 1C discharge [test capacity],measured_RPT,1.983,False,time_reset_or_nonmonotonic_voltage,False,True,2.077
Batch-4/R3_battery-4,Batch-4,R3_battery,187,2C charge and 1C discharge [test capacity],measured_RPT,1.979,False,time_reset_or_nonmonotonic_voltage,False,True,2.077
Batch-4/R3_battery-4,Batch-4,R3_battery,193,2C charge and 1C discharge [test capacity],measured_RPT,1.978,False,time_reset_or_nonmonotonic_voltage,False,True,2.077
Batch-4/R3_battery-4,Batch-4,R3_battery,199,2C charge and 1C discharge [test capacity],measured_RPT,1.975,False,time_reset_or_nonmonotonic_voltage,False,True,2.077
Batch-4/R3_battery-4,Batch-4,R3_battery,205,2C charge and 1C discharge [test capacity],measured_RPT,1.974,False,time_reset_or_nonmonotonic_voltage,False,True,2.077
Batch-4/R3_battery-4,Batch-4,R3_battery,211,2C charge and 1C discharge [test capacity],measured_RPT,1.972,True,ok,False,True,2.077
Batch-4/R3_battery-4,Batch-4,R3_battery,217,2C charge and 1C discharge [test capacity],measured_RPT,1.968,False,time_reset_or_nonmonotonic_voltage,False,True,2.077
Batch-4/R3_battery-4,Batch-4,R3_battery,223,2C charge and 1C discharge [test capacity],measured_RPT,1.965,False,time_reset_or_nonmonotonic_voltage,False,True,2.077
Batch-4/R3_battery-4,Batch-4,R3_battery,229,2C charge and 1C discharge [test capacity],measured_RPT,1.961,False,time_reset_or_nonmonotonic_voltage,False,True,2.077
Batch-4/R3_battery-4,Batch-4,R3_battery,235,2C charge and 1C discharge [test capacity],measured_RPT,1.956,False,time_reset_or_nonmonotonic_voltage,False,True,2.077
Batch-4/R3_battery-4,Batch-4,R3_battery,241,2C charge and 1C discharge [test capacity],measured_RPT,1.95,False,time_reset_or_nonmonotonic_voltage,False,True,2.077
Batch-4/R3_battery-4,Batch-4,R3_battery,247,2C charge and 1C discharge [test capacity],measured_RPT,1.942,False,time_reset_or_nonmonotonic_voltage,False,True,2.077
Batch-4/R3_battery-4,Batch-4,R3_battery,253,2C charge and 1C discharge [test capacity],measured_RPT,1.935,False,time_reset_or_nonmonotonic_voltage,False,True,2.077
Batch-4/R3_battery-4,Batch-4,R3_battery,259,2C charge and 1C discharge [test capacity],measured_RPT,1.932,False,time_reset_or_nonmonotonic_voltage,False,True,2.077
Batch-4/R3_battery-4,Batch-4,R3_battery,265,2C charge and 1C discharge [test capacity],measured_RPT,1.929,False,time_reset_or_nonmonotonic_voltage,False,True,2.077
Batch-4/R3_battery-4,Batch-4,R3_battery,271,2C charge and 1C discharge [test capacity],measured_RPT,1.924,False,time_reset_or_nonmonotonic_voltage,False,True,2.077
Batch-4/R3_battery-4,Batch-4,R3_battery,277,2C charge and 1C discharge [test capacity],measured_RPT,1.921,False,time_reset_or_nonmonotonic_voltage,False,True,2.077
Batch-4/R3_battery-4,Batch-4,R3_battery,283,2C charge and 1C discharge [test capacity],measured_RPT,1.919,False,time_reset_or_nonmonotonic_voltage,False,True,2.077
Batch-4/R3_battery-4,Batch-4,R3_battery,289,2C charge and 1C discharge [test capacity],measured_RPT,1.918,False,time_reset_or_nonmonotonic_voltage,False,True,2.077
Batch-4/R3_battery-4,Batch-4,R3_battery,295,2C charge and 1C discharge [test capacity],measured_RPT,1.915,False,time_reset_or_nonmonotonic_voltage,False,True,2.077
Batch-4/R3_battery-4,Batch-4,R3_battery,301,2C charge and 1C discharge [test capacity],measured_RPT,1.913,True,ok,False,True,2.077
Batch-4/R3_battery-4,Batch-4,R3_battery,307,2C charge and 1C discharge [test capacity],measured_RPT,1.906,False,time_reset_or_nonmonotonic_voltage,False,True,2.077
Batch-4/R3_battery-4,Batch-4,R3_battery,313,2C charge and 1C discharge [test capacity],measured_RPT,1.908,True,ok,False,True,2.077
Batch-4/R3_battery-4,Batch-4,R3_battery,319,2C charge and 1C discharge [test capacity],measured_RPT,1.903,False,time_reset_or_nonmonotonic_voltage,False,True,2.077
Batch-4/R3_battery-4,Batch-4,R3_battery,325,2C charge and 1C discharge [test capacity],measured_RPT,1.905,False,time_reset_or_nonmonotonic_voltage,False,True,2.077
Batch-4/R3_battery-4,Batch-4,R3_battery,331,2C charge and 1C discharge [test capacity],measured_RPT,1.902,False,time_reset_or_nonmonotonic_voltage,False,True,2.077
Batch-4/R3_battery-4,Batch-4,R3_battery,337,2C charge and 1C discharge [test capacity],measured_RPT,1.902,False,time_reset_or_nonmonotonic_voltage,False,True,2.077
Batch-4/R3_battery-4,Batch-4,R3_battery,343,2C charge and 1C discharge [test capacity],measured_RPT,1.899,False,time_reset_or_nonmonotonic_voltage,False,True,2.077
Batch-4/R3_battery-4,Batch-4,R3_battery,349,2C charge and 1C discharge [test capacity],measured_RPT,1.898,False,time_reset_or_nonmonotonic_voltage,False,True,2.077
Batch-4/R3_battery-4,Batch-4,R3_battery,355,2C charge and 1C discharge [test capacity],measured_RPT,1.898,False,time_reset_or_nonmonotonic_voltage,False,True,2.077
Batch-4/R3_battery-4,Batch-4,R3_battery,361,2C charge and 1C discharge [test capacity],measured_RPT,1.895,False,time_reset_or_nonmonotonic_voltage,False,True,2.077
Batch-4/R3_battery-4,Batch-4,R3_battery,367,2C charge and 1C discharge [test capacity],measured_RPT,1.897,False,time_reset_or_nonmonotonic_voltage,False,True,2.077
Batch-4/R3_battery-4,Batch-4,R3_battery,373,2C charge and 1C discharge [test capacity],measured_RPT,1.894,False,time_reset_or_nonmonotonic_voltage,False,True,2.077
Batch-4/R3_battery-4,Batch-4,R3_battery,379,2C charge and 1C discharge [test capacity],measured_RPT,1.893,False,time_reset_or_nonmonotonic_voltage,False,True,2.077
Batch-4/R3_battery-4,Batch-4,R3_battery,385,2C charge and 1C discharge [test capacity],measured_RPT,1.891,False,time_reset_or_nonmonotonic_voltage,False,True,2.077
Batch-4/R3_battery-4,Batch-4,R3_battery,391,2C charge and 1C discharge [test capacity],measured_RPT,1.894,True,ok,False,True,2.077
Batch-4/R3_battery-4,Batch-4,R3_battery,397,2C charge and 1C discharge [test capacity],measured_RPT,1.892,False,time_reset_or_nonmonotonic_voltage,False,True,2.077
Batch-4/R3_battery-4,Batch-4,R3_battery,403,2C charge and 1C discharge [test capacity],measured_RPT,1.894,False,time_reset_or_nonmonotonic_voltage,False,True,2.077
Batch-4/R3_battery-4,Batch-4,R3_battery,409,2C charge and 1C discharge [test capacity],measured_RPT,1.891,False,time_reset_or_nonmonotonic_voltage,False,True,2.077
Batch-4/R3_battery-4,Batch-4,R3_battery,415,2C charge and 1C discharge [test capacity],measured_RPT,1.891,False,time_reset_or_nonmonotonic_voltage,False,True,2.077
Batch-4/R3_battery-4,Batch-4,R3_battery,421,2C charge and 1C discharge [test capacity],measured_RPT,1.889,False,time_reset_or_nonmonotonic_voltage,False,True,2.077
Batch-4/R3_battery-4,Batch-4,R3_battery,427,2C charge and 1C discharge [test capacity],measured_RPT,1.888,False,time_reset_or_nonmonotonic_voltage,False,True,2.077
Batch-4/R3_battery-4,Batch-4,R3_battery,433,2C charge and 1C discharge [test capacity],measured_RPT,1.886,False,time_reset_or_nonmonotonic_voltage,False,True,2.077
Batch-4/R3_battery-4,Batch-4,R3_battery,439,2C charge and 1C discharge [test capacity],measured_RPT,1.884,False,time_reset_or_nonmonotonic_voltage,False,True,2.077
Batch-4/R3_battery-4,Batch-4,R3_battery,445,2C charge and 1C discharge [test capacity],measured_RPT,1.884,False,time_reset_or_nonmonotonic_voltage,False,True,2.077
Batch-4/R3_battery-4,Batch-4,R3_battery,451,2C charge and 1C discharge [test capacity],measured_RPT,1.881,False,time_reset_or_nonmonotonic_voltage,False,True,2.077
Batch-4/R3_battery-4,Batch-4,R3_battery,457,2C charge and 1C discharge [test capacity],measured_RPT,1.883,False,time_reset_or_nonmonotonic_voltage,False,True,2.077
Batch-4/R3_battery-4,Batch-4,R3_battery,463,2C charge and 1C discharge [test capacity],measured_RPT,1.879,False,time_reset_or_nonmonotonic_voltage,False,True,2.077
Batch-4/R3_battery-4,Batch-4,R3_battery,469,2C charge and 1C discharge [test capacity],measured_RPT,1.88,False,time_reset_or_nonmonotonic_voltage,False,True,2.077
Batch-4/R3_battery-4,Batch-4,R3_battery,475,2C charge and 1C discharge [test capacity],measured_RPT,1.879,False,time_reset_or_nonmonotonic_voltage,False,True,2.077
Batch-4/R3_battery-4,Batch-4,R3_battery,481,2C charge and 1C discharge [test capacity],measured_RPT,1.879,False,time_reset_or_nonmonotonic_voltage,False,True,2.077
Batch-4/R3_battery-4,Batch-4,R3_battery,487,2C charge and 1C discharge [test capacity],measured_RPT,1.876,False,time_reset_or_nonmonotonic_voltage,False,True,2.077
Batch-4/R3_battery-4,Batch-4,R3_battery,493,2C charge and 1C discharge [test capacity],measured_RPT,1.874,False,time_reset_or_nonmonotonic_voltage,False,True,2.077
Batch-4/R3_battery-4,Batch-4,R3_battery,499,2C charge and 1C discharge [test capacity],measured_RPT,1.873,False,time_reset_or_nonmonotonic_voltage,False,True,2.077
Batch-4/R3_battery-4,Batch-4,R3_battery,505,2C charge and 1C discharge [test capacity],measured_RPT,1.872,False,time_reset_or_nonmonotonic_voltage,False,True,2.077
Batch-4/R3_battery-4,Batch-4,R3_battery,511,2C charge and 1C discharge [test capacity],measured_RPT,1.872,False,time_reset_or_nonmonotonic_voltage,False,True,2.077
Batch-4/R3_battery-4,Batch-4,R3_battery,517,2C charge and 1C discharge [test capacity],measured_RPT,1.868,False,time_reset_or_nonmonotonic_voltage,False,True,2.077
Batch-4/R3_battery-4,Batch-4,R3_battery,523,2C charge and 1C discharge [test capacity],measured_RPT,1.867,False,time_reset_or_nonmonotonic_voltage,False,True,2.077
Batch-4/R3_battery-4,Batch-4,R3_battery,529,2C charge and 1C discharge [test capacity],measured_RPT,1.863,False,time_reset_or_nonmonotonic_voltage,False,True,2.077
Batch-4/R3_battery-4,Batch-4,R3_battery,535,2C charge and 1C discharge [test capacity],measured_RPT,1.862,False,time_reset_or_nonmonotonic_voltage,False,True,2.077
Batch-4/R3_battery-4,Batch-4,R3_battery,541,2C charge and 1C discharge [test capacity],measured_RPT,1.857,False,time_reset_or_nonmonotonic_voltage,False,True,2.077
Batch-4/R3_battery-4,Batch-4,R3_battery,547,2C charge and 1C discharge [test capacity],measured_RPT,1.854,False,time_reset_or_nonmonotonic_voltage,False,True,2.077
Batch-4/R3_battery-4,Batch-4,R3_battery,553,2C charge and 1C discharge [test capacity],measured_RPT,1.85,False,time_reset_or_nonmonotonic_voltage,False,True,2.077
Batch-4/R3_battery-4,Batch-4,R3_battery,559,2C charge and 1C discharge [test capacity],measured_RPT,1.848,False,time_reset_or_nonmonotonic_voltage,False,True,2.077
Batch-4/R3_battery-4,Batch-4,R3_battery,565,2C charge and 1C discharge [test capacity],measured_RPT,1.843,True,ok,False,True,2.077
Batch-4/R3_battery-4,Batch-4,R3_battery,571,2C charge and 1C discharge [test capacity],measured_RPT,1.84,False,time_reset_or_nonmonotonic_voltage,False,True,2.077
Batch-4/R3_battery-4,Batch-4,R3_battery,577,2C charge and 1C discharge [test capacity],measured_RPT,1.836,False,time_reset_or_nonmonotonic_voltage,False,True,2.077
Batch-4/R3_battery-4,Batch-4,R3_battery,583,2C charge and 1C discharge [test capacity],measured_RPT,1.829,False,time_reset_or_nonmonotonic_voltage,False,True,2.077
Batch-4/R3_battery-4,Batch-4,R3_battery,589,2C charge and 1C discharge [test capacity],measured_RPT,1.826,False,time_reset_or_nonmonotonic_voltage,False,True,2.077
Batch-4/R3_battery-4,Batch-4,R3_battery,595,2C charge and 1C discharge [test capacity],measured_RPT,1.817,False,time_reset_or_nonmonotonic_voltage,False,True,2.077
Batch-4/R3_battery-4,Batch-4,R3_battery,601,2C charge and 1C discharge [test capacity],measured_RPT,1.812,False,time_reset_or_nonmonotonic_voltage,False,True,2.077
Batch-4/R3_battery-4,Batch-4,R3_battery,607,2C charge and 1C discharge [test capacity],measured_RPT,1.801,False,time_reset_or_nonmonotonic_voltage,False,True,2.077
Batch-4/R3_battery-4,Batch-4,R3_battery,613,2C charge and 1C discharge [test capacity],measured_RPT,1.796,False,time_reset_or_nonmonotonic_voltage,False,True,2.077
Batch-4/R3_battery-4,Batch-4,R3_battery,619,2C charge and 1C discharge [test capacity],measured_RPT,1.787,False,time_reset_or_nonmonotonic_voltage,False,True,2.077
Batch-4/R3_battery-4,Batch-4,R3_battery,625,2C charge and 1C discharge [test capacity],measured_RPT,1.779,False,time_reset_or_nonmonotonic_voltage,False,True,2.077
Batch-4/R3_battery-4,Batch-4,R3_battery,631,2C charge and 1C discharge [test capacity],measured_RPT,1.767,False,time_reset_or_nonmonotonic_voltage,False,True,2.077
Batch-4/R3_battery-4,Batch-4,R3_battery,637,2C charge and 1C discharge [test capacity],measured_RPT,1.756,False,time_reset_or_nonmonotonic_voltage,False,True,2.077
Batch-4/R3_battery-4,Batch-4,R3_battery,643,2C charge and 1C discharge [test capacity],measured_RPT,1.745,False,time_reset_or_nonmonotonic_voltage,False,True,2.077
Batch-4/R3_battery-4,Batch-4,R3_battery,649,2C charge and 1C discharge [test capacity],measured_RPT,1.732,False,time_reset_or_nonmonotonic_voltage,False,True,2.077
Batch-4/R3_battery-4,Batch-4,R3_battery,655,2C charge and 1C discharge [test capacity],measured_RPT,1.723,False,time_reset_or_nonmonotonic_voltage,False,True,2.077
Batch-4/R3_battery-4,Batch-4,R3_battery,661,2C charge and 1C discharge [test capacity],measured_RPT,1.711,False,time_reset_or_nonmonotonic_voltage,False,True,2.077
Batch-4/R3_battery-4,Batch-4,R3_battery,667,2C charge and 1C discharge [test capacity],measured_RPT,1.703,False,time_reset_or_nonmonotonic_voltage,False,True,2.077
Batch-4/R3_battery-4,Batch-4,R3_battery,673,2C charge and 1C discharge [test capacity],measured_RPT,1.69,True,ok,False,True,2.077
Batch-4/R3_battery-4,Batch-4,R3_battery,679,2C charge and 1C discharge [test capacity],measured_RPT,1.68,False,time_reset_or_nonmonotonic_voltage,False,True,2.077
Batch-4/R3_battery-4,Batch-4,R3_battery,685,2C charge and 1C discharge [test capacity],measured_RPT,1.669,False,time_reset_or_nonmonotonic_voltage,False,True,2.077
Batch-4/R3_battery-4,Batch-4,R3_battery,691,2C charge and 1C discharge [test capacity],measured_RPT,1.658,False,time_reset_or_nonmonotonic_voltage,False,True,2.077
Batch-4/R3_battery-4,Batch-4,R3_battery,697,2C charge and 1C discharge [test capacity],measured_RPT,1.649,False,time_reset_or_nonmonotonic_voltage,False,True,2.077
Batch-4/R3_battery-4,Batch-4,R3_battery,703,2C charge and 1C discharge [test capacity],measured_RPT,1.636,False,time_reset_or_nonmonotonic_voltage,False,True,2.077
Batch-4/R3_battery-4,Batch-4,R3_battery,709,2C charge and 1C discharge [test capacity],measured_RPT,1.627,False,time_reset_or_nonmonotonic_voltage,False,True,2.077
Batch-4/R3_battery-4,Batch-4,R3_battery,715,2C charge and 1C discharge [test capacity],measured_RPT,1.615,False,time_reset_or_nonmonotonic_voltage,False,True,2.077
Batch-4/R3_battery-4,Batch-4,R3_battery,721,2C charge and 1C discharge [test capacity],measured_RPT,1.603,False,time_reset_or_nonmonotonic_voltage,False,True,2.077
Batch-4/R3_battery-4,Batch-4,R3_battery,727,2C charge and 1C discharge [test capacity],measured_RPT,1.594,False,time_reset_or_nonmonotonic_voltage,False,True,2.077
Batch-4/R3_battery-5,Batch-4,R3_battery,1,0.5C charge and 0.2C discharge [test capacity],measured_RPT,1.985,False,time_reset_or_nonmonotonic_voltage,True,False,
Batch-4/R3_battery-5,Batch-4,R3_battery,7,2C charge and 1C discharge [test capacity],measured_RPT,1.895,False,time_reset_or_nonmonotonic_voltage,False,True,1.985
Batch-4/R3_battery-5,Batch-4,R3_battery,13,2C charge and 1C discharge [test capacity],measured_RPT,1.917,False,time_reset_or_nonmonotonic_voltage,False,True,1.985
Batch-4/R3_battery-5,Batch-4,R3_battery,19,2C charge and 1C discharge [test capacity],measured_RPT,1.936,True,ok,False,True,1.985
Batch-4/R3_battery-5,Batch-4,R3_battery,25,2C charge and 1C discharge [test capacity],measured_RPT,1.95,False,time_reset_or_nonmonotonic_voltage,False,True,1.985
Batch-4/R3_battery-5,Batch-4,R3_battery,31,2C charge and 1C discharge [test capacity],measured_RPT,1.96,False,time_reset_or_nonmonotonic_voltage,False,True,1.985
Batch-4/R3_battery-5,Batch-4,R3_battery,37,2C charge and 1C discharge [test capacity],measured_RPT,1.965,False,time_reset_or_nonmonotonic_voltage,False,True,1.985
Batch-4/R3_battery-5,Batch-4,R3_battery,43,2C charge and 1C discharge [test capacity],measured_RPT,1.969,False,time_reset_or_nonmonotonic_voltage,False,True,1.985
Batch-4/R3_battery-5,Batch-4,R3_battery,49,2C charge and 1C discharge [test capacity],measured_RPT,1.971,False,time_reset_or_nonmonotonic_voltage,False,True,1.985
Batch-4/R3_battery-5,Batch-4,R3_battery,55,2C charge and 1C discharge [test capacity],measured_RPT,1.972,False,time_reset_or_nonmonotonic_voltage,False,True,1.985
Batch-4/R3_battery-5,Batch-4,R3_battery,61,2C charge and 1C discharge [test capacity],measured_RPT,1.972,True,ok,False,True,1.985
Batch-4/R3_battery-5,Batch-4,R3_battery,67,2C charge and 1C discharge [test capacity],measured_RPT,1.974,False,time_reset_or_nonmonotonic_voltage,False,True,1.985
Batch-4/R3_battery-5,Batch-4,R3_battery,73,2C charge and 1C discharge [test capacity],measured_RPT,1.971,False,time_reset_or_nonmonotonic_voltage,False,True,1.985
Batch-4/R3_battery-5,Batch-4,R3_battery,79,2C charge and 1C discharge [test capacity],measured_RPT,1.975,False,time_reset_or_nonmonotonic_voltage,False,True,1.985
Batch-4/R3_battery-5,Batch-4,R3_battery,85,2C charge and 1C discharge [test capacity],measured_RPT,1.972,False,time_reset_or_nonmonotonic_voltage,False,True,1.985
Batch-4/R3_battery-5,Batch-4,R3_battery,91,2C charge and 1C discharge [test capacity],measured_RPT,1.977,False,time_reset_or_nonmonotonic_voltage,False,True,1.985
Batch-4/R3_battery-5,Batch-4,R3_battery,97,2C charge and 1C discharge [test capacity],measured_RPT,1.969,False,time_reset_or_nonmonotonic_voltage,False,True,1.985
Batch-4/R3_battery-5,Batch-4,R3_battery,103,2C charge and 1C discharge [test capacity],measured_RPT,1.968,False,time_reset_or_nonmonotonic_voltage,False,True,1.985
Batch-4/R3_battery-5,Batch-4,R3_battery,109,2C charge and 1C discharge [test capacity],measured_RPT,1.967,False,time_reset_or_nonmonotonic_voltage,False,True,1.985
Batch-4/R3_battery-5,Batch-4,R3_battery,115,2C charge and 1C discharge [test capacity],measured_RPT,1.967,False,time_reset_or_nonmonotonic_voltage,False,True,1.985
Batch-4/R3_battery-5,Batch-4,R3_battery,121,2C charge and 1C discharge [test capacity],measured_RPT,1.966,True,ok,False,True,1.985
Batch-4/R3_battery-5,Batch-4,R3_battery,127,2C charge and 1C discharge [test capacity],measured_RPT,1.963,False,time_reset_or_nonmonotonic_voltage,False,True,1.985
Batch-4/R3_battery-5,Batch-4,R3_battery,133,2C charge and 1C discharge [test capacity],measured_RPT,1.966,False,time_reset_or_nonmonotonic_voltage,False,True,1.985
Batch-4/R3_battery-5,Batch-4,R3_battery,139,2C charge and 1C discharge [test capacity],measured_RPT,1.965,True,ok,False,True,1.985
Batch-4/R3_battery-5,Batch-4,R3_battery,145,2C charge and 1C discharge [test capacity],measured_RPT,1.965,False,time_reset_or_nonmonotonic_voltage,False,True,1.985
Batch-4/R3_battery-5,Batch-4,R3_battery,151,2C charge and 1C discharge [test capacity],measured_RPT,1.962,False,time_reset_or_nonmonotonic_voltage,False,True,1.985
Batch-4/R3_battery-5,Batch-4,R3_battery,157,2C charge and 1C discharge [test capacity],measured_RPT,1.964,False,time_reset_or_nonmonotonic_voltage,False,True,1.985
Batch-4/R3_battery-5,Batch-4,R3_battery,163,2C charge and 1C discharge [test capacity],measured_RPT,1.962,False,time_reset_or_nonmonotonic_voltage,False,True,1.985
Batch-4/R3_battery-5,Batch-4,R3_battery,169,2C charge and 1C discharge [test capacity],measured_RPT,1.961,False,time_reset_or_nonmonotonic_voltage,False,True,1.985
Batch-4/R3_battery-5,Batch-4,R3_battery,175,2C charge and 1C discharge [test capacity],measured_RPT,1.963,False,time_reset_or_nonmonotonic_voltage,False,True,1.985
Batch-4/R3_battery-5,Batch-4,R3_battery,181,2C charge and 1C discharge [test capacity],measured_RPT,1.961,False,time_reset_or_nonmonotonic_voltage,False,True,1.985
Batch-4/R3_battery-5,Batch-4,R3_battery,187,2C charge and 1C discharge [test capacity],measured_RPT,1.96,False,time_reset_or_nonmonotonic_voltage,False,True,1.985
Batch-4/R3_battery-5,Batch-4,R3_battery,193,2C charge and 1C discharge [test capacity],measured_RPT,1.957,False,time_reset_or_nonmonotonic_voltage,False,True,1.985
Batch-4/R3_battery-5,Batch-4,R3_battery,199,2C charge and 1C discharge [test capacity],measured_RPT,1.955,False,time_reset_or_nonmonotonic_voltage,False,True,1.985
Batch-4/R3_battery-5,Batch-4,R3_battery,205,2C charge and 1C discharge [test capacity],measured_RPT,1.953,False,time_reset_or_nonmonotonic_voltage,False,True,1.985
Batch-4/R3_battery-5,Batch-4,R3_battery,211,2C charge and 1C discharge [test capacity],measured_RPT,1.951,True,ok,False,True,1.985
Batch-4/R3_battery-5,Batch-4,R3_battery,217,2C charge and 1C discharge [test capacity],measured_RPT,1.95,False,time_reset_or_nonmonotonic_voltage,False,True,1.985
Batch-4/R3_battery-5,Batch-4,R3_battery,223,2C charge and 1C discharge [test capacity],measured_RPT,1.947,False,time_reset_or_nonmonotonic_voltage,False,True,1.985
Batch-4/R3_battery-5,Batch-4,R3_battery,229,2C charge and 1C discharge [test capacity],measured_RPT,1.943,False,time_reset_or_nonmonotonic_voltage,False,True,1.985
Batch-4/R3_battery-5,Batch-4,R3_battery,235,2C charge and 1C discharge [test capacity],measured_RPT,1.939,False,time_reset_or_nonmonotonic_voltage,False,True,1.985
Batch-4/R3_battery-5,Batch-4,R3_battery,241,2C charge and 1C discharge [test capacity],measured_RPT,1.935,False,time_reset_or_nonmonotonic_voltage,False,True,1.985
Batch-4/R3_battery-5,Batch-4,R3_battery,247,2C charge and 1C discharge [test capacity],measured_RPT,1.929,False,time_reset_or_nonmonotonic_voltage,False,True,1.985
Batch-4/R3_battery-5,Batch-4,R3_battery,253,2C charge and 1C discharge [test capacity],measured_RPT,1.922,False,time_reset_or_nonmonotonic_voltage,False,True,1.985
Batch-4/R3_battery-5,Batch-4,R3_battery,259,2C charge and 1C discharge [test capacity],measured_RPT,1.916,False,time_reset_or_nonmonotonic_voltage,False,True,1.985
Batch-4/R3_battery-5,Batch-4,R3_battery,265,2C charge and 1C discharge [test capacity],measured_RPT,1.912,False,time_reset_or_nonmonotonic_voltage,False,True,1.985
Batch-4/R3_battery-5,Batch-4,R3_battery,271,2C charge and 1C discharge [test capacity],measured_RPT,1.91,False,time_reset_or_nonmonotonic_voltage,False,True,1.985
Batch-4/R3_battery-5,Batch-4,R3_battery,277,2C charge and 1C discharge [test capacity],measured_RPT,1.906,False,time_reset_or_nonmonotonic_voltage,False,True,1.985
Batch-4/R3_battery-5,Batch-4,R3_battery,283,2C charge and 1C discharge [test capacity],measured_RPT,1.903,False,time_reset_or_nonmonotonic_voltage,False,True,1.985
Batch-4/R3_battery-5,Batch-4,R3_battery,289,2C charge and 1C discharge [test capacity],measured_RPT,1.899,False,time_reset_or_nonmonotonic_voltage,False,True,1.985
Batch-4/R3_battery-5,Batch-4,R3_battery,295,2C charge and 1C discharge [test capacity],measured_RPT,1.898,False,time_reset_or_nonmonotonic_voltage,False,True,1.985
Batch-4/R3_battery-5,Batch-4,R3_battery,301,2C charge and 1C discharge [test capacity],measured_RPT,1.893,False,time_reset_or_nonmonotonic_voltage,False,True,1.985
Batch-4/R3_battery-5,Batch-4,R3_battery,307,2C charge and 1C discharge [test capacity],measured_RPT,1.895,False,time_reset_or_nonmonotonic_voltage,False,True,1.985
Batch-4/R3_battery-5,Batch-4,R3_battery,313,2C charge and 1C discharge [test capacity],measured_RPT,1.888,False,time_reset_or_nonmonotonic_voltage,False,True,1.985
Batch-4/R3_battery-5,Batch-4,R3_battery,319,2C charge and 1C discharge [test capacity],measured_RPT,1.888,False,time_reset_or_nonmonotonic_voltage,False,True,1.985
Batch-4/R3_battery-5,Batch-4,R3_battery,325,2C charge and 1C discharge [test capacity],measured_RPT,1.884,False,time_reset_or_nonmonotonic_voltage,False,True,1.985
Batch-4/R3_battery-5,Batch-4,R3_battery,331,2C charge and 1C discharge [test capacity],measured_RPT,1.885,False,time_reset_or_nonmonotonic_voltage,False,True,1.985
Batch-4/R3_battery-5,Batch-4,R3_battery,337,2C charge and 1C discharge [test capacity],measured_RPT,1.882,False,time_reset_or_nonmonotonic_voltage,False,True,1.985
Batch-4/R3_battery-5,Batch-4,R3_battery,343,2C charge and 1C discharge [test capacity],measured_RPT,1.882,False,time_reset_or_nonmonotonic_voltage,False,True,1.985
Batch-4/R3_battery-5,Batch-4,R3_battery,349,2C charge and 1C discharge [test capacity],measured_RPT,1.88,False,time_reset_or_nonmonotonic_voltage,False,True,1.985
Batch-4/R3_battery-5,Batch-4,R3_battery,355,2C charge and 1C discharge [test capacity],measured_RPT,1.877,True,ok,False,True,1.985
Batch-4/R3_battery-5,Batch-4,R3_battery,361,2C charge and 1C discharge [test capacity],measured_RPT,1.876,False,time_reset_or_nonmonotonic_voltage,False,True,1.985
Batch-4/R3_battery-5,Batch-4,R3_battery,367,2C charge and 1C discharge [test capacity],measured_RPT,1.874,False,time_reset_or_nonmonotonic_voltage,False,True,1.985
Batch-4/R3_battery-5,Batch-4,R3_battery,373,2C charge and 1C discharge [test capacity],measured_RPT,1.875,False,time_reset_or_nonmonotonic_voltage,False,True,1.985
Batch-4/R3_battery-5,Batch-4,R3_battery,379,2C charge and 1C discharge [test capacity],measured_RPT,1.873,False,time_reset_or_nonmonotonic_voltage,False,True,1.985
Batch-4/R3_battery-5,Batch-4,R3_battery,385,2C charge and 1C discharge [test capacity],measured_RPT,1.873,False,time_reset_or_nonmonotonic_voltage,False,True,1.985
Batch-4/R3_battery-5,Batch-4,R3_battery,391,2C charge and 1C discharge [test capacity],measured_RPT,1.871,False,time_reset_or_nonmonotonic_voltage,False,True,1.985
Batch-4/R3_battery-5,Batch-4,R3_battery,397,2C charge and 1C discharge [test capacity],measured_RPT,1.871,True,ok,False,True,1.985
Batch-4/R3_battery-5,Batch-4,R3_battery,403,2C charge and 1C discharge [test capacity],measured_RPT,1.871,False,time_reset_or_nonmonotonic_voltage,False,True,1.985
Batch-4/R3_battery-5,Batch-4,R3_battery,409,2C charge and 1C discharge [test capacity],measured_RPT,1.868,False,time_reset_or_nonmonotonic_voltage,False,True,1.985
Batch-4/R3_battery-5,Batch-4,R3_battery,415,2C charge and 1C discharge [test capacity],measured_RPT,1.871,False,time_reset_or_nonmonotonic_voltage,False,True,1.985
Batch-4/R3_battery-5,Batch-4,R3_battery,421,2C charge and 1C discharge [test capacity],measured_RPT,1.867,True,ok,False,True,1.985
Batch-4/R3_battery-5,Batch-4,R3_battery,427,2C charge and 1C discharge [test capacity],measured_RPT,1.868,False,time_reset_or_nonmonotonic_voltage,False,True,1.985
Batch-4/R3_battery-5,Batch-4,R3_battery,433,2C charge and 1C discharge [test capacity],measured_RPT,1.865,False,time_reset_or_nonmonotonic_voltage,False,True,1.985
Batch-4/R3_battery-5,Batch-4,R3_battery,439,2C charge and 1C discharge [test capacity],measured_RPT,1.865,False,time_reset_or_nonmonotonic_voltage,False,True,1.985
Batch-4/R3_battery-5,Batch-4,R3_battery,445,2C charge and 1C discharge [test capacity],measured_RPT,1.863,False,time_reset_or_nonmonotonic_voltage,False,True,1.985
Batch-4/R3_battery-5,Batch-4,R3_battery,451,2C charge and 1C discharge [test capacity],measured_RPT,1.862,False,time_reset_or_nonmonotonic_voltage,False,True,1.985
Batch-4/R3_battery-5,Batch-4,R3_battery,457,2C charge and 1C discharge [test capacity],measured_RPT,1.861,False,time_reset_or_nonmonotonic_voltage,False,True,1.985
Batch-4/R3_battery-5,Batch-4,R3_battery,463,2C charge and 1C discharge [test capacity],measured_RPT,1.857,False,time_reset_or_nonmonotonic_voltage,False,True,1.985
Batch-4/R3_battery-5,Batch-4,R3_battery,469,2C charge and 1C discharge [test capacity],measured_RPT,1.86,False,time_reset_or_nonmonotonic_voltage,False,True,1.985
Batch-4/R3_battery-5,Batch-4,R3_battery,475,2C charge and 1C discharge [test capacity],measured_RPT,1.856,True,ok,False,True,1.985
Batch-4/R3_battery-5,Batch-4,R3_battery,481,2C charge and 1C discharge [test capacity],measured_RPT,1.858,False,time_reset_or_nonmonotonic_voltage,False,True,1.985
Batch-4/R3_battery-5,Batch-4,R3_battery,487,2C charge and 1C discharge [test capacity],measured_RPT,1.855,True,ok,False,True,1.985
Batch-4/R3_battery-5,Batch-4,R3_battery,493,2C charge and 1C discharge [test capacity],measured_RPT,1.856,False,time_reset_or_nonmonotonic_voltage,False,True,1.985
Batch-4/R3_battery-5,Batch-4,R3_battery,499,2C charge and 1C discharge [test capacity],measured_RPT,1.854,True,ok,False,True,1.985
Batch-4/R3_battery-5,Batch-4,R3_battery,505,2C charge and 1C discharge [test capacity],measured_RPT,1.851,False,time_reset_or_nonmonotonic_voltage,False,True,1.985
Batch-4/R3_battery-5,Batch-4,R3_battery,511,2C charge and 1C discharge [test capacity],measured_RPT,1.851,False,time_reset_or_nonmonotonic_voltage,False,True,1.985
Batch-4/R3_battery-5,Batch-4,R3_battery,517,2C charge and 1C discharge [test capacity],measured_RPT,1.847,False,time_reset_or_nonmonotonic_voltage,False,True,1.985
Batch-4/R3_battery-5,Batch-4,R3_battery,523,2C charge and 1C discharge [test capacity],measured_RPT,1.849,False,time_reset_or_nonmonotonic_voltage,False,True,1.985
Batch-4/R3_battery-5,Batch-4,R3_battery,529,2C charge and 1C discharge [test capacity],measured_RPT,1.845,False,time_reset_or_nonmonotonic_voltage,False,True,1.985
Batch-4/R3_battery-5,Batch-4,R3_battery,535,2C charge and 1C discharge [test capacity],measured_RPT,1.845,False,time_reset_or_nonmonotonic_voltage,False,True,1.985
Batch-4/R3_battery-5,Batch-4,R3_battery,541,2C charge and 1C discharge [test capacity],measured_RPT,1.841,False,time_reset_or_nonmonotonic_voltage,False,True,1.985
Batch-4/R3_battery-5,Batch-4,R3_battery,547,2C charge and 1C discharge [test capacity],measured_RPT,1.839,False,time_reset_or_nonmonotonic_voltage,False,True,1.985
Batch-4/R3_battery-5,Batch-4,R3_battery,553,2C charge and 1C discharge [test capacity],measured_RPT,1.836,False,time_reset_or_nonmonotonic_voltage,False,True,1.985
Batch-4/R3_battery-5,Batch-4,R3_battery,559,2C charge and 1C discharge [test capacity],measured_RPT,1.831,False,time_reset_or_nonmonotonic_voltage,False,True,1.985
Batch-4/R3_battery-5,Batch-4,R3_battery,565,2C charge and 1C discharge [test capacity],measured_RPT,1.828,False,time_reset_or_nonmonotonic_voltage,False,True,1.985
Batch-4/R3_battery-5,Batch-4,R3_battery,571,2C charge and 1C discharge [test capacity],measured_RPT,1.824,True,ok,False,True,1.985
Batch-4/R3_battery-5,Batch-4,R3_battery,577,2C charge and 1C discharge [test capacity],measured_RPT,1.821,False,time_reset_or_nonmonotonic_voltage,False,True,1.985
Batch-4/R3_battery-5,Batch-4,R3_battery,583,2C charge and 1C discharge [test capacity],measured_RPT,1.816,False,time_reset_or_nonmonotonic_voltage,False,True,1.985
Batch-4/R3_battery-5,Batch-4,R3_battery,589,2C charge and 1C discharge [test capacity],measured_RPT,1.814,False,time_reset_or_nonmonotonic_voltage,False,True,1.985
Batch-4/R3_battery-5,Batch-4,R3_battery,595,2C charge and 1C discharge [test capacity],measured_RPT,1.809,False,time_reset_or_nonmonotonic_voltage,False,True,1.985
Batch-4/R3_battery-5,Batch-4,R3_battery,601,2C charge and 1C discharge [test capacity],measured_RPT,1.808,False,time_reset_or_nonmonotonic_voltage,False,True,1.985
Batch-4/R3_battery-5,Batch-4,R3_battery,607,2C charge and 1C discharge [test capacity],measured_RPT,1.802,False,time_reset_or_nonmonotonic_voltage,False,True,1.985
Batch-4/R3_battery-5,Batch-4,R3_battery,613,2C charge and 1C discharge [test capacity],measured_RPT,1.796,False,time_reset_or_nonmonotonic_voltage,False,True,1.985
Batch-4/R3_battery-5,Batch-4,R3_battery,619,2C charge and 1C discharge [test capacity],measured_RPT,1.793,False,time_reset_or_nonmonotonic_voltage,False,True,1.985
Batch-4/R3_battery-5,Batch-4,R3_battery,625,2C charge and 1C discharge [test capacity],measured_RPT,1.786,False,time_reset_or_nonmonotonic_voltage,False,True,1.985
Batch-4/R3_battery-5,Batch-4,R3_battery,631,2C charge and 1C discharge [test capacity],measured_RPT,1.78,False,time_reset_or_nonmonotonic_voltage,False,True,1.985
Batch-4/R3_battery-5,Batch-4,R3_battery,637,2C charge and 1C discharge [test capacity],measured_RPT,1.774,False,time_reset_or_nonmonotonic_voltage,False,True,1.985
Batch-4/R3_battery-5,Batch-4,R3_battery,643,2C charge and 1C discharge [test capacity],measured_RPT,1.768,False,time_reset_or_nonmonotonic_voltage,False,True,1.985
Batch-4/R3_battery-5,Batch-4,R3_battery,649,2C charge and 1C discharge [test capacity],measured_RPT,1.758,False,time_reset_or_nonmonotonic_voltage,False,True,1.985
Batch-4/R3_battery-5,Batch-4,R3_battery,655,2C charge and 1C discharge [test capacity],measured_RPT,1.75,False,time_reset_or_nonmonotonic_voltage,False,True,1.985
Batch-4/R3_battery-5,Batch-4,R3_battery,661,2C charge and 1C discharge [test capacity],measured_RPT,1.741,False,time_reset_or_nonmonotonic_voltage,False,True,1.985
Batch-4/R3_battery-5,Batch-4,R3_battery,667,2C charge and 1C discharge [test capacity],measured_RPT,1.73,False,time_reset_or_nonmonotonic_voltage,False,True,1.985
Batch-4/R3_battery-5,Batch-4,R3_battery,673,2C charge and 1C discharge [test capacity],measured_RPT,1.722,False,time_reset_or_nonmonotonic_voltage,False,True,1.985
Batch-4/R3_battery-5,Batch-4,R3_battery,679,2C charge and 1C discharge [test capacity],measured_RPT,1.71,False,time_reset_or_nonmonotonic_voltage,False,True,1.985
Batch-4/R3_battery-5,Batch-4,R3_battery,685,2C charge and 1C discharge [test capacity],measured_RPT,1.702,False,time_reset_or_nonmonotonic_voltage,False,True,1.985
Batch-4/R3_battery-5,Batch-4,R3_battery,691,2C charge and 1C discharge [test capacity],measured_RPT,1.689,True,ok,False,True,1.985
Batch-4/R3_battery-5,Batch-4,R3_battery,697,2C charge and 1C discharge [test capacity],measured_RPT,1.678,False,time_reset_or_nonmonotonic_voltage,False,True,1.985
Batch-4/R3_battery-5,Batch-4,R3_battery,703,2C charge and 1C discharge [test capacity],measured_RPT,1.669,False,time_reset_or_nonmonotonic_voltage,False,True,1.985
Batch-4/R3_battery-5,Batch-4,R3_battery,709,2C charge and 1C discharge [test capacity],measured_RPT,1.655,False,time_reset_or_nonmonotonic_voltage,False,True,1.985
Batch-4/R3_battery-5,Batch-4,R3_battery,715,2C charge and 1C discharge [test capacity],measured_RPT,1.647,False,time_reset_or_nonmonotonic_voltage,False,True,1.985
Batch-4/R3_battery-5,Batch-4,R3_battery,721,2C charge and 1C discharge [test capacity],measured_RPT,1.635,False,time_reset_or_nonmonotonic_voltage,False,True,1.985
Batch-4/R3_battery-5,Batch-4,R3_battery,727,2C charge and 1C discharge [test capacity],measured_RPT,1.624,False,time_reset_or_nonmonotonic_voltage,False,True,1.985
Batch-4/R3_battery-5,Batch-4,R3_battery,733,2C charge and 1C discharge [test capacity],measured_RPT,1.611,False,time_reset_or_nonmonotonic_voltage,False,True,1.985
Batch-4/R3_battery-5,Batch-4,R3_battery,739,2C charge and 1C discharge [test capacity],measured_RPT,1.597,False,time_reset_or_nonmonotonic_voltage,False,True,1.985
Batch-4/R3_battery-6,Batch-4,R3_battery,1,0.5C charge and 0.2C discharge [test capacity],measured_RPT,1.987,True,ok,True,False,
Batch-4/R3_battery-6,Batch-4,R3_battery,7,2C charge and 1C discharge [test capacity],measured_RPT,1.891,True,ok,False,True,1.987
Batch-4/R3_battery-6,Batch-4,R3_battery,13,2C charge and 1C discharge [test capacity],measured_RPT,1.914,False,time_reset_or_nonmonotonic_voltage,False,True,1.987
Batch-4/R3_battery-6,Batch-4,R3_battery,19,2C charge and 1C discharge [test capacity],measured_RPT,1.932,False,time_reset_or_nonmonotonic_voltage,False,True,1.987
Batch-4/R3_battery-6,Batch-4,R3_battery,25,2C charge and 1C discharge [test capacity],measured_RPT,1.947,False,time_reset_or_nonmonotonic_voltage,False,True,1.987
Batch-4/R3_battery-6,Batch-4,R3_battery,31,2C charge and 1C discharge [test capacity],measured_RPT,1.957,False,time_reset_or_nonmonotonic_voltage,False,True,1.987
Batch-4/R3_battery-6,Batch-4,R3_battery,37,2C charge and 1C discharge [test capacity],measured_RPT,1.963,False,time_reset_or_nonmonotonic_voltage,False,True,1.987
Batch-4/R3_battery-6,Batch-4,R3_battery,43,2C charge and 1C discharge [test capacity],measured_RPT,1.968,False,time_reset_or_nonmonotonic_voltage,False,True,1.987
Batch-4/R3_battery-6,Batch-4,R3_battery,49,2C charge and 1C discharge [test capacity],measured_RPT,1.97,False,time_reset_or_nonmonotonic_voltage,False,True,1.987
Batch-4/R3_battery-6,Batch-4,R3_battery,55,2C charge and 1C discharge [test capacity],measured_RPT,1.972,False,time_reset_or_nonmonotonic_voltage,False,True,1.987
Batch-4/R3_battery-6,Batch-4,R3_battery,61,2C charge and 1C discharge [test capacity],measured_RPT,1.972,False,time_reset_or_nonmonotonic_voltage,False,True,1.987
Batch-4/R3_battery-6,Batch-4,R3_battery,67,2C charge and 1C discharge [test capacity],measured_RPT,1.975,False,time_reset_or_nonmonotonic_voltage,False,True,1.987
Batch-4/R3_battery-6,Batch-4,R3_battery,73,2C charge and 1C discharge [test capacity],measured_RPT,1.971,True,ok,False,True,1.987
Batch-4/R3_battery-6,Batch-4,R3_battery,79,2C charge and 1C discharge [test capacity],measured_RPT,1.976,False,time_reset_or_nonmonotonic_voltage,False,True,1.987
Batch-4/R3_battery-6,Batch-4,R3_battery,85,2C charge and 1C discharge [test capacity],measured_RPT,1.974,False,time_reset_or_nonmonotonic_voltage,False,True,1.987
Batch-4/R3_battery-6,Batch-4,R3_battery,91,2C charge and 1C discharge [test capacity],measured_RPT,1.98,False,time_reset_or_nonmonotonic_voltage,False,True,1.987
Batch-4/R3_battery-6,Batch-4,R3_battery,97,2C charge and 1C discharge [test capacity],measured_RPT,1.972,False,time_reset_or_nonmonotonic_voltage,False,True,1.987
Batch-4/R3_battery-6,Batch-4,R3_battery,103,2C charge and 1C discharge [test capacity],measured_RPT,1.97,False,time_reset_or_nonmonotonic_voltage,False,True,1.987
Batch-4/R3_battery-6,Batch-4,R3_battery,109,2C charge and 1C discharge [test capacity],measured_RPT,1.969,False,time_reset_or_nonmonotonic_voltage,False,True,1.987
Batch-4/R3_battery-6,Batch-4,R3_battery,115,2C charge and 1C discharge [test capacity],measured_RPT,1.971,False,time_reset_or_nonmonotonic_voltage,False,True,1.987
Batch-4/R3_battery-6,Batch-4,R3_battery,121,2C charge and 1C discharge [test capacity],measured_RPT,1.969,True,ok,False,True,1.987
Batch-4/R3_battery-6,Batch-4,R3_battery,127,2C charge and 1C discharge [test capacity],measured_RPT,1.967,False,time_reset_or_nonmonotonic_voltage,False,True,1.987
Batch-4/R3_battery-6,Batch-4,R3_battery,133,2C charge and 1C discharge [test capacity],measured_RPT,1.971,False,time_reset_or_nonmonotonic_voltage,False,True,1.987
Batch-4/R3_battery-6,Batch-4,R3_battery,139,2C charge and 1C discharge [test capacity],measured_RPT,1.969,False,time_reset_or_nonmonotonic_voltage,False,True,1.987
Batch-4/R3_battery-6,Batch-4,R3_battery,145,2C charge and 1C discharge [test capacity],measured_RPT,1.97,False,time_reset_or_nonmonotonic_voltage,False,True,1.987
Batch-4/R3_battery-6,Batch-4,R3_battery,151,2C charge and 1C discharge [test capacity],measured_RPT,1.968,False,time_reset_or_nonmonotonic_voltage,False,True,1.987
Batch-4/R3_battery-6,Batch-4,R3_battery,157,2C charge and 1C discharge [test capacity],measured_RPT,1.97,False,time_reset_or_nonmonotonic_voltage,False,True,1.987
Batch-4/R3_battery-6,Batch-4,R3_battery,163,2C charge and 1C discharge [test capacity],measured_RPT,1.968,False,time_reset_or_nonmonotonic_voltage,False,True,1.987
Batch-4/R3_battery-6,Batch-4,R3_battery,169,2C charge and 1C discharge [test capacity],measured_RPT,1.97,False,time_reset_or_nonmonotonic_voltage,False,True,1.987
Batch-4/R3_battery-6,Batch-4,R3_battery,175,2C charge and 1C discharge [test capacity],measured_RPT,1.971,False,time_reset_or_nonmonotonic_voltage,False,True,1.987
Batch-4/R3_battery-6,Batch-4,R3_battery,181,2C charge and 1C discharge [test capacity],measured_RPT,1.97,False,time_reset_or_nonmonotonic_voltage,False,True,1.987
Batch-4/R3_battery-6,Batch-4,R3_battery,187,2C charge and 1C discharge [test capacity],measured_RPT,1.968,False,time_reset_or_nonmonotonic_voltage,False,True,1.987
Batch-4/R3_battery-6,Batch-4,R3_battery,193,2C charge and 1C discharge [test capacity],measured_RPT,1.966,False,time_reset_or_nonmonotonic_voltage,False,True,1.987
Batch-4/R3_battery-6,Batch-4,R3_battery,199,2C charge and 1C discharge [test capacity],measured_RPT,1.964,False,time_reset_or_nonmonotonic_voltage,False,True,1.987
Batch-4/R3_battery-6,Batch-4,R3_battery,205,2C charge and 1C discharge [test capacity],measured_RPT,1.962,False,time_reset_or_nonmonotonic_voltage,False,True,1.987
Batch-4/R3_battery-6,Batch-4,R3_battery,211,2C charge and 1C discharge [test capacity],measured_RPT,1.961,False,time_reset_or_nonmonotonic_voltage,False,True,1.987
Batch-4/R3_battery-6,Batch-4,R3_battery,217,2C charge and 1C discharge [test capacity],measured_RPT,1.96,False,time_reset_or_nonmonotonic_voltage,False,True,1.987
Batch-4/R3_battery-6,Batch-4,R3_battery,223,2C charge and 1C discharge [test capacity],measured_RPT,1.956,False,time_reset_or_nonmonotonic_voltage,False,True,1.987
Batch-4/R3_battery-6,Batch-4,R3_battery,229,2C charge and 1C discharge [test capacity],measured_RPT,1.953,False,time_reset_or_nonmonotonic_voltage,False,True,1.987
Batch-4/R3_battery-6,Batch-4,R3_battery,235,2C charge and 1C discharge [test capacity],measured_RPT,1.949,True,ok,False,True,1.987
Batch-4/R3_battery-6,Batch-4,R3_battery,241,2C charge and 1C discharge [test capacity],measured_RPT,1.944,False,time_reset_or_nonmonotonic_voltage,False,True,1.987
Batch-4/R3_battery-6,Batch-4,R3_battery,247,2C charge and 1C discharge [test capacity],measured_RPT,1.937,False,time_reset_or_nonmonotonic_voltage,False,True,1.987
Batch-4/R3_battery-6,Batch-4,R3_battery,253,2C charge and 1C discharge [test capacity],measured_RPT,1.929,False,time_reset_or_nonmonotonic_voltage,False,True,1.987
Batch-4/R3_battery-6,Batch-4,R3_battery,259,2C charge and 1C discharge [test capacity],measured_RPT,1.924,False,time_reset_or_nonmonotonic_voltage,False,True,1.987
Batch-4/R3_battery-6,Batch-4,R3_battery,265,2C charge and 1C discharge [test capacity],measured_RPT,1.921,False,time_reset_or_nonmonotonic_voltage,False,True,1.987
Batch-4/R3_battery-6,Batch-4,R3_battery,271,2C charge and 1C discharge [test capacity],measured_RPT,1.917,False,time_reset_or_nonmonotonic_voltage,False,True,1.987
Batch-4/R3_battery-6,Batch-4,R3_battery,277,2C charge and 1C discharge [test capacity],measured_RPT,1.913,False,time_reset_or_nonmonotonic_voltage,False,True,1.987
Batch-4/R3_battery-6,Batch-4,R3_battery,283,2C charge and 1C discharge [test capacity],measured_RPT,1.911,False,time_reset_or_nonmonotonic_voltage,False,True,1.987
Batch-4/R3_battery-6,Batch-4,R3_battery,289,2C charge and 1C discharge [test capacity],measured_RPT,1.909,False,time_reset_or_nonmonotonic_voltage,False,True,1.987
Batch-4/R3_battery-6,Batch-4,R3_battery,295,2C charge and 1C discharge [test capacity],measured_RPT,1.907,False,time_reset_or_nonmonotonic_voltage,False,True,1.987
Batch-4/R3_battery-6,Batch-4,R3_battery,301,2C charge and 1C discharge [test capacity],measured_RPT,1.902,False,time_reset_or_nonmonotonic_voltage,False,True,1.987
Batch-4/R3_battery-6,Batch-4,R3_battery,307,2C charge and 1C discharge [test capacity],measured_RPT,1.902,False,time_reset_or_nonmonotonic_voltage,False,True,1.987
Batch-4/R3_battery-6,Batch-4,R3_battery,313,2C charge and 1C discharge [test capacity],measured_RPT,1.896,False,time_reset_or_nonmonotonic_voltage,False,True,1.987
Batch-4/R3_battery-6,Batch-4,R3_battery,319,2C charge and 1C discharge [test capacity],measured_RPT,1.897,False,time_reset_or_nonmonotonic_voltage,False,True,1.987
Batch-4/R3_battery-6,Batch-4,R3_battery,325,2C charge and 1C discharge [test capacity],measured_RPT,1.893,False,time_reset_or_nonmonotonic_voltage,False,True,1.987
Batch-4/R3_battery-6,Batch-4,R3_battery,331,2C charge and 1C discharge [test capacity],measured_RPT,1.894,False,time_reset_or_nonmonotonic_voltage,False,True,1.987
Batch-4/R3_battery-6,Batch-4,R3_battery,337,2C charge and 1C discharge [test capacity],measured_RPT,1.892,False,time_reset_or_nonmonotonic_voltage,False,True,1.987
Batch-4/R3_battery-6,Batch-4,R3_battery,343,2C charge and 1C discharge [test capacity],measured_RPT,1.892,False,time_reset_or_nonmonotonic_voltage,False,True,1.987
Batch-4/R3_battery-6,Batch-4,R3_battery,349,2C charge and 1C discharge [test capacity],measured_RPT,1.889,False,time_reset_or_nonmonotonic_voltage,False,True,1.987
Batch-4/R3_battery-6,Batch-4,R3_battery,355,2C charge and 1C discharge [test capacity],measured_RPT,1.886,False,time_reset_or_nonmonotonic_voltage,False,True,1.987
Batch-4/R3_battery-6,Batch-4,R3_battery,361,2C charge and 1C discharge [test capacity],measured_RPT,1.886,False,time_reset_or_nonmonotonic_voltage,False,True,1.987
Batch-4/R3_battery-6,Batch-4,R3_battery,367,2C charge and 1C discharge [test capacity],measured_RPT,1.883,False,time_reset_or_nonmonotonic_voltage,False,True,1.987
Batch-4/R3_battery-6,Batch-4,R3_battery,373,2C charge and 1C discharge [test capacity],measured_RPT,1.885,False,time_reset_or_nonmonotonic_voltage,False,True,1.987
Batch-4/R3_battery-6,Batch-4,R3_battery,379,2C charge and 1C discharge [test capacity],measured_RPT,1.883,False,time_reset_or_nonmonotonic_voltage,False,True,1.987
Batch-4/R3_battery-6,Batch-4,R3_battery,385,2C charge and 1C discharge [test capacity],measured_RPT,1.882,False,time_reset_or_nonmonotonic_voltage,False,True,1.987
Batch-4/R3_battery-6,Batch-4,R3_battery,391,2C charge and 1C discharge [test capacity],measured_RPT,1.88,False,time_reset_or_nonmonotonic_voltage,False,True,1.987
Batch-4/R3_battery-6,Batch-4,R3_battery,397,2C charge and 1C discharge [test capacity],measured_RPT,1.882,False,time_reset_or_nonmonotonic_voltage,False,True,1.987
Batch-4/R3_battery-6,Batch-4,R3_battery,403,2C charge and 1C discharge [test capacity],measured_RPT,1.88,True,ok,False,True,1.987
Batch-4/R3_battery-6,Batch-4,R3_battery,409,2C charge and 1C discharge [test capacity],measured_RPT,1.881,False,time_reset_or_nonmonotonic_voltage,False,True,1.987
Batch-4/R3_battery-6,Batch-4,R3_battery,415,2C charge and 1C discharge [test capacity],measured_RPT,1.879,False,time_reset_or_nonmonotonic_voltage,False,True,1.987
Batch-4/R3_battery-6,Batch-4,R3_battery,421,2C charge and 1C discharge [test capacity],measured_RPT,1.876,False,time_reset_or_nonmonotonic_voltage,False,True,1.987
Batch-4/R3_battery-6,Batch-4,R3_battery,427,2C charge and 1C discharge [test capacity],measured_RPT,1.877,False,time_reset_or_nonmonotonic_voltage,False,True,1.987
Batch-4/R3_battery-6,Batch-4,R3_battery,433,2C charge and 1C discharge [test capacity],measured_RPT,1.873,False,time_reset_or_nonmonotonic_voltage,False,True,1.987
Batch-4/R3_battery-6,Batch-4,R3_battery,439,2C charge and 1C discharge [test capacity],measured_RPT,1.876,False,time_reset_or_nonmonotonic_voltage,False,True,1.987
Batch-4/R3_battery-6,Batch-4,R3_battery,445,2C charge and 1C discharge [test capacity],measured_RPT,1.871,False,time_reset_or_nonmonotonic_voltage,False,True,1.987
Batch-4/R3_battery-6,Batch-4,R3_battery,451,2C charge and 1C discharge [test capacity],measured_RPT,1.872,False,time_reset_or_nonmonotonic_voltage,False,True,1.987
Batch-4/R3_battery-6,Batch-4,R3_battery,457,2C charge and 1C discharge [test capacity],measured_RPT,1.869,False,time_reset_or_nonmonotonic_voltage,False,True,1.987
Batch-4/R3_battery-6,Batch-4,R3_battery,463,2C charge and 1C discharge [test capacity],measured_RPT,1.87,False,time_reset_or_nonmonotonic_voltage,False,True,1.987
Batch-4/R3_battery-6,Batch-4,R3_battery,469,2C charge and 1C discharge [test capacity],measured_RPT,1.867,False,time_reset_or_nonmonotonic_voltage,False,True,1.987
Batch-4/R3_battery-6,Batch-4,R3_battery,475,2C charge and 1C discharge [test capacity],measured_RPT,1.865,False,time_reset_or_nonmonotonic_voltage,False,True,1.987
Batch-4/R3_battery-6,Batch-4,R3_battery,481,2C charge and 1C discharge [test capacity],measured_RPT,1.866,False,time_reset_or_nonmonotonic_voltage,False,True,1.987
Batch-4/R3_battery-6,Batch-4,R3_battery,487,2C charge and 1C discharge [test capacity],measured_RPT,1.863,False,time_reset_or_nonmonotonic_voltage,False,True,1.987
Batch-4/R3_battery-6,Batch-4,R3_battery,493,2C charge and 1C discharge [test capacity],measured_RPT,1.864,False,time_reset_or_nonmonotonic_voltage,False,True,1.987
Batch-4/R3_battery-6,Batch-4,R3_battery,499,2C charge and 1C discharge [test capacity],measured_RPT,1.861,False,time_reset_or_nonmonotonic_voltage,False,True,1.987
Batch-4/R3_battery-6,Batch-4,R3_battery,505,2C charge and 1C discharge [test capacity],measured_RPT,1.861,False,time_reset_or_nonmonotonic_voltage,False,True,1.987
Batch-4/R3_battery-6,Batch-4,R3_battery,511,2C charge and 1C discharge [test capacity],measured_RPT,1.858,False,time_reset_or_nonmonotonic_voltage,False,True,1.987
Batch-4/R3_battery-6,Batch-4,R3_battery,517,2C charge and 1C discharge [test capacity],measured_RPT,1.856,False,time_reset_or_nonmonotonic_voltage,False,True,1.987
Batch-4/R3_battery-6,Batch-4,R3_battery,523,2C charge and 1C discharge [test capacity],measured_RPT,1.856,False,time_reset_or_nonmonotonic_voltage,False,True,1.987
Batch-4/R3_battery-6,Batch-4,R3_battery,529,2C charge and 1C discharge [test capacity],measured_RPT,1.854,False,time_reset_or_nonmonotonic_voltage,False,True,1.987
Batch-4/R3_battery-6,Batch-4,R3_battery,535,2C charge and 1C discharge [test capacity],measured_RPT,1.853,False,time_reset_or_nonmonotonic_voltage,False,True,1.987
Batch-4/R3_battery-6,Batch-4,R3_battery,541,2C charge and 1C discharge [test capacity],measured_RPT,1.848,False,time_reset_or_nonmonotonic_voltage,False,True,1.987
Batch-4/R3_battery-6,Batch-4,R3_battery,547,2C charge and 1C discharge [test capacity],measured_RPT,1.847,False,time_reset_or_nonmonotonic_voltage,False,True,1.987
Batch-4/R3_battery-6,Batch-4,R3_battery,553,2C charge and 1C discharge [test capacity],measured_RPT,1.842,False,time_reset_or_nonmonotonic_voltage,False,True,1.987
Batch-4/R3_battery-6,Batch-4,R3_battery,559,2C charge and 1C discharge [test capacity],measured_RPT,1.839,False,time_reset_or_nonmonotonic_voltage,False,True,1.987
Batch-4/R3_battery-6,Batch-4,R3_battery,565,2C charge and 1C discharge [test capacity],measured_RPT,1.835,False,time_reset_or_nonmonotonic_voltage,False,True,1.987
Batch-4/R3_battery-6,Batch-4,R3_battery,571,2C charge and 1C discharge [test capacity],measured_RPT,1.833,False,time_reset_or_nonmonotonic_voltage,False,True,1.987
Batch-4/R3_battery-6,Batch-4,R3_battery,577,2C charge and 1C discharge [test capacity],measured_RPT,1.828,False,time_reset_or_nonmonotonic_voltage,False,True,1.987
Batch-4/R3_battery-6,Batch-4,R3_battery,583,2C charge and 1C discharge [test capacity],measured_RPT,1.825,True,ok,False,True,1.987
Batch-4/R3_battery-6,Batch-4,R3_battery,589,2C charge and 1C discharge [test capacity],measured_RPT,1.822,False,time_reset_or_nonmonotonic_voltage,False,True,1.987
Batch-4/R3_battery-6,Batch-4,R3_battery,595,2C charge and 1C discharge [test capacity],measured_RPT,1.817,False,time_reset_or_nonmonotonic_voltage,False,True,1.987
Batch-4/R3_battery-6,Batch-4,R3_battery,601,2C charge and 1C discharge [test capacity],measured_RPT,1.817,False,time_reset_or_nonmonotonic_voltage,False,True,1.987
Batch-4/R3_battery-6,Batch-4,R3_battery,607,2C charge and 1C discharge [test capacity],measured_RPT,1.811,False,time_reset_or_nonmonotonic_voltage,False,True,1.987
Batch-4/R3_battery-6,Batch-4,R3_battery,613,2C charge and 1C discharge [test capacity],measured_RPT,1.809,False,time_reset_or_nonmonotonic_voltage,False,True,1.987
Batch-4/R3_battery-6,Batch-4,R3_battery,619,2C charge and 1C discharge [test capacity],measured_RPT,1.802,False,time_reset_or_nonmonotonic_voltage,False,True,1.987
Batch-4/R3_battery-6,Batch-4,R3_battery,625,2C charge and 1C discharge [test capacity],measured_RPT,1.796,False,time_reset_or_nonmonotonic_voltage,False,True,1.987
Batch-4/R3_battery-6,Batch-4,R3_battery,631,2C charge and 1C discharge [test capacity],measured_RPT,1.788,False,time_reset_or_nonmonotonic_voltage,False,True,1.987
Batch-4/R3_battery-6,Batch-4,R3_battery,637,2C charge and 1C discharge [test capacity],measured_RPT,1.779,False,time_reset_or_nonmonotonic_voltage,False,True,1.987
Batch-4/R3_battery-6,Batch-4,R3_battery,643,2C charge and 1C discharge [test capacity],measured_RPT,1.77,False,time_reset_or_nonmonotonic_voltage,False,True,1.987
Batch-4/R3_battery-6,Batch-4,R3_battery,649,2C charge and 1C discharge [test capacity],measured_RPT,1.758,False,time_reset_or_nonmonotonic_voltage,False,True,1.987
Batch-4/R3_battery-6,Batch-4,R3_battery,655,2C charge and 1C discharge [test capacity],measured_RPT,1.747,False,time_reset_or_nonmonotonic_voltage,False,True,1.987
Batch-4/R3_battery-6,Batch-4,R3_battery,661,2C charge and 1C discharge [test capacity],measured_RPT,1.733,False,time_reset_or_nonmonotonic_voltage,False,True,1.987
Batch-4/R3_battery-6,Batch-4,R3_battery,667,2C charge and 1C discharge [test capacity],measured_RPT,1.722,False,time_reset_or_nonmonotonic_voltage,False,True,1.987
Batch-4/R3_battery-6,Batch-4,R3_battery,673,2C charge and 1C discharge [test capacity],measured_RPT,1.705,False,time_reset_or_nonmonotonic_voltage,False,True,1.987
Batch-4/R3_battery-6,Batch-4,R3_battery,679,2C charge and 1C discharge [test capacity],measured_RPT,1.692,True,ok,False,True,1.987
Batch-4/R3_battery-6,Batch-4,R3_battery,685,2C charge and 1C discharge [test capacity],measured_RPT,1.675,False,time_reset_or_nonmonotonic_voltage,False,True,1.987
Batch-4/R3_battery-6,Batch-4,R3_battery,691,2C charge and 1C discharge [test capacity],measured_RPT,1.658,False,time_reset_or_nonmonotonic_voltage,False,True,1.987
Batch-4/R3_battery-6,Batch-4,R3_battery,697,2C charge and 1C discharge [test capacity],measured_RPT,1.644,False,time_reset_or_nonmonotonic_voltage,False,True,1.987
Batch-4/R3_battery-6,Batch-4,R3_battery,703,2C charge and 1C discharge [test capacity],measured_RPT,1.625,False,time_reset_or_nonmonotonic_voltage,False,True,1.987
Batch-4/R3_battery-6,Batch-4,R3_battery,709,2C charge and 1C discharge [test capacity],measured_RPT,1.607,False,time_reset_or_nonmonotonic_voltage,False,True,1.987
Batch-4/R3_battery-6,Batch-4,R3_battery,715,2C charge and 1C discharge [test capacity],measured_RPT,1.588,False,time_reset_or_nonmonotonic_voltage,False,True,1.987
Batch-4/R3_battery-7,Batch-4,R3_battery,1,0.5C charge and 0.2C discharge [test capacity],measured_RPT,1.986,False,time_reset_or_nonmonotonic_voltage,True,False,
Batch-4/R3_battery-7,Batch-4,R3_battery,7,2C charge and 1C discharge [test capacity],measured_RPT,1.891,False,time_reset_or_nonmonotonic_voltage,False,True,1.986
Batch-4/R3_battery-7,Batch-4,R3_battery,13,2C charge and 1C discharge [test capacity],measured_RPT,1.915,False,time_reset_or_nonmonotonic_voltage,False,True,1.986
Batch-4/R3_battery-7,Batch-4,R3_battery,19,2C charge and 1C discharge [test capacity],measured_RPT,1.933,False,time_reset_or_nonmonotonic_voltage,False,True,1.986
Batch-4/R3_battery-7,Batch-4,R3_battery,25,2C charge and 1C discharge [test capacity],measured_RPT,1.947,False,time_reset_or_nonmonotonic_voltage,False,True,1.986
Batch-4/R3_battery-7,Batch-4,R3_battery,31,2C charge and 1C discharge [test capacity],measured_RPT,1.955,False,time_reset_or_nonmonotonic_voltage,False,True,1.986
Batch-4/R3_battery-7,Batch-4,R3_battery,37,2C charge and 1C discharge [test capacity],measured_RPT,1.96,False,time_reset_or_nonmonotonic_voltage,False,True,1.986
Batch-4/R3_battery-7,Batch-4,R3_battery,43,2C charge and 1C discharge [test capacity],measured_RPT,1.965,False,time_reset_or_nonmonotonic_voltage,False,True,1.986
Batch-4/R3_battery-7,Batch-4,R3_battery,49,2C charge and 1C discharge [test capacity],measured_RPT,1.966,False,time_reset_or_nonmonotonic_voltage,False,True,1.986
Batch-4/R3_battery-7,Batch-4,R3_battery,55,2C charge and 1C discharge [test capacity],measured_RPT,1.966,False,time_reset_or_nonmonotonic_voltage,False,True,1.986
Batch-4/R3_battery-7,Batch-4,R3_battery,61,2C charge and 1C discharge [test capacity],measured_RPT,1.966,False,time_reset_or_nonmonotonic_voltage,False,True,1.986
Batch-4/R3_battery-7,Batch-4,R3_battery,67,2C charge and 1C discharge [test capacity],measured_RPT,1.968,False,time_reset_or_nonmonotonic_voltage,False,True,1.986
Batch-4/R3_battery-7,Batch-4,R3_battery,73,2C charge and 1C discharge [test capacity],measured_RPT,1.965,False,time_reset_or_nonmonotonic_voltage,False,True,1.986
Batch-4/R3_battery-7,Batch-4,R3_battery,79,2C charge and 1C discharge [test capacity],measured_RPT,1.968,False,time_reset_or_nonmonotonic_voltage,False,True,1.986
Batch-4/R3_battery-7,Batch-4,R3_battery,85,2C charge and 1C discharge [test capacity],measured_RPT,1.965,False,time_reset_or_nonmonotonic_voltage,False,True,1.986
Batch-4/R3_battery-7,Batch-4,R3_battery,91,2C charge and 1C discharge [test capacity],measured_RPT,1.969,False,time_reset_or_nonmonotonic_voltage,False,True,1.986
Batch-4/R3_battery-7,Batch-4,R3_battery,97,2C charge and 1C discharge [test capacity],measured_RPT,1.963,False,time_reset_or_nonmonotonic_voltage,False,True,1.986
Batch-4/R3_battery-7,Batch-4,R3_battery,103,2C charge and 1C discharge [test capacity],measured_RPT,1.961,False,time_reset_or_nonmonotonic_voltage,False,True,1.986
Batch-4/R3_battery-7,Batch-4,R3_battery,109,2C charge and 1C discharge [test capacity],measured_RPT,1.959,False,time_reset_or_nonmonotonic_voltage,False,True,1.986
Batch-4/R3_battery-7,Batch-4,R3_battery,115,2C charge and 1C discharge [test capacity],measured_RPT,1.961,False,time_reset_or_nonmonotonic_voltage,False,True,1.986
Batch-4/R3_battery-7,Batch-4,R3_battery,121,2C charge and 1C discharge [test capacity],measured_RPT,1.958,False,time_reset_or_nonmonotonic_voltage,False,True,1.986
Batch-4/R3_battery-7,Batch-4,R3_battery,127,2C charge and 1C discharge [test capacity],measured_RPT,1.956,False,time_reset_or_nonmonotonic_voltage,False,True,1.986
Batch-4/R3_battery-7,Batch-4,R3_battery,133,2C charge and 1C discharge [test capacity],measured_RPT,1.959,False,time_reset_or_nonmonotonic_voltage,False,True,1.986
Batch-4/R3_battery-7,Batch-4,R3_battery,139,2C charge and 1C discharge [test capacity],measured_RPT,1.957,False,time_reset_or_nonmonotonic_voltage,False,True,1.986
Batch-4/R3_battery-7,Batch-4,R3_battery,145,2C charge and 1C discharge [test capacity],measured_RPT,1.957,False,time_reset_or_nonmonotonic_voltage,False,True,1.986
Batch-4/R3_battery-7,Batch-4,R3_battery,151,2C charge and 1C discharge [test capacity],measured_RPT,1.954,False,time_reset_or_nonmonotonic_voltage,False,True,1.986
Batch-4/R3_battery-7,Batch-4,R3_battery,157,2C charge and 1C discharge [test capacity],measured_RPT,1.956,False,time_reset_or_nonmonotonic_voltage,False,True,1.986
Batch-4/R3_battery-7,Batch-4,R3_battery,163,2C charge and 1C discharge [test capacity],measured_RPT,1.953,False,time_reset_or_nonmonotonic_voltage,False,True,1.986
Batch-4/R3_battery-7,Batch-4,R3_battery,169,2C charge and 1C discharge [test capacity],measured_RPT,1.956,False,time_reset_or_nonmonotonic_voltage,False,True,1.986
Batch-4/R3_battery-7,Batch-4,R3_battery,175,2C charge and 1C discharge [test capacity],measured_RPT,1.955,False,time_reset_or_nonmonotonic_voltage,False,True,1.986
Batch-4/R3_battery-7,Batch-4,R3_battery,181,2C charge and 1C discharge [test capacity],measured_RPT,1.954,False,time_reset_or_nonmonotonic_voltage,False,True,1.986
Batch-4/R3_battery-7,Batch-4,R3_battery,187,2C charge and 1C discharge [test capacity],measured_RPT,1.952,False,time_reset_or_nonmonotonic_voltage,False,True,1.986
Batch-4/R3_battery-7,Batch-4,R3_battery,193,2C charge and 1C discharge [test capacity],measured_RPT,1.95,False,time_reset_or_nonmonotonic_voltage,False,True,1.986
Batch-4/R3_battery-7,Batch-4,R3_battery,199,2C charge and 1C discharge [test capacity],measured_RPT,1.948,False,time_reset_or_nonmonotonic_voltage,False,True,1.986
Batch-4/R3_battery-7,Batch-4,R3_battery,205,2C charge and 1C discharge [test capacity],measured_RPT,1.946,False,time_reset_or_nonmonotonic_voltage,False,True,1.986
Batch-4/R3_battery-7,Batch-4,R3_battery,211,2C charge and 1C discharge [test capacity],measured_RPT,1.944,False,time_reset_or_nonmonotonic_voltage,False,True,1.986
Batch-4/R3_battery-7,Batch-4,R3_battery,217,2C charge and 1C discharge [test capacity],measured_RPT,1.942,False,time_reset_or_nonmonotonic_voltage,False,True,1.986
Batch-4/R3_battery-7,Batch-4,R3_battery,223,2C charge and 1C discharge [test capacity],measured_RPT,1.938,False,time_reset_or_nonmonotonic_voltage,False,True,1.986
Batch-4/R3_battery-7,Batch-4,R3_battery,229,2C charge and 1C discharge [test capacity],measured_RPT,1.935,False,time_reset_or_nonmonotonic_voltage,False,True,1.986
Batch-4/R3_battery-7,Batch-4,R3_battery,235,2C charge and 1C discharge [test capacity],measured_RPT,1.931,False,time_reset_or_nonmonotonic_voltage,False,True,1.986
Batch-4/R3_battery-7,Batch-4,R3_battery,241,2C charge and 1C discharge [test capacity],measured_RPT,1.926,False,time_reset_or_nonmonotonic_voltage,False,True,1.986
Batch-4/R3_battery-7,Batch-4,R3_battery,247,2C charge and 1C discharge [test capacity],measured_RPT,1.919,False,time_reset_or_nonmonotonic_voltage,False,True,1.986
Batch-4/R3_battery-7,Batch-4,R3_battery,253,2C charge and 1C discharge [test capacity],measured_RPT,1.912,False,time_reset_or_nonmonotonic_voltage,False,True,1.986
Batch-4/R3_battery-7,Batch-4,R3_battery,259,2C charge and 1C discharge [test capacity],measured_RPT,1.906,False,time_reset_or_nonmonotonic_voltage,False,True,1.986
Batch-4/R3_battery-7,Batch-4,R3_battery,265,2C charge and 1C discharge [test capacity],measured_RPT,1.902,False,time_reset_or_nonmonotonic_voltage,False,True,1.986
Batch-4/R3_battery-7,Batch-4,R3_battery,271,2C charge and 1C discharge [test capacity],measured_RPT,1.898,False,time_reset_or_nonmonotonic_voltage,False,True,1.986
Batch-4/R3_battery-7,Batch-4,R3_battery,277,2C charge and 1C discharge [test capacity],measured_RPT,1.894,False,time_reset_or_nonmonotonic_voltage,False,True,1.986
Batch-4/R3_battery-7,Batch-4,R3_battery,283,2C charge and 1C discharge [test capacity],measured_RPT,1.89,False,time_reset_or_nonmonotonic_voltage,False,True,1.986
Batch-4/R3_battery-7,Batch-4,R3_battery,289,2C charge and 1C discharge [test capacity],measured_RPT,1.887,False,time_reset_or_nonmonotonic_voltage,False,True,1.986
Batch-4/R3_battery-7,Batch-4,R3_battery,295,2C charge and 1C discharge [test capacity],measured_RPT,1.885,False,time_reset_or_nonmonotonic_voltage,False,True,1.986
Batch-4/R3_battery-7,Batch-4,R3_battery,301,2C charge and 1C discharge [test capacity],measured_RPT,1.881,False,time_reset_or_nonmonotonic_voltage,False,True,1.986
Batch-4/R3_battery-7,Batch-4,R3_battery,307,2C charge and 1C discharge [test capacity],measured_RPT,1.878,False,time_reset_or_nonmonotonic_voltage,False,True,1.986
Batch-4/R3_battery-7,Batch-4,R3_battery,313,2C charge and 1C discharge [test capacity],measured_RPT,1.871,False,time_reset_or_nonmonotonic_voltage,False,True,1.986
Batch-4/R3_battery-7,Batch-4,R3_battery,319,2C charge and 1C discharge [test capacity],measured_RPT,1.872,False,time_reset_or_nonmonotonic_voltage,False,True,1.986
Batch-4/R3_battery-7,Batch-4,R3_battery,325,2C charge and 1C discharge [test capacity],measured_RPT,1.866,False,time_reset_or_nonmonotonic_voltage,False,True,1.986
Batch-4/R3_battery-7,Batch-4,R3_battery,331,2C charge and 1C discharge [test capacity],measured_RPT,1.866,False,time_reset_or_nonmonotonic_voltage,False,True,1.986
Batch-4/R3_battery-7,Batch-4,R3_battery,337,2C charge and 1C discharge [test capacity],measured_RPT,1.863,False,time_reset_or_nonmonotonic_voltage,False,True,1.986
Batch-4/R3_battery-7,Batch-4,R3_battery,343,2C charge and 1C discharge [test capacity],measured_RPT,1.862,False,time_reset_or_nonmonotonic_voltage,False,True,1.986
Batch-4/R3_battery-7,Batch-4,R3_battery,349,2C charge and 1C discharge [test capacity],measured_RPT,1.858,False,time_reset_or_nonmonotonic_voltage,False,True,1.986
Batch-4/R3_battery-7,Batch-4,R3_battery,355,2C charge and 1C discharge [test capacity],measured_RPT,1.855,False,time_reset_or_nonmonotonic_voltage,False,True,1.986
Batch-4/R3_battery-7,Batch-4,R3_battery,361,2C charge and 1C discharge [test capacity],measured_RPT,1.853,False,time_reset_or_nonmonotonic_voltage,False,True,1.986
Batch-4/R3_battery-7,Batch-4,R3_battery,367,2C charge and 1C discharge [test capacity],measured_RPT,1.849,False,time_reset_or_nonmonotonic_voltage,False,True,1.986
Batch-4/R3_battery-7,Batch-4,R3_battery,373,2C charge and 1C discharge [test capacity],measured_RPT,1.849,False,time_reset_or_nonmonotonic_voltage,False,True,1.986
Batch-4/R3_battery-7,Batch-4,R3_battery,379,2C charge and 1C discharge [test capacity],measured_RPT,1.846,False,time_reset_or_nonmonotonic_voltage,False,True,1.986
Batch-4/R3_battery-7,Batch-4,R3_battery,385,2C charge and 1C discharge [test capacity],measured_RPT,1.845,False,time_reset_or_nonmonotonic_voltage,False,True,1.986
Batch-4/R3_battery-7,Batch-4,R3_battery,391,2C charge and 1C discharge [test capacity],measured_RPT,1.842,False,time_reset_or_nonmonotonic_voltage,False,True,1.986
Batch-4/R3_battery-7,Batch-4,R3_battery,397,2C charge and 1C discharge [test capacity],measured_RPT,1.842,False,time_reset_or_nonmonotonic_voltage,False,True,1.986
Batch-4/R3_battery-7,Batch-4,R3_battery,403,2C charge and 1C discharge [test capacity],measured_RPT,1.839,False,time_reset_or_nonmonotonic_voltage,False,True,1.986
Batch-4/R3_battery-7,Batch-4,R3_battery,409,2C charge and 1C discharge [test capacity],measured_RPT,1.839,False,time_reset_or_nonmonotonic_voltage,False,True,1.986
Batch-4/R3_battery-7,Batch-4,R3_battery,415,2C charge and 1C discharge [test capacity],measured_RPT,1.836,False,time_reset_or_nonmonotonic_voltage,False,True,1.986
Batch-4/R3_battery-7,Batch-4,R3_battery,421,2C charge and 1C discharge [test capacity],measured_RPT,1.833,False,time_reset_or_nonmonotonic_voltage,False,True,1.986
Batch-4/R3_battery-7,Batch-4,R3_battery,427,2C charge and 1C discharge [test capacity],measured_RPT,1.832,False,time_reset_or_nonmonotonic_voltage,False,True,1.986
Batch-4/R3_battery-7,Batch-4,R3_battery,433,2C charge and 1C discharge [test capacity],measured_RPT,1.827,False,time_reset_or_nonmonotonic_voltage,False,True,1.986
Batch-4/R3_battery-7,Batch-4,R3_battery,439,2C charge and 1C discharge [test capacity],measured_RPT,1.827,False,time_reset_or_nonmonotonic_voltage,False,True,1.986
Batch-4/R3_battery-7,Batch-4,R3_battery,445,2C charge and 1C discharge [test capacity],measured_RPT,1.822,False,time_reset_or_nonmonotonic_voltage,False,True,1.986
Batch-4/R3_battery-7,Batch-4,R3_battery,451,2C charge and 1C discharge [test capacity],measured_RPT,1.821,False,time_reset_or_nonmonotonic_voltage,False,True,1.986
Batch-4/R3_battery-7,Batch-4,R3_battery,457,2C charge and 1C discharge [test capacity],measured_RPT,1.817,False,time_reset_or_nonmonotonic_voltage,False,True,1.986
Batch-4/R3_battery-7,Batch-4,R3_battery,463,2C charge and 1C discharge [test capacity],measured_RPT,1.816,False,time_reset_or_nonmonotonic_voltage,False,True,1.986
Batch-4/R3_battery-7,Batch-4,R3_battery,469,2C charge and 1C discharge [test capacity],measured_RPT,1.812,False,time_reset_or_nonmonotonic_voltage,False,True,1.986
Batch-4/R3_battery-7,Batch-4,R3_battery,475,2C charge and 1C discharge [test capacity],measured_RPT,1.809,False,time_reset_or_nonmonotonic_voltage,False,True,1.986
Batch-4/R3_battery-7,Batch-4,R3_battery,481,2C charge and 1C discharge [test capacity],measured_RPT,1.807,False,time_reset_or_nonmonotonic_voltage,False,True,1.986
Batch-4/R3_battery-7,Batch-4,R3_battery,487,2C charge and 1C discharge [test capacity],measured_RPT,1.803,False,time_reset_or_nonmonotonic_voltage,False,True,1.986
Batch-4/R3_battery-7,Batch-4,R3_battery,493,2C charge and 1C discharge [test capacity],measured_RPT,1.802,False,time_reset_or_nonmonotonic_voltage,False,True,1.986
Batch-4/R3_battery-7,Batch-4,R3_battery,499,2C charge and 1C discharge [test capacity],measured_RPT,1.798,False,time_reset_or_nonmonotonic_voltage,False,True,1.986
Batch-4/R3_battery-7,Batch-4,R3_battery,505,2C charge and 1C discharge [test capacity],measured_RPT,1.795,False,time_reset_or_nonmonotonic_voltage,False,True,1.986
Batch-4/R3_battery-7,Batch-4,R3_battery,511,2C charge and 1C discharge [test capacity],measured_RPT,1.79,False,time_reset_or_nonmonotonic_voltage,False,True,1.986
Batch-4/R3_battery-7,Batch-4,R3_battery,517,2C charge and 1C discharge [test capacity],measured_RPT,1.786,False,time_reset_or_nonmonotonic_voltage,False,True,1.986
Batch-4/R3_battery-7,Batch-4,R3_battery,523,2C charge and 1C discharge [test capacity],measured_RPT,1.782,False,time_reset_or_nonmonotonic_voltage,False,True,1.986
Batch-4/R3_battery-7,Batch-4,R3_battery,529,2C charge and 1C discharge [test capacity],measured_RPT,1.774,False,time_reset_or_nonmonotonic_voltage,False,True,1.986
Batch-4/R3_battery-7,Batch-4,R3_battery,535,2C charge and 1C discharge [test capacity],measured_RPT,1.767,False,time_reset_or_nonmonotonic_voltage,False,True,1.986
Batch-4/R3_battery-7,Batch-4,R3_battery,541,2C charge and 1C discharge [test capacity],measured_RPT,1.757,False,time_reset_or_nonmonotonic_voltage,False,True,1.986
Batch-4/R3_battery-7,Batch-4,R3_battery,547,2C charge and 1C discharge [test capacity],measured_RPT,1.748,False,time_reset_or_nonmonotonic_voltage,False,True,1.986
Batch-4/R3_battery-7,Batch-4,R3_battery,553,2C charge and 1C discharge [test capacity],measured_RPT,1.736,False,time_reset_or_nonmonotonic_voltage,False,True,1.986
Batch-4/R3_battery-7,Batch-4,R3_battery,559,2C charge and 1C discharge [test capacity],measured_RPT,1.724,False,time_reset_or_nonmonotonic_voltage,False,True,1.986
Batch-4/R3_battery-7,Batch-4,R3_battery,565,2C charge and 1C discharge [test capacity],measured_RPT,1.709,False,time_reset_or_nonmonotonic_voltage,False,True,1.986
Batch-4/R3_battery-7,Batch-4,R3_battery,571,2C charge and 1C discharge [test capacity],measured_RPT,1.694,False,time_reset_or_nonmonotonic_voltage,False,True,1.986
Batch-4/R3_battery-7,Batch-4,R3_battery,577,2C charge and 1C discharge [test capacity],measured_RPT,1.675,False,time_reset_or_nonmonotonic_voltage,False,True,1.986
Batch-4/R3_battery-7,Batch-4,R3_battery,583,2C charge and 1C discharge [test capacity],measured_RPT,1.654,False,time_reset_or_nonmonotonic_voltage,False,True,1.986
Batch-4/R3_battery-7,Batch-4,R3_battery,589,2C charge and 1C discharge [test capacity],measured_RPT,1.633,False,time_reset_or_nonmonotonic_voltage,False,True,1.986
Batch-4/R3_battery-7,Batch-4,R3_battery,595,2C charge and 1C discharge [test capacity],measured_RPT,1.605,False,time_reset_or_nonmonotonic_voltage,False,True,1.986
Batch-4/R3_battery-7,Batch-4,R3_battery,601,2C charge and 1C discharge [test capacity],measured_RPT,1.578,False,time_reset_or_nonmonotonic_voltage,False,True,1.986
Batch-4/R3_battery-8,Batch-4,R3_battery,1,0.5C charge and 0.2C discharge [test capacity],measured_RPT,1.989,True,ok,True,False,
Batch-4/R3_battery-8,Batch-4,R3_battery,7,2C charge and 1C discharge [test capacity],measured_RPT,1.894,False,time_reset_or_nonmonotonic_voltage,False,True,1.989
Batch-4/R3_battery-8,Batch-4,R3_battery,13,2C charge and 1C discharge [test capacity],measured_RPT,1.919,False,time_reset_or_nonmonotonic_voltage,False,True,1.989
Batch-4/R3_battery-8,Batch-4,R3_battery,19,2C charge and 1C discharge [test capacity],measured_RPT,1.938,False,time_reset_or_nonmonotonic_voltage,False,True,1.989
Batch-4/R3_battery-8,Batch-4,R3_battery,25,2C charge and 1C discharge [test capacity],measured_RPT,1.952,True,ok,False,True,1.989
Batch-4/R3_battery-8,Batch-4,R3_battery,31,2C charge and 1C discharge [test capacity],measured_RPT,1.961,False,time_reset_or_nonmonotonic_voltage,False,True,1.989
Batch-4/R3_battery-8,Batch-4,R3_battery,37,2C charge and 1C discharge [test capacity],measured_RPT,1.967,False,time_reset_or_nonmonotonic_voltage,False,True,1.989
Batch-4/R3_battery-8,Batch-4,R3_battery,43,2C charge and 1C discharge [test capacity],measured_RPT,1.971,False,time_reset_or_nonmonotonic_voltage,False,True,1.989
Batch-4/R3_battery-8,Batch-4,R3_battery,49,2C charge and 1C discharge [test capacity],measured_RPT,1.973,False,time_reset_or_nonmonotonic_voltage,False,True,1.989
Batch-4/R3_battery-8,Batch-4,R3_battery,55,2C charge and 1C discharge [test capacity],measured_RPT,1.974,False,time_reset_or_nonmonotonic_voltage,False,True,1.989
Batch-4/R3_battery-8,Batch-4,R3_battery,61,2C charge and 1C discharge [test capacity],measured_RPT,1.974,False,time_reset_or_nonmonotonic_voltage,False,True,1.989
Batch-4/R3_battery-8,Batch-4,R3_battery,67,2C charge and 1C discharge [test capacity],measured_RPT,1.977,False,time_reset_or_nonmonotonic_voltage,False,True,1.989
Batch-4/R3_battery-8,Batch-4,R3_battery,73,2C charge and 1C discharge [test capacity],measured_RPT,1.974,False,time_reset_or_nonmonotonic_voltage,False,True,1.989
Batch-4/R3_battery-8,Batch-4,R3_battery,79,2C charge and 1C discharge [test capacity],measured_RPT,1.978,False,time_reset_or_nonmonotonic_voltage,False,True,1.989
Batch-4/R3_battery-8,Batch-4,R3_battery,85,2C charge and 1C discharge [test capacity],measured_RPT,1.976,False,time_reset_or_nonmonotonic_voltage,False,True,1.989
Batch-4/R3_battery-8,Batch-4,R3_battery,91,2C charge and 1C discharge [test capacity],measured_RPT,1.98,False,time_reset_or_nonmonotonic_voltage,False,True,1.989
Batch-4/R3_battery-8,Batch-4,R3_battery,97,2C charge and 1C discharge [test capacity],measured_RPT,1.974,False,time_reset_or_nonmonotonic_voltage,False,True,1.989
Batch-4/R3_battery-8,Batch-4,R3_battery,103,2C charge and 1C discharge [test capacity],measured_RPT,1.972,False,time_reset_or_nonmonotonic_voltage,False,True,1.989
Batch-4/R3_battery-8,Batch-4,R3_battery,109,2C charge and 1C discharge [test capacity],measured_RPT,1.972,False,time_reset_or_nonmonotonic_voltage,False,True,1.989
Batch-4/R3_battery-8,Batch-4,R3_battery,115,2C charge and 1C discharge [test capacity],measured_RPT,1.973,False,time_reset_or_nonmonotonic_voltage,False,True,1.989
Batch-4/R3_battery-8,Batch-4,R3_battery,121,2C charge and 1C discharge [test capacity],measured_RPT,1.971,False,time_reset_or_nonmonotonic_voltage,False,True,1.989
Batch-4/R3_battery-8,Batch-4,R3_battery,127,2C charge and 1C discharge [test capacity],measured_RPT,1.97,False,time_reset_or_nonmonotonic_voltage,False,True,1.989
Batch-4/R3_battery-8,Batch-4,R3_battery,133,2C charge and 1C discharge [test capacity],measured_RPT,1.973,True,ok,False,True,1.989
Batch-4/R3_battery-8,Batch-4,R3_battery,139,2C charge and 1C discharge [test capacity],measured_RPT,1.972,True,ok,False,True,1.989
Batch-4/R3_battery-8,Batch-4,R3_battery,145,2C charge and 1C discharge [test capacity],measured_RPT,1.973,False,time_reset_or_nonmonotonic_voltage,False,True,1.989
Batch-4/R3_battery-8,Batch-4,R3_battery,151,2C charge and 1C discharge [test capacity],measured_RPT,1.97,False,time_reset_or_nonmonotonic_voltage,False,True,1.989
Batch-4/R3_battery-8,Batch-4,R3_battery,157,2C charge and 1C discharge [test capacity],measured_RPT,1.973,False,time_reset_or_nonmonotonic_voltage,False,True,1.989
Batch-4/R3_battery-8,Batch-4,R3_battery,163,2C charge and 1C discharge [test capacity],measured_RPT,1.97,True,ok,False,True,1.989
Batch-4/R3_battery-8,Batch-4,R3_battery,169,2C charge and 1C discharge [test capacity],measured_RPT,1.974,False,time_reset_or_nonmonotonic_voltage,False,True,1.989
Batch-4/R3_battery-8,Batch-4,R3_battery,175,2C charge and 1C discharge [test capacity],measured_RPT,1.974,False,time_reset_or_nonmonotonic_voltage,False,True,1.989
Batch-4/R3_battery-8,Batch-4,R3_battery,181,2C charge and 1C discharge [test capacity],measured_RPT,1.972,False,time_reset_or_nonmonotonic_voltage,False,True,1.989
Batch-4/R3_battery-8,Batch-4,R3_battery,187,2C charge and 1C discharge [test capacity],measured_RPT,1.971,False,time_reset_or_nonmonotonic_voltage,False,True,1.989
Batch-4/R3_battery-8,Batch-4,R3_battery,193,2C charge and 1C discharge [test capacity],measured_RPT,1.969,False,time_reset_or_nonmonotonic_voltage,False,True,1.989
Batch-4/R3_battery-8,Batch-4,R3_battery,199,2C charge and 1C discharge [test capacity],measured_RPT,1.967,False,time_reset_or_nonmonotonic_voltage,False,True,1.989
Batch-4/R3_battery-8,Batch-4,R3_battery,205,2C charge and 1C discharge [test capacity],measured_RPT,1.965,False,time_reset_or_nonmonotonic_voltage,False,True,1.989
Batch-4/R3_battery-8,Batch-4,R3_battery,211,2C charge and 1C discharge [test capacity],measured_RPT,1.964,False,time_reset_or_nonmonotonic_voltage,False,True,1.989
Batch-4/R3_battery-8,Batch-4,R3_battery,217,2C charge and 1C discharge [test capacity],measured_RPT,1.963,False,time_reset_or_nonmonotonic_voltage,False,True,1.989
Batch-4/R3_battery-8,Batch-4,R3_battery,223,2C charge and 1C discharge [test capacity],measured_RPT,1.959,False,time_reset_or_nonmonotonic_voltage,False,True,1.989
Batch-4/R3_battery-8,Batch-4,R3_battery,229,2C charge and 1C discharge [test capacity],measured_RPT,1.956,False,time_reset_or_nonmonotonic_voltage,False,True,1.989
Batch-4/R3_battery-8,Batch-4,R3_battery,235,2C charge and 1C discharge [test capacity],measured_RPT,1.953,False,time_reset_or_nonmonotonic_voltage,False,True,1.989
Batch-4/R3_battery-8,Batch-4,R3_battery,241,2C charge and 1C discharge [test capacity],measured_RPT,1.948,False,time_reset_or_nonmonotonic_voltage,False,True,1.989
Batch-4/R3_battery-8,Batch-4,R3_battery,247,2C charge and 1C discharge [test capacity],measured_RPT,1.941,False,time_reset_or_nonmonotonic_voltage,False,True,1.989
Batch-4/R3_battery-8,Batch-4,R3_battery,253,2C charge and 1C discharge [test capacity],measured_RPT,1.934,False,time_reset_or_nonmonotonic_voltage,False,True,1.989
Batch-4/R3_battery-8,Batch-4,R3_battery,259,2C charge and 1C discharge [test capacity],measured_RPT,1.929,False,time_reset_or_nonmonotonic_voltage,False,True,1.989
Batch-4/R3_battery-8,Batch-4,R3_battery,265,2C charge and 1C discharge [test capacity],measured_RPT,1.926,False,time_reset_or_nonmonotonic_voltage,False,True,1.989
Batch-4/R3_battery-8,Batch-4,R3_battery,271,2C charge and 1C discharge [test capacity],measured_RPT,1.921,True,ok,False,True,1.989
Batch-4/R3_battery-8,Batch-4,R3_battery,277,2C charge and 1C discharge [test capacity],measured_RPT,1.918,False,time_reset_or_nonmonotonic_voltage,False,True,1.989
Batch-4/R3_battery-8,Batch-4,R3_battery,283,2C charge and 1C discharge [test capacity],measured_RPT,1.915,False,time_reset_or_nonmonotonic_voltage,False,True,1.989
Batch-4/R3_battery-8,Batch-4,R3_battery,289,2C charge and 1C discharge [test capacity],measured_RPT,1.912,False,time_reset_or_nonmonotonic_voltage,False,True,1.989
Batch-4/R3_battery-8,Batch-4,R3_battery,295,2C charge and 1C discharge [test capacity],measured_RPT,1.91,False,time_reset_or_nonmonotonic_voltage,False,True,1.989
Batch-4/R3_battery-8,Batch-4,R3_battery,301,2C charge and 1C discharge [test capacity],measured_RPT,1.907,False,time_reset_or_nonmonotonic_voltage,False,True,1.989
Batch-4/R3_battery-8,Batch-4,R3_battery,307,2C charge and 1C discharge [test capacity],measured_RPT,1.903,False,time_reset_or_nonmonotonic_voltage,False,True,1.989
Batch-4/R3_battery-8,Batch-4,R3_battery,313,2C charge and 1C discharge [test capacity],measured_RPT,1.897,False,time_reset_or_nonmonotonic_voltage,False,True,1.989
Batch-4/R3_battery-8,Batch-4,R3_battery,319,2C charge and 1C discharge [test capacity],measured_RPT,1.899,False,time_reset_or_nonmonotonic_voltage,False,True,1.989
Batch-4/R3_battery-8,Batch-4,R3_battery,325,2C charge and 1C discharge [test capacity],measured_RPT,1.893,False,time_reset_or_nonmonotonic_voltage,False,True,1.989
Batch-4/R3_battery-8,Batch-4,R3_battery,331,2C charge and 1C discharge [test capacity],measured_RPT,1.894,False,time_reset_or_nonmonotonic_voltage,False,True,1.989
Batch-4/R3_battery-8,Batch-4,R3_battery,337,2C charge and 1C discharge [test capacity],measured_RPT,1.891,False,time_reset_or_nonmonotonic_voltage,False,True,1.989
Batch-4/R3_battery-8,Batch-4,R3_battery,343,2C charge and 1C discharge [test capacity],measured_RPT,1.892,False,time_reset_or_nonmonotonic_voltage,False,True,1.989
Batch-4/R3_battery-8,Batch-4,R3_battery,349,2C charge and 1C discharge [test capacity],measured_RPT,1.888,False,time_reset_or_nonmonotonic_voltage,False,True,1.989
Batch-4/R3_battery-8,Batch-4,R3_battery,355,2C charge and 1C discharge [test capacity],measured_RPT,1.886,False,time_reset_or_nonmonotonic_voltage,False,True,1.989
Batch-4/R3_battery-8,Batch-4,R3_battery,361,2C charge and 1C discharge [test capacity],measured_RPT,1.884,False,time_reset_or_nonmonotonic_voltage,False,True,1.989
Batch-4/R3_battery-8,Batch-4,R3_battery,367,2C charge and 1C discharge [test capacity],measured_RPT,1.882,False,time_reset_or_nonmonotonic_voltage,False,True,1.989
Batch-4/R3_battery-8,Batch-4,R3_battery,373,2C charge and 1C discharge [test capacity],measured_RPT,1.883,False,time_reset_or_nonmonotonic_voltage,False,True,1.989
Batch-4/R3_battery-8,Batch-4,R3_battery,379,2C charge and 1C discharge [test capacity],measured_RPT,1.88,False,time_reset_or_nonmonotonic_voltage,False,True,1.989
Batch-4/R3_battery-8,Batch-4,R3_battery,385,2C charge and 1C discharge [test capacity],measured_RPT,1.879,False,time_reset_or_nonmonotonic_voltage,False,True,1.989
Batch-4/R3_battery-8,Batch-4,R3_battery,391,2C charge and 1C discharge [test capacity],measured_RPT,1.877,False,time_reset_or_nonmonotonic_voltage,False,True,1.989
Batch-4/R3_battery-8,Batch-4,R3_battery,397,2C charge and 1C discharge [test capacity],measured_RPT,1.879,False,time_reset_or_nonmonotonic_voltage,False,True,1.989
Batch-4/R3_battery-8,Batch-4,R3_battery,403,2C charge and 1C discharge [test capacity],measured_RPT,1.876,False,time_reset_or_nonmonotonic_voltage,False,True,1.989
Batch-4/R3_battery-8,Batch-4,R3_battery,409,2C charge and 1C discharge [test capacity],measured_RPT,1.876,False,time_reset_or_nonmonotonic_voltage,False,True,1.989
Batch-4/R3_battery-8,Batch-4,R3_battery,415,2C charge and 1C discharge [test capacity],measured_RPT,1.874,False,time_reset_or_nonmonotonic_voltage,False,True,1.989
Batch-4/R3_battery-8,Batch-4,R3_battery,421,2C charge and 1C discharge [test capacity],measured_RPT,1.873,False,time_reset_or_nonmonotonic_voltage,False,True,1.989
Batch-4/R3_battery-8,Batch-4,R3_battery,427,2C charge and 1C discharge [test capacity],measured_RPT,1.871,False,time_reset_or_nonmonotonic_voltage,False,True,1.989
Batch-4/R3_battery-8,Batch-4,R3_battery,433,2C charge and 1C discharge [test capacity],measured_RPT,1.868,False,time_reset_or_nonmonotonic_voltage,False,True,1.989
Batch-4/R3_battery-8,Batch-4,R3_battery,439,2C charge and 1C discharge [test capacity],measured_RPT,1.868,False,time_reset_or_nonmonotonic_voltage,False,True,1.989
Batch-4/R3_battery-8,Batch-4,R3_battery,445,2C charge and 1C discharge [test capacity],measured_RPT,1.864,False,time_reset_or_nonmonotonic_voltage,False,True,1.989
Batch-4/R3_battery-8,Batch-4,R3_battery,451,2C charge and 1C discharge [test capacity],measured_RPT,1.865,True,ok,False,True,1.989
Batch-4/R3_battery-8,Batch-4,R3_battery,457,2C charge and 1C discharge [test capacity],measured_RPT,1.862,False,time_reset_or_nonmonotonic_voltage,False,True,1.989
Batch-4/R3_battery-8,Batch-4,R3_battery,463,2C charge and 1C discharge [test capacity],measured_RPT,1.862,False,time_reset_or_nonmonotonic_voltage,False,True,1.989
Batch-4/R3_battery-8,Batch-4,R3_battery,469,2C charge and 1C discharge [test capacity],measured_RPT,1.86,False,time_reset_or_nonmonotonic_voltage,False,True,1.989
Batch-4/R3_battery-8,Batch-4,R3_battery,475,2C charge and 1C discharge [test capacity],measured_RPT,1.861,False,time_reset_or_nonmonotonic_voltage,False,True,1.989
Batch-4/R3_battery-8,Batch-4,R3_battery,481,2C charge and 1C discharge [test capacity],measured_RPT,1.858,False,time_reset_or_nonmonotonic_voltage,False,True,1.989
Batch-4/R3_battery-8,Batch-4,R3_battery,487,2C charge and 1C discharge [test capacity],measured_RPT,1.856,False,time_reset_or_nonmonotonic_voltage,False,True,1.989
Batch-4/R3_battery-8,Batch-4,R3_battery,493,2C charge and 1C discharge [test capacity],measured_RPT,1.856,False,time_reset_or_nonmonotonic_voltage,False,True,1.989
Batch-4/R3_battery-8,Batch-4,R3_battery,499,2C charge and 1C discharge [test capacity],measured_RPT,1.853,False,time_reset_or_nonmonotonic_voltage,False,True,1.989
Batch-4/R3_battery-8,Batch-4,R3_battery,505,2C charge and 1C discharge [test capacity],measured_RPT,1.853,False,time_reset_or_nonmonotonic_voltage,False,True,1.989
Batch-4/R3_battery-8,Batch-4,R3_battery,511,2C charge and 1C discharge [test capacity],measured_RPT,1.85,False,time_reset_or_nonmonotonic_voltage,False,True,1.989
Batch-4/R3_battery-8,Batch-4,R3_battery,517,2C charge and 1C discharge [test capacity],measured_RPT,1.849,True,ok,False,True,1.989
Batch-4/R3_battery-8,Batch-4,R3_battery,523,2C charge and 1C discharge [test capacity],measured_RPT,1.848,False,time_reset_or_nonmonotonic_voltage,False,True,1.989
Batch-4/R3_battery-8,Batch-4,R3_battery,529,2C charge and 1C discharge [test capacity],measured_RPT,1.846,False,time_reset_or_nonmonotonic_voltage,False,True,1.989
Batch-4/R3_battery-8,Batch-4,R3_battery,535,2C charge and 1C discharge [test capacity],measured_RPT,1.845,True,ok,False,True,1.989
Batch-4/R3_battery-8,Batch-4,R3_battery,541,2C charge and 1C discharge [test capacity],measured_RPT,1.841,False,time_reset_or_nonmonotonic_voltage,False,True,1.989
Batch-4/R3_battery-8,Batch-4,R3_battery,547,2C charge and 1C discharge [test capacity],measured_RPT,1.84,False,time_reset_or_nonmonotonic_voltage,False,True,1.989
Batch-4/R3_battery-8,Batch-4,R3_battery,553,2C charge and 1C discharge [test capacity],measured_RPT,1.836,False,time_reset_or_nonmonotonic_voltage,False,True,1.989
Batch-4/R3_battery-8,Batch-4,R3_battery,559,2C charge and 1C discharge [test capacity],measured_RPT,1.833,True,ok,False,True,1.989
Batch-4/R3_battery-8,Batch-4,R3_battery,565,2C charge and 1C discharge [test capacity],measured_RPT,1.83,False,time_reset_or_nonmonotonic_voltage,False,True,1.989
Batch-4/R3_battery-8,Batch-4,R3_battery,571,2C charge and 1C discharge [test capacity],measured_RPT,1.828,False,time_reset_or_nonmonotonic_voltage,False,True,1.989
Batch-4/R3_battery-8,Batch-4,R3_battery,577,2C charge and 1C discharge [test capacity],measured_RPT,1.824,False,time_reset_or_nonmonotonic_voltage,False,True,1.989
Batch-4/R3_battery-8,Batch-4,R3_battery,583,2C charge and 1C discharge [test capacity],measured_RPT,1.822,False,time_reset_or_nonmonotonic_voltage,False,True,1.989
Batch-4/R3_battery-8,Batch-4,R3_battery,589,2C charge and 1C discharge [test capacity],measured_RPT,1.818,False,time_reset_or_nonmonotonic_voltage,False,True,1.989
Batch-4/R3_battery-8,Batch-4,R3_battery,595,2C charge and 1C discharge [test capacity],measured_RPT,1.818,False,time_reset_or_nonmonotonic_voltage,False,True,1.989
Batch-4/R3_battery-8,Batch-4,R3_battery,601,2C charge and 1C discharge [test capacity],measured_RPT,1.814,False,time_reset_or_nonmonotonic_voltage,False,True,1.989
Batch-4/R3_battery-8,Batch-4,R3_battery,607,2C charge and 1C discharge [test capacity],measured_RPT,1.808,False,time_reset_or_nonmonotonic_voltage,False,True,1.989
Batch-4/R3_battery-8,Batch-4,R3_battery,613,2C charge and 1C discharge [test capacity],measured_RPT,1.806,False,time_reset_or_nonmonotonic_voltage,False,True,1.989
Batch-4/R3_battery-8,Batch-4,R3_battery,619,2C charge and 1C discharge [test capacity],measured_RPT,1.799,True,ok,False,True,1.989
Batch-4/R3_battery-8,Batch-4,R3_battery,625,2C charge and 1C discharge [test capacity],measured_RPT,1.794,False,time_reset_or_nonmonotonic_voltage,False,True,1.989
Batch-4/R3_battery-8,Batch-4,R3_battery,631,2C charge and 1C discharge [test capacity],measured_RPT,1.79,False,time_reset_or_nonmonotonic_voltage,False,True,1.989
Batch-4/R3_battery-8,Batch-4,R3_battery,637,2C charge and 1C discharge [test capacity],measured_RPT,1.786,False,time_reset_or_nonmonotonic_voltage,False,True,1.989
Batch-4/R3_battery-8,Batch-4,R3_battery,643,2C charge and 1C discharge [test capacity],measured_RPT,1.779,False,time_reset_or_nonmonotonic_voltage,False,True,1.989
Batch-4/R3_battery-8,Batch-4,R3_battery,649,2C charge and 1C discharge [test capacity],measured_RPT,1.772,False,time_reset_or_nonmonotonic_voltage,False,True,1.989
Batch-4/R3_battery-8,Batch-4,R3_battery,655,2C charge and 1C discharge [test capacity],measured_RPT,1.765,False,time_reset_or_nonmonotonic_voltage,False,True,1.989
Batch-4/R3_battery-8,Batch-4,R3_battery,661,2C charge and 1C discharge [test capacity],measured_RPT,1.756,False,time_reset_or_nonmonotonic_voltage,False,True,1.989
Batch-4/R3_battery-8,Batch-4,R3_battery,667,2C charge and 1C discharge [test capacity],measured_RPT,1.749,False,time_reset_or_nonmonotonic_voltage,False,True,1.989
Batch-4/R3_battery-8,Batch-4,R3_battery,673,2C charge and 1C discharge [test capacity],measured_RPT,1.738,False,time_reset_or_nonmonotonic_voltage,False,True,1.989
Batch-4/R3_battery-8,Batch-4,R3_battery,679,2C charge and 1C discharge [test capacity],measured_RPT,1.73,False,time_reset_or_nonmonotonic_voltage,False,True,1.989
Batch-4/R3_battery-8,Batch-4,R3_battery,685,2C charge and 1C discharge [test capacity],measured_RPT,1.718,False,time_reset_or_nonmonotonic_voltage,False,True,1.989
Batch-4/R3_battery-8,Batch-4,R3_battery,691,2C charge and 1C discharge [test capacity],measured_RPT,1.707,False,time_reset_or_nonmonotonic_voltage,False,True,1.989
Batch-4/R3_battery-8,Batch-4,R3_battery,697,2C charge and 1C discharge [test capacity],measured_RPT,1.697,False,time_reset_or_nonmonotonic_voltage,False,True,1.989
Batch-4/R3_battery-8,Batch-4,R3_battery,703,2C charge and 1C discharge [test capacity],measured_RPT,1.684,False,time_reset_or_nonmonotonic_voltage,False,True,1.989
Batch-4/R3_battery-8,Batch-4,R3_battery,709,2C charge and 1C discharge [test capacity],measured_RPT,1.675,True,ok,False,True,1.989
Batch-4/R3_battery-8,Batch-4,R3_battery,715,2C charge and 1C discharge [test capacity],measured_RPT,1.662,False,time_reset_or_nonmonotonic_voltage,False,True,1.989
Batch-4/R3_battery-8,Batch-4,R3_battery,721,2C charge and 1C discharge [test capacity],measured_RPT,1.651,False,time_reset_or_nonmonotonic_voltage,False,True,1.989
Batch-4/R3_battery-8,Batch-4,R3_battery,727,2C charge and 1C discharge [test capacity],measured_RPT,1.639,False,time_reset_or_nonmonotonic_voltage,False,True,1.989
Batch-4/R3_battery-8,Batch-4,R3_battery,733,2C charge and 1C discharge [test capacity],measured_RPT,1.625,False,time_reset_or_nonmonotonic_voltage,False,True,1.989
Batch-4/R3_battery-8,Batch-4,R3_battery,739,2C charge and 1C discharge [test capacity],measured_RPT,1.616,False,time_reset_or_nonmonotonic_voltage,False,True,1.989
Batch-4/R3_battery-8,Batch-4,R3_battery,745,2C charge and 1C discharge [test capacity],measured_RPT,1.605,True,ok,False,True,1.989
Batch-4/R3_battery-8,Batch-4,R3_battery,751,2C charge and 1C discharge [test capacity],measured_RPT,1.588,False,time_reset_or_nonmonotonic_voltage,False,True,1.989
Batch-5/RW_battery-1,Batch-5,RW_battery,21,1C charge and 1C discharge [test capacity],measured_RPT,1.865,False,time_reset_or_nonmonotonic_voltage,True,False,
Batch-5/RW_battery-1,Batch-5,RW_battery,32,1C charge and 1C discharge [test capacity],measured_RPT,1.907,False,time_reset_or_nonmonotonic_voltage,False,True,1.865
Batch-5/RW_battery-1,Batch-5,RW_battery,43,1C charge and 1C discharge [test capacity],measured_RPT,1.923,False,time_reset_or_nonmonotonic_voltage,False,True,1.865
Batch-5/RW_battery-1,Batch-5,RW_battery,54,1C charge and 1C discharge [test capacity],measured_RPT,1.929,False,time_reset_or_nonmonotonic_voltage,False,True,1.865
Batch-5/RW_battery-1,Batch-5,RW_battery,65,1C charge and 1C discharge [test capacity],measured_RPT,1.924,False,time_reset_or_nonmonotonic_voltage,False,True,1.865
Batch-5/RW_battery-1,Batch-5,RW_battery,76,1C charge and 1C discharge [test capacity],measured_RPT,1.918,True,ok,False,True,1.865
Batch-5/RW_battery-1,Batch-5,RW_battery,87,1C charge and 1C discharge [test capacity],measured_RPT,1.913,True,ok,False,True,1.865
Batch-5/RW_battery-1,Batch-5,RW_battery,98,1C charge and 1C discharge [test capacity],measured_RPT,1.902,True,ok,False,True,1.865
Batch-5/RW_battery-1,Batch-5,RW_battery,109,1C charge and 1C discharge [test capacity],measured_RPT,1.887,False,time_reset_or_nonmonotonic_voltage,False,True,1.865
Batch-5/RW_battery-1,Batch-5,RW_battery,120,1C charge and 1C discharge [test capacity],measured_RPT,1.879,False,time_reset_or_nonmonotonic_voltage,False,True,1.865
Batch-5/RW_battery-1,Batch-5,RW_battery,131,1C charge and 1C discharge [test capacity],measured_RPT,1.863,False,time_reset_or_nonmonotonic_voltage,False,True,1.865
Batch-5/RW_battery-1,Batch-5,RW_battery,142,1C charge and 1C discharge [test capacity],measured_RPT,1.836,False,time_reset_or_nonmonotonic_voltage,False,True,1.865
Batch-5/RW_battery-1,Batch-5,RW_battery,153,1C charge and 1C discharge [test capacity],measured_RPT,1.806,False,time_reset_or_nonmonotonic_voltage,False,True,1.865
Batch-5/RW_battery-1,Batch-5,RW_battery,164,1C charge and 1C discharge [test capacity],measured_RPT,1.77,False,time_reset_or_nonmonotonic_voltage,False,True,1.865
Batch-5/RW_battery-1,Batch-5,RW_battery,175,1C charge and 1C discharge [test capacity],measured_RPT,1.727,False,time_reset_or_nonmonotonic_voltage,False,True,1.865
Batch-5/RW_battery-1,Batch-5,RW_battery,186,1C charge and 1C discharge [test capacity],measured_RPT,1.673,True,ok,False,True,1.865
Batch-5/RW_battery-1,Batch-5,RW_battery,197,1C charge and 1C discharge [test capacity],measured_RPT,1.598,False,time_reset_or_nonmonotonic_voltage,False,True,1.865
Batch-5/RW_battery-2,Batch-5,RW_battery,21,1C charge and 1C discharge [test capacity],measured_RPT,1.881,False,time_reset_or_nonmonotonic_voltage,True,False,
Batch-5/RW_battery-2,Batch-5,RW_battery,32,1C charge and 1C discharge [test capacity],measured_RPT,1.913,False,time_reset_or_nonmonotonic_voltage,False,True,1.881
Batch-5/RW_battery-2,Batch-5,RW_battery,43,1C charge and 1C discharge [test capacity],measured_RPT,1.929,False,time_reset_or_nonmonotonic_voltage,False,True,1.881
Batch-5/RW_battery-2,Batch-5,RW_battery,54,1C charge and 1C discharge [test capacity],measured_RPT,1.938,False,time_reset_or_nonmonotonic_voltage,False,True,1.881
Batch-5/RW_battery-2,Batch-5,RW_battery,65,1C charge and 1C discharge [test capacity],measured_RPT,1.937,False,time_reset_or_nonmonotonic_voltage,False,True,1.881
Batch-5/RW_battery-2,Batch-5,RW_battery,76,1C charge and 1C discharge [test capacity],measured_RPT,1.935,False,time_reset_or_nonmonotonic_voltage,False,True,1.881
Batch-5/RW_battery-2,Batch-5,RW_battery,87,1C charge and 1C discharge [test capacity],measured_RPT,1.935,False,time_reset_or_nonmonotonic_voltage,False,True,1.881
Batch-5/RW_battery-2,Batch-5,RW_battery,98,1C charge and 1C discharge [test capacity],measured_RPT,1.929,False,time_reset_or_nonmonotonic_voltage,False,True,1.881
Batch-5/RW_battery-2,Batch-5,RW_battery,109,1C charge and 1C discharge [test capacity],measured_RPT,1.922,False,time_reset_or_nonmonotonic_voltage,False,True,1.881
Batch-5/RW_battery-2,Batch-5,RW_battery,120,1C charge and 1C discharge [test capacity],measured_RPT,1.919,False,time_reset_or_nonmonotonic_voltage,False,True,1.881
Batch-5/RW_battery-2,Batch-5,RW_battery,131,1C charge and 1C discharge [test capacity],measured_RPT,1.913,False,time_reset_or_nonmonotonic_voltage,False,True,1.881
Batch-5/RW_battery-2,Batch-5,RW_battery,142,1C charge and 1C discharge [test capacity],measured_RPT,1.904,False,time_reset_or_nonmonotonic_voltage,False,True,1.881
Batch-5/RW_battery-2,Batch-5,RW_battery,153,1C charge and 1C discharge [test capacity],measured_RPT,1.898,False,time_reset_or_nonmonotonic_voltage,False,True,1.881
Batch-5/RW_battery-2,Batch-5,RW_battery,164,1C charge and 1C discharge [test capacity],measured_RPT,1.892,False,time_reset_or_nonmonotonic_voltage,False,True,1.881
Batch-5/RW_battery-2,Batch-5,RW_battery,175,1C charge and 1C discharge [test capacity],measured_RPT,1.882,False,time_reset_or_nonmonotonic_voltage,False,True,1.881
Batch-5/RW_battery-2,Batch-5,RW_battery,186,1C charge and 1C discharge [test capacity],measured_RPT,1.876,False,time_reset_or_nonmonotonic_voltage,False,True,1.881
Batch-5/RW_battery-2,Batch-5,RW_battery,197,1C charge and 1C discharge [test capacity],measured_RPT,1.869,False,time_reset_or_nonmonotonic_voltage,False,True,1.881
Batch-5/RW_battery-2,Batch-5,RW_battery,208,1C charge and 1C discharge [test capacity],measured_RPT,1.858,False,time_reset_or_nonmonotonic_voltage,False,True,1.881
Batch-5/RW_battery-2,Batch-5,RW_battery,219,1C charge and 1C discharge [test capacity],measured_RPT,1.848,False,time_reset_or_nonmonotonic_voltage,False,True,1.881
Batch-5/RW_battery-2,Batch-5,RW_battery,230,1C charge and 1C discharge [test capacity],measured_RPT,1.834,False,time_reset_or_nonmonotonic_voltage,False,True,1.881
Batch-5/RW_battery-2,Batch-5,RW_battery,241,1C charge and 1C discharge [test capacity],measured_RPT,1.822,False,time_reset_or_nonmonotonic_voltage,False,True,1.881
Batch-5/RW_battery-2,Batch-5,RW_battery,252,1C charge and 1C discharge [test capacity],measured_RPT,1.802,False,time_reset_or_nonmonotonic_voltage,False,True,1.881
Batch-5/RW_battery-2,Batch-5,RW_battery,263,1C charge and 1C discharge [test capacity],measured_RPT,1.772,False,time_reset_or_nonmonotonic_voltage,False,True,1.881
Batch-5/RW_battery-2,Batch-5,RW_battery,274,1C charge and 1C discharge [test capacity],measured_RPT,1.742,False,time_reset_or_nonmonotonic_voltage,False,True,1.881
Batch-5/RW_battery-2,Batch-5,RW_battery,285,1C charge and 1C discharge [test capacity],measured_RPT,1.701,False,time_reset_or_nonmonotonic_voltage,False,True,1.881
Batch-5/RW_battery-2,Batch-5,RW_battery,296,1C charge and 1C discharge [test capacity],measured_RPT,1.649,False,time_reset_or_nonmonotonic_voltage,False,True,1.881
Batch-5/RW_battery-2,Batch-5,RW_battery,307,1C charge and 1C discharge [test capacity],measured_RPT,1.578,False,time_reset_or_nonmonotonic_voltage,False,True,1.881
Batch-5/RW_battery-3,Batch-5,RW_battery,21,1C charge and 1C discharge [test capacity],measured_RPT,1.878,False,time_reset_or_nonmonotonic_voltage,True,False,
Batch-5/RW_battery-3,Batch-5,RW_battery,32,1C charge and 1C discharge [test capacity],measured_RPT,1.915,False,time_reset_or_nonmonotonic_voltage,False,True,1.878
Batch-5/RW_battery-3,Batch-5,RW_battery,43,1C charge and 1C discharge [test capacity],measured_RPT,1.933,False,time_reset_or_nonmonotonic_voltage,False,True,1.878
Batch-5/RW_battery-3,Batch-5,RW_battery,54,1C charge and 1C discharge [test capacity],measured_RPT,1.942,False,time_reset_or_nonmonotonic_voltage,False,True,1.878
Batch-5/RW_battery-3,Batch-5,RW_battery,65,1C charge and 1C discharge [test capacity],measured_RPT,1.94,False,time_reset_or_nonmonotonic_voltage,False,True,1.878
Batch-5/RW_battery-3,Batch-5,RW_battery,76,1C charge and 1C discharge [test capacity],measured_RPT,1.935,False,time_reset_or_nonmonotonic_voltage,False,True,1.878
Batch-5/RW_battery-3,Batch-5,RW_battery,87,1C charge and 1C discharge [test capacity],measured_RPT,1.934,False,time_reset_or_nonmonotonic_voltage,False,True,1.878
Batch-5/RW_battery-3,Batch-5,RW_battery,98,1C charge and 1C discharge [test capacity],measured_RPT,1.928,False,time_reset_or_nonmonotonic_voltage,False,True,1.878
Batch-5/RW_battery-3,Batch-5,RW_battery,109,1C charge and 1C discharge [test capacity],measured_RPT,1.918,False,time_reset_or_nonmonotonic_voltage,False,True,1.878
Batch-5/RW_battery-3,Batch-5,RW_battery,120,1C charge and 1C discharge [test capacity],measured_RPT,1.915,False,time_reset_or_nonmonotonic_voltage,False,True,1.878
Batch-5/RW_battery-3,Batch-5,RW_battery,131,1C charge and 1C discharge [test capacity],measured_RPT,1.909,False,time_reset_or_nonmonotonic_voltage,False,True,1.878
Batch-5/RW_battery-3,Batch-5,RW_battery,142,1C charge and 1C discharge [test capacity],measured_RPT,1.9,False,time_reset_or_nonmonotonic_voltage,False,True,1.878
Batch-5/RW_battery-3,Batch-5,RW_battery,153,1C charge and 1C discharge [test capacity],measured_RPT,1.895,False,time_reset_or_nonmonotonic_voltage,False,True,1.878
Batch-5/RW_battery-3,Batch-5,RW_battery,164,1C charge and 1C discharge [test capacity],measured_RPT,1.889,False,time_reset_or_nonmonotonic_voltage,False,True,1.878
Batch-5/RW_battery-3,Batch-5,RW_battery,175,1C charge and 1C discharge [test capacity],measured_RPT,1.88,False,time_reset_or_nonmonotonic_voltage,False,True,1.878
Batch-5/RW_battery-3,Batch-5,RW_battery,186,1C charge and 1C discharge [test capacity],measured_RPT,1.874,False,time_reset_or_nonmonotonic_voltage,False,True,1.878
Batch-5/RW_battery-3,Batch-5,RW_battery,197,1C charge and 1C discharge [test capacity],measured_RPT,1.867,False,time_reset_or_nonmonotonic_voltage,False,True,1.878
Batch-5/RW_battery-3,Batch-5,RW_battery,208,1C charge and 1C discharge [test capacity],measured_RPT,1.855,False,time_reset_or_nonmonotonic_voltage,False,True,1.878
Batch-5/RW_battery-3,Batch-5,RW_battery,219,1C charge and 1C discharge [test capacity],measured_RPT,1.843,False,time_reset_or_nonmonotonic_voltage,False,True,1.878
Batch-5/RW_battery-3,Batch-5,RW_battery,230,1C charge and 1C discharge [test capacity],measured_RPT,1.828,False,time_reset_or_nonmonotonic_voltage,False,True,1.878
Batch-5/RW_battery-3,Batch-5,RW_battery,241,1C charge and 1C discharge [test capacity],measured_RPT,1.817,False,time_reset_or_nonmonotonic_voltage,False,True,1.878
Batch-5/RW_battery-3,Batch-5,RW_battery,252,1C charge and 1C discharge [test capacity],measured_RPT,1.802,False,time_reset_or_nonmonotonic_voltage,False,True,1.878
Batch-5/RW_battery-3,Batch-5,RW_battery,263,1C charge and 1C discharge [test capacity],measured_RPT,1.783,False,time_reset_or_nonmonotonic_voltage,False,True,1.878
Batch-5/RW_battery-3,Batch-5,RW_battery,274,1C charge and 1C discharge [test capacity],measured_RPT,1.767,True,ok,False,True,1.878
Batch-5/RW_battery-3,Batch-5,RW_battery,285,1C charge and 1C discharge [test capacity],measured_RPT,1.745,True,ok,False,True,1.878
Batch-5/RW_battery-3,Batch-5,RW_battery,296,1C charge and 1C discharge [test capacity],measured_RPT,1.722,False,time_reset_or_nonmonotonic_voltage,False,True,1.878
Batch-5/RW_battery-3,Batch-5,RW_battery,307,1C charge and 1C discharge [test capacity],measured_RPT,1.694,False,time_reset_or_nonmonotonic_voltage,False,True,1.878
Batch-5/RW_battery-3,Batch-5,RW_battery,318,1C charge and 1C discharge [test capacity],measured_RPT,1.659,True,ok,False,True,1.878
Batch-5/RW_battery-3,Batch-5,RW_battery,329,1C charge and 1C discharge [test capacity],measured_RPT,1.615,True,ok,False,True,1.878
Batch-5/RW_battery-3,Batch-5,RW_battery,340,1C charge and 1C discharge [test capacity],measured_RPT,1.56,False,time_reset_or_nonmonotonic_voltage,False,True,1.878
Batch-5/RW_battery-4,Batch-5,RW_battery,21,1C charge and 1C discharge [test capacity],measured_RPT,1.868,False,time_reset_or_nonmonotonic_voltage,True,False,
Batch-5/RW_battery-4,Batch-5,RW_battery,32,1C charge and 1C discharge [test capacity],measured_RPT,1.908,False,time_reset_or_nonmonotonic_voltage,False,True,1.868
Batch-5/RW_battery-4,Batch-5,RW_battery,43,1C charge and 1C discharge [test capacity],measured_RPT,1.928,False,time_reset_or_nonmonotonic_voltage,False,True,1.868
Batch-5/RW_battery-4,Batch-5,RW_battery,54,1C charge and 1C discharge [test capacity],measured_RPT,1.94,False,time_reset_or_nonmonotonic_voltage,False,True,1.868
Batch-5/RW_battery-4,Batch-5,RW_battery,65,1C charge and 1C discharge [test capacity],measured_RPT,1.939,False,time_reset_or_nonmonotonic_voltage,False,True,1.868
Batch-5/RW_battery-4,Batch-5,RW_battery,76,1C charge and 1C discharge [test capacity],measured_RPT,1.936,False,time_reset_or_nonmonotonic_voltage,False,True,1.868
Batch-5/RW_battery-4,Batch-5,RW_battery,87,1C charge and 1C discharge [test capacity],measured_RPT,1.935,False,time_reset_or_nonmonotonic_voltage,False,True,1.868
Batch-5/RW_battery-4,Batch-5,RW_battery,98,1C charge and 1C discharge [test capacity],measured_RPT,1.93,False,time_reset_or_nonmonotonic_voltage,False,True,1.868
Batch-5/RW_battery-4,Batch-5,RW_battery,109,1C charge and 1C discharge [test capacity],measured_RPT,1.918,False,time_reset_or_nonmonotonic_voltage,False,True,1.868
Batch-5/RW_battery-4,Batch-5,RW_battery,120,1C charge and 1C discharge [test capacity],measured_RPT,1.915,False,time_reset_or_nonmonotonic_voltage,False,True,1.868
Batch-5/RW_battery-4,Batch-5,RW_battery,131,1C charge and 1C discharge [test capacity],measured_RPT,1.907,False,time_reset_or_nonmonotonic_voltage,False,True,1.868
Batch-5/RW_battery-4,Batch-5,RW_battery,142,1C charge and 1C discharge [test capacity],measured_RPT,1.896,False,time_reset_or_nonmonotonic_voltage,False,True,1.868
Batch-5/RW_battery-4,Batch-5,RW_battery,153,1C charge and 1C discharge [test capacity],measured_RPT,1.889,False,time_reset_or_nonmonotonic_voltage,False,True,1.868
Batch-5/RW_battery-4,Batch-5,RW_battery,164,1C charge and 1C discharge [test capacity],measured_RPT,1.879,False,time_reset_or_nonmonotonic_voltage,False,True,1.868
Batch-5/RW_battery-4,Batch-5,RW_battery,175,1C charge and 1C discharge [test capacity],measured_RPT,1.861,False,time_reset_or_nonmonotonic_voltage,False,True,1.868
Batch-5/RW_battery-4,Batch-5,RW_battery,186,1C charge and 1C discharge [test capacity],measured_RPT,1.842,False,time_reset_or_nonmonotonic_voltage,False,True,1.868
Batch-5/RW_battery-4,Batch-5,RW_battery,197,1C charge and 1C discharge [test capacity],measured_RPT,1.819,False,time_reset_or_nonmonotonic_voltage,False,True,1.868
Batch-5/RW_battery-4,Batch-5,RW_battery,208,1C charge and 1C discharge [test capacity],measured_RPT,1.787,False,time_reset_or_nonmonotonic_voltage,False,True,1.868
Batch-5/RW_battery-4,Batch-5,RW_battery,219,1C charge and 1C discharge [test capacity],measured_RPT,1.748,False,time_reset_or_nonmonotonic_voltage,False,True,1.868
Batch-5/RW_battery-4,Batch-5,RW_battery,230,1C charge and 1C discharge [test capacity],measured_RPT,1.694,False,time_reset_or_nonmonotonic_voltage,False,True,1.868
Batch-5/RW_battery-4,Batch-5,RW_battery,241,1C charge and 1C discharge [test capacity],measured_RPT,1.621,False,time_reset_or_nonmonotonic_voltage,False,True,1.868
Batch-5/RW_battery-4,Batch-5,RW_battery,252,1C charge and 1C discharge [test capacity],measured_RPT,1.519,False,time_reset_or_nonmonotonic_voltage,False,True,1.868
Batch-5/RW_battery-5,Batch-5,RW_battery,21,1C charge and 1C discharge [test capacity],measured_RPT,1.878,False,time_reset_or_nonmonotonic_voltage,True,False,
Batch-5/RW_battery-5,Batch-5,RW_battery,32,1C charge and 1C discharge [test capacity],measured_RPT,1.909,False,time_reset_or_nonmonotonic_voltage,False,True,1.878
Batch-5/RW_battery-5,Batch-5,RW_battery,43,1C charge and 1C discharge [test capacity],measured_RPT,1.923,False,time_reset_or_nonmonotonic_voltage,False,True,1.878
Batch-5/RW_battery-5,Batch-5,RW_battery,54,1C charge and 1C discharge [test capacity],measured_RPT,1.931,False,time_reset_or_nonmonotonic_voltage,False,True,1.878
Batch-5/RW_battery-5,Batch-5,RW_battery,65,1C charge and 1C discharge [test capacity],measured_RPT,1.929,False,time_reset_or_nonmonotonic_voltage,False,True,1.878
Batch-5/RW_battery-5,Batch-5,RW_battery,76,1C charge and 1C discharge [test capacity],measured_RPT,1.925,False,time_reset_or_nonmonotonic_voltage,False,True,1.878
Batch-5/RW_battery-5,Batch-5,RW_battery,87,1C charge and 1C discharge [test capacity],measured_RPT,1.924,False,time_reset_or_nonmonotonic_voltage,False,True,1.878
Batch-5/RW_battery-5,Batch-5,RW_battery,98,1C charge and 1C discharge [test capacity],measured_RPT,1.918,False,time_reset_or_nonmonotonic_voltage,False,True,1.878
Batch-5/RW_battery-5,Batch-5,RW_battery,109,1C charge and 1C discharge [test capacity],measured_RPT,1.907,False,time_reset_or_nonmonotonic_voltage,False,True,1.878
Batch-5/RW_battery-5,Batch-5,RW_battery,120,1C charge and 1C discharge [test capacity],measured_RPT,1.904,False,time_reset_or_nonmonotonic_voltage,False,True,1.878
Batch-5/RW_battery-5,Batch-5,RW_battery,131,1C charge and 1C discharge [test capacity],measured_RPT,1.895,False,time_reset_or_nonmonotonic_voltage,False,True,1.878
Batch-5/RW_battery-5,Batch-5,RW_battery,142,1C charge and 1C discharge [test capacity],measured_RPT,1.885,False,time_reset_or_nonmonotonic_voltage,False,True,1.878
Batch-5/RW_battery-5,Batch-5,RW_battery,153,1C charge and 1C discharge [test capacity],measured_RPT,1.877,False,time_reset_or_nonmonotonic_voltage,False,True,1.878
Batch-5/RW_battery-5,Batch-5,RW_battery,164,1C charge and 1C discharge [test capacity],measured_RPT,1.869,False,time_reset_or_nonmonotonic_voltage,False,True,1.878
Batch-5/RW_battery-5,Batch-5,RW_battery,175,1C charge and 1C discharge [test capacity],measured_RPT,1.855,False,time_reset_or_nonmonotonic_voltage,False,True,1.878
Batch-5/RW_battery-5,Batch-5,RW_battery,186,1C charge and 1C discharge [test capacity],measured_RPT,1.842,False,time_reset_or_nonmonotonic_voltage,False,True,1.878
Batch-5/RW_battery-5,Batch-5,RW_battery,197,1C charge and 1C discharge [test capacity],measured_RPT,1.824,False,time_reset_or_nonmonotonic_voltage,False,True,1.878
Batch-5/RW_battery-5,Batch-5,RW_battery,208,1C charge and 1C discharge [test capacity],measured_RPT,1.8,False,time_reset_or_nonmonotonic_voltage,False,True,1.878
Batch-5/RW_battery-5,Batch-5,RW_battery,219,1C charge and 1C discharge [test capacity],measured_RPT,1.773,False,time_reset_or_nonmonotonic_voltage,False,True,1.878
Batch-5/RW_battery-5,Batch-5,RW_battery,230,1C charge and 1C discharge [test capacity],measured_RPT,1.742,False,time_reset_or_nonmonotonic_voltage,False,True,1.878
Batch-5/RW_battery-5,Batch-5,RW_battery,241,1C charge and 1C discharge [test capacity],measured_RPT,1.711,False,time_reset_or_nonmonotonic_voltage,False,True,1.878
Batch-5/RW_battery-5,Batch-5,RW_battery,252,1C charge and 1C discharge [test capacity],measured_RPT,1.669,False,time_reset_or_nonmonotonic_voltage,False,True,1.878
Batch-5/RW_battery-5,Batch-5,RW_battery,263,1C charge and 1C discharge [test capacity],measured_RPT,1.606,False,time_reset_or_nonmonotonic_voltage,False,True,1.878
Batch-5/RW_battery-5,Batch-5,RW_battery,274,1C charge and 1C discharge [test capacity],measured_RPT,1.522,False,time_reset_or_nonmonotonic_voltage,False,True,1.878
Batch-5/RW_battery-6,Batch-5,RW_battery,21,1C charge and 1C discharge [test capacity],measured_RPT,1.865,False,time_reset_or_nonmonotonic_voltage,True,False,
Batch-5/RW_battery-6,Batch-5,RW_battery,32,1C charge and 1C discharge [test capacity],measured_RPT,1.907,False,time_reset_or_nonmonotonic_voltage,False,True,1.865
Batch-5/RW_battery-6,Batch-5,RW_battery,43,1C charge and 1C discharge [test capacity],measured_RPT,1.923,False,time_reset_or_nonmonotonic_voltage,False,True,1.865
Batch-5/RW_battery-6,Batch-5,RW_battery,54,1C charge and 1C discharge [test capacity],measured_RPT,1.931,False,time_reset_or_nonmonotonic_voltage,False,True,1.865
Batch-5/RW_battery-6,Batch-5,RW_battery,65,1C charge and 1C discharge [test capacity],measured_RPT,1.93,False,time_reset_or_nonmonotonic_voltage,False,True,1.865
Batch-5/RW_battery-6,Batch-5,RW_battery,76,1C charge and 1C discharge [test capacity],measured_RPT,1.925,False,time_reset_or_nonmonotonic_voltage,False,True,1.865
Batch-5/RW_battery-6,Batch-5,RW_battery,87,1C charge and 1C discharge [test capacity],measured_RPT,1.922,False,time_reset_or_nonmonotonic_voltage,False,True,1.865
Batch-5/RW_battery-6,Batch-5,RW_battery,98,1C charge and 1C discharge [test capacity],measured_RPT,1.914,False,time_reset_or_nonmonotonic_voltage,False,True,1.865
Batch-5/RW_battery-6,Batch-5,RW_battery,109,1C charge and 1C discharge [test capacity],measured_RPT,1.901,False,time_reset_or_nonmonotonic_voltage,False,True,1.865
Batch-5/RW_battery-6,Batch-5,RW_battery,120,1C charge and 1C discharge [test capacity],measured_RPT,1.896,False,time_reset_or_nonmonotonic_voltage,False,True,1.865
Batch-5/RW_battery-6,Batch-5,RW_battery,131,1C charge and 1C discharge [test capacity],measured_RPT,1.885,False,time_reset_or_nonmonotonic_voltage,False,True,1.865
Batch-5/RW_battery-6,Batch-5,RW_battery,142,1C charge and 1C discharge [test capacity],measured_RPT,1.871,False,time_reset_or_nonmonotonic_voltage,False,True,1.865
Batch-5/RW_battery-6,Batch-5,RW_battery,153,1C charge and 1C discharge [test capacity],measured_RPT,1.854,False,time_reset_or_nonmonotonic_voltage,False,True,1.865
Batch-5/RW_battery-6,Batch-5,RW_battery,164,1C charge and 1C discharge [test capacity],measured_RPT,1.832,False,time_reset_or_nonmonotonic_voltage,False,True,1.865
Batch-5/RW_battery-6,Batch-5,RW_battery,175,1C charge and 1C discharge [test capacity],measured_RPT,1.799,False,time_reset_or_nonmonotonic_voltage,False,True,1.865
Batch-5/RW_battery-6,Batch-5,RW_battery,186,1C charge and 1C discharge [test capacity],measured_RPT,1.761,False,time_reset_or_nonmonotonic_voltage,False,True,1.865
Batch-5/RW_battery-6,Batch-5,RW_battery,197,1C charge and 1C discharge [test capacity],measured_RPT,1.715,False,time_reset_or_nonmonotonic_voltage,False,True,1.865
Batch-5/RW_battery-6,Batch-5,RW_battery,208,1C charge and 1C discharge [test capacity],measured_RPT,1.647,False,time_reset_or_nonmonotonic_voltage,False,True,1.865
Batch-5/RW_battery-6,Batch-5,RW_battery,219,1C charge and 1C discharge [test capacity],measured_RPT,1.544,False,time_reset_or_nonmonotonic_voltage,False,True,1.865
Batch-5/RW_battery-7,Batch-5,RW_battery,21,1C charge and 1C discharge [test capacity],measured_RPT,1.869,False,time_reset_or_nonmonotonic_voltage,True,False,
Batch-5/RW_battery-7,Batch-5,RW_battery,32,1C charge and 1C discharge [test capacity],measured_RPT,1.91,False,time_reset_or_nonmonotonic_voltage,False,True,1.869
Batch-5/RW_battery-7,Batch-5,RW_battery,43,1C charge and 1C discharge [test capacity],measured_RPT,1.926,False,time_reset_or_nonmonotonic_voltage,False,True,1.869
Batch-5/RW_battery-7,Batch-5,RW_battery,54,1C charge and 1C discharge [test capacity],measured_RPT,1.932,False,time_reset_or_nonmonotonic_voltage,False,True,1.869
Batch-5/RW_battery-7,Batch-5,RW_battery,65,1C charge and 1C discharge [test capacity],measured_RPT,1.929,False,time_reset_or_nonmonotonic_voltage,False,True,1.869
Batch-5/RW_battery-7,Batch-5,RW_battery,76,1C charge and 1C discharge [test capacity],measured_RPT,1.922,False,time_reset_or_nonmonotonic_voltage,False,True,1.869
Batch-5/RW_battery-7,Batch-5,RW_battery,87,1C charge and 1C discharge [test capacity],measured_RPT,1.915,False,time_reset_or_nonmonotonic_voltage,False,True,1.869
Batch-5/RW_battery-7,Batch-5,RW_battery,98,1C charge and 1C discharge [test capacity],measured_RPT,1.905,False,time_reset_or_nonmonotonic_voltage,False,True,1.869
Batch-5/RW_battery-7,Batch-5,RW_battery,109,1C charge and 1C discharge [test capacity],measured_RPT,1.888,False,time_reset_or_nonmonotonic_voltage,False,True,1.869
Batch-5/RW_battery-7,Batch-5,RW_battery,120,1C charge and 1C discharge [test capacity],measured_RPT,1.876,False,time_reset_or_nonmonotonic_voltage,False,True,1.869
Batch-5/RW_battery-7,Batch-5,RW_battery,131,1C charge and 1C discharge [test capacity],measured_RPT,1.859,False,time_reset_or_nonmonotonic_voltage,False,True,1.869
Batch-5/RW_battery-7,Batch-5,RW_battery,142,1C charge and 1C discharge [test capacity],measured_RPT,1.83,False,time_reset_or_nonmonotonic_voltage,False,True,1.869
Batch-5/RW_battery-7,Batch-5,RW_battery,153,1C charge and 1C discharge [test capacity],measured_RPT,1.793,False,time_reset_or_nonmonotonic_voltage,False,True,1.869
Batch-5/RW_battery-7,Batch-5,RW_battery,164,1C charge and 1C discharge [test capacity],measured_RPT,1.742,False,time_reset_or_nonmonotonic_voltage,False,True,1.869
Batch-5/RW_battery-7,Batch-5,RW_battery,175,1C charge and 1C discharge [test capacity],measured_RPT,1.671,False,time_reset_or_nonmonotonic_voltage,False,True,1.869
Batch-5/RW_battery-7,Batch-5,RW_battery,186,1C charge and 1C discharge [test capacity],measured_RPT,1.573,False,time_reset_or_nonmonotonic_voltage,False,True,1.869
Batch-5/RW_battery-8,Batch-5,RW_battery,21,1C charge and 1C discharge [test capacity],measured_RPT,1.884,False,time_reset_or_nonmonotonic_voltage,True,False,
Batch-5/RW_battery-8,Batch-5,RW_battery,32,1C charge and 1C discharge [test capacity],measured_RPT,1.92,False,time_reset_or_nonmonotonic_voltage,False,True,1.884
Batch-5/RW_battery-8,Batch-5,RW_battery,43,1C charge and 1C discharge [test capacity],measured_RPT,1.931,False,time_reset_or_nonmonotonic_voltage,False,True,1.884
Batch-5/RW_battery-8,Batch-5,RW_battery,54,1C charge and 1C discharge [test capacity],measured_RPT,1.936,False,time_reset_or_nonmonotonic_voltage,False,True,1.884
Batch-5/RW_battery-8,Batch-5,RW_battery,65,1C charge and 1C discharge [test capacity],measured_RPT,1.932,False,time_reset_or_nonmonotonic_voltage,False,True,1.884
Batch-5/RW_battery-8,Batch-5,RW_battery,76,1C charge and 1C discharge [test capacity],measured_RPT,1.924,False,time_reset_or_nonmonotonic_voltage,False,True,1.884
Batch-5/RW_battery-8,Batch-5,RW_battery,87,1C charge and 1C discharge [test capacity],measured_RPT,1.919,False,time_reset_or_nonmonotonic_voltage,False,True,1.884
Batch-5/RW_battery-8,Batch-5,RW_battery,98,1C charge and 1C discharge [test capacity],measured_RPT,1.909,False,time_reset_or_nonmonotonic_voltage,False,True,1.884
Batch-5/RW_battery-8,Batch-5,RW_battery,109,1C charge and 1C discharge [test capacity],measured_RPT,1.894,False,time_reset_or_nonmonotonic_voltage,False,True,1.884
Batch-5/RW_battery-8,Batch-5,RW_battery,120,1C charge and 1C discharge [test capacity],measured_RPT,1.884,False,time_reset_or_nonmonotonic_voltage,False,True,1.884
Batch-5/RW_battery-8,Batch-5,RW_battery,131,1C charge and 1C discharge [test capacity],measured_RPT,1.871,False,time_reset_or_nonmonotonic_voltage,False,True,1.884
Batch-5/RW_battery-8,Batch-5,RW_battery,142,1C charge and 1C discharge [test capacity],measured_RPT,1.85,False,time_reset_or_nonmonotonic_voltage,False,True,1.884
Batch-5/RW_battery-8,Batch-5,RW_battery,153,1C charge and 1C discharge [test capacity],measured_RPT,1.826,False,time_reset_or_nonmonotonic_voltage,False,True,1.884
Batch-5/RW_battery-8,Batch-5,RW_battery,164,1C charge and 1C discharge [test capacity],measured_RPT,1.791,False,time_reset_or_nonmonotonic_voltage,False,True,1.884
Batch-5/RW_battery-8,Batch-5,RW_battery,175,1C charge and 1C discharge [test capacity],measured_RPT,1.742,False,time_reset_or_nonmonotonic_voltage,False,True,1.884
Batch-5/RW_battery-8,Batch-5,RW_battery,186,1C charge and 1C discharge [test capacity],measured_RPT,1.682,False,time_reset_or_nonmonotonic_voltage,False,True,1.884
Batch-5/RW_battery-8,Batch-5,RW_battery,197,1C charge and 1C discharge [test capacity],measured_RPT,1.6,False,time_reset_or_nonmonotonic_voltage,False,True,1.884
Batch-5/RW_battery-8,Batch-5,RW_battery,208,1C charge and 1C discharge [test capacity],measured_RPT,1.484,False,time_reset_or_nonmonotonic_voltage,False,True,1.884
Batch-6/Sim_satellite_battery-1,Batch-6,Sim_satellite_battery,1,0.5C charge and 0.2C discharge [test capacity],measured_RPT,1.991,False,time_reset_or_nonmonotonic_voltage,True,False,
Batch-6/Sim_satellite_battery-1,Batch-6,Sim_satellite_battery,7,1.0C charge and 0.5C discharge [test capacity],measured_RPT,1.922,False,time_reset_or_nonmonotonic_voltage,False,True,1.991
Batch-6/Sim_satellite_battery-1,Batch-6,Sim_satellite_battery,13,1.0C charge and 0.5C discharge [test capacity],measured_RPT,1.928,False,time_reset_or_nonmonotonic_voltage,False,True,1.991
Batch-6/Sim_satellite_battery-1,Batch-6,Sim_satellite_battery,19,1.0C charge and 0.5C discharge [test capacity],measured_RPT,1.942,False,time_reset_or_nonmonotonic_voltage,False,True,1.991
Batch-6/Sim_satellite_battery-1,Batch-6,Sim_satellite_battery,24,1.0C charge and 0.5C discharge [test capacity],measured_RPT,1.953,False,time_reset_or_nonmonotonic_voltage,False,True,1.991
Batch-6/Sim_satellite_battery-1,Batch-6,Sim_satellite_battery,30,1.0C charge and 0.5C discharge [test capacity],measured_RPT,1.962,True,ok,False,True,1.991
Batch-6/Sim_satellite_battery-1,Batch-6,Sim_satellite_battery,35,1.0C charge and 0.5C discharge [test capacity],measured_RPT,1.97,True,ok,False,True,1.991
Batch-6/Sim_satellite_battery-1,Batch-6,Sim_satellite_battery,41,1.0C charge and 0.5C discharge [test capacity],measured_RPT,1.979,False,time_reset_or_nonmonotonic_voltage,False,True,1.991
Batch-6/Sim_satellite_battery-1,Batch-6,Sim_satellite_battery,47,1.0C charge and 0.5C discharge [test capacity],measured_RPT,1.983,False,time_reset_or_nonmonotonic_voltage,False,True,1.991
Batch-6/Sim_satellite_battery-1,Batch-6,Sim_satellite_battery,53,1.0C charge and 0.5C discharge [test capacity],measured_RPT,1.992,False,time_reset_or_nonmonotonic_voltage,False,True,1.991
Batch-6/Sim_satellite_battery-1,Batch-6,Sim_satellite_battery,59,1.0C charge and 0.5C discharge [test capacity],measured_RPT,1.984,False,time_reset_or_nonmonotonic_voltage,False,True,1.991
Batch-6/Sim_satellite_battery-1,Batch-6,Sim_satellite_battery,65,1.0C charge and 0.5C discharge [test capacity],measured_RPT,1.987,False,time_reset_or_nonmonotonic_voltage,False,True,1.991
Batch-6/Sim_satellite_battery-1,Batch-6,Sim_satellite_battery,71,1.0C charge and 0.5C discharge [test capacity],measured_RPT,1.983,True,ok,False,True,1.991
Batch-6/Sim_satellite_battery-1,Batch-6,Sim_satellite_battery,76,1.0C charge and 0.5C discharge [test capacity],measured_RPT,1.989,False,time_reset_or_nonmonotonic_voltage,False,True,1.991
Batch-6/Sim_satellite_battery-1,Batch-6,Sim_satellite_battery,82,1.0C charge and 0.5C discharge [test capacity],measured_RPT,1.989,False,time_reset_or_nonmonotonic_voltage,False,True,1.991
Batch-6/Sim_satellite_battery-1,Batch-6,Sim_satellite_battery,87,1.0C charge and 0.5C discharge [test capacity],measured_RPT,1.99,True,ok,False,True,1.991
Batch-6/Sim_satellite_battery-1,Batch-6,Sim_satellite_battery,93,1.0C charge and 0.5C discharge [test capacity],measured_RPT,1.989,False,time_reset_or_nonmonotonic_voltage,False,True,1.991
Batch-6/Sim_satellite_battery-1,Batch-6,Sim_satellite_battery,99,1.0C charge and 0.5C discharge [test capacity],measured_RPT,1.99,False,time_reset_or_nonmonotonic_voltage,False,True,1.991
Batch-6/Sim_satellite_battery-1,Batch-6,Sim_satellite_battery,105,1.0C charge and 0.5C discharge [test capacity],measured_RPT,1.997,False,time_reset_or_nonmonotonic_voltage,False,True,1.991
Batch-6/Sim_satellite_battery-1,Batch-6,Sim_satellite_battery,111,1.0C charge and 0.5C discharge [test capacity],measured_RPT,1.993,False,time_reset_or_nonmonotonic_voltage,False,True,1.991
Batch-6/Sim_satellite_battery-1,Batch-6,Sim_satellite_battery,117,1.0C charge and 0.5C discharge [test capacity],measured_RPT,1.99,False,time_reset_or_nonmonotonic_voltage,False,True,1.991
Batch-6/Sim_satellite_battery-1,Batch-6,Sim_satellite_battery,123,1.0C charge and 0.5C discharge [test capacity],measured_RPT,1.991,True,ok,False,True,1.991
Batch-6/Sim_satellite_battery-1,Batch-6,Sim_satellite_battery,128,1.0C charge and 0.5C discharge [test capacity],measured_RPT,1.992,True,ok,False,True,1.991
Batch-6/Sim_satellite_battery-1,Batch-6,Sim_satellite_battery,134,1.0C charge and 0.5C discharge [test capacity],measured_RPT,1.992,False,time_reset_or_nonmonotonic_voltage,False,True,1.991
Batch-6/Sim_satellite_battery-1,Batch-6,Sim_satellite_battery,139,1.0C charge and 0.5C discharge [test capacity],measured_RPT,1.991,False,time_reset_or_nonmonotonic_voltage,False,True,1.991
Batch-6/Sim_satellite_battery-1,Batch-6,Sim_satellite_battery,145,1.0C charge and 0.5C discharge [test capacity],measured_RPT,1.993,False,time_reset_or_nonmonotonic_voltage,False,True,1.991
Batch-6/Sim_satellite_battery-1,Batch-6,Sim_satellite_battery,151,1.0C charge and 0.5C discharge [test capacity],measured_RPT,1.993,False,time_reset_or_nonmonotonic_voltage,False,True,1.991
Batch-6/Sim_satellite_battery-1,Batch-6,Sim_satellite_battery,157,1.0C charge and 0.5C discharge [test capacity],measured_RPT,1.999,False,time_reset_or_nonmonotonic_voltage,False,True,1.991
Batch-6/Sim_satellite_battery-1,Batch-6,Sim_satellite_battery,163,1.0C charge and 0.5C discharge [test capacity],measured_RPT,1.999,False,time_reset_or_nonmonotonic_voltage,False,True,1.991
Batch-6/Sim_satellite_battery-1,Batch-6,Sim_satellite_battery,169,1.0C charge and 0.5C discharge [test capacity],measured_RPT,1.996,False,time_reset_or_nonmonotonic_voltage,False,True,1.991
Batch-6/Sim_satellite_battery-1,Batch-6,Sim_satellite_battery,175,1.0C charge and 0.5C discharge [test capacity],measured_RPT,1.995,True,ok,False,True,1.991
Batch-6/Sim_satellite_battery-1,Batch-6,Sim_satellite_battery,180,1.0C charge and 0.5C discharge [test capacity],measured_RPT,1.991,False,time_reset_or_nonmonotonic_voltage,False,True,1.991
Batch-6/Sim_satellite_battery-1,Batch-6,Sim_satellite_battery,186,1.0C charge and 0.5C discharge [test capacity],measured_RPT,1.989,True,ok,False,True,1.991
Batch-6/Sim_satellite_battery-1,Batch-6,Sim_satellite_battery,191,1.0C charge and 0.5C discharge [test capacity],measured_RPT,1.988,False,time_reset_or_nonmonotonic_voltage,False,True,1.991
Batch-6/Sim_satellite_battery-1,Batch-6,Sim_satellite_battery,197,1.0C charge and 0.5C discharge [test capacity],measured_RPT,1.988,False,time_reset_or_nonmonotonic_voltage,False,True,1.991
Batch-6/Sim_satellite_battery-1,Batch-6,Sim_satellite_battery,203,1.0C charge and 0.5C discharge [test capacity],measured_RPT,1.987,False,time_reset_or_nonmonotonic_voltage,False,True,1.991
Batch-6/Sim_satellite_battery-1,Batch-6,Sim_satellite_battery,209,1.0C charge and 0.5C discharge [test capacity],measured_RPT,1.992,False,time_reset_or_nonmonotonic_voltage,False,True,1.991
Batch-6/Sim_satellite_battery-1,Batch-6,Sim_satellite_battery,215,1.0C charge and 0.5C discharge [test capacity],measured_RPT,1.983,False,time_reset_or_nonmonotonic_voltage,False,True,1.991
Batch-6/Sim_satellite_battery-1,Batch-6,Sim_satellite_battery,221,1.0C charge and 0.5C discharge [test capacity],measured_RPT,1.979,False,time_reset_or_nonmonotonic_voltage,False,True,1.991
Batch-6/Sim_satellite_battery-1,Batch-6,Sim_satellite_battery,227,1.0C charge and 0.5C discharge [test capacity],measured_RPT,1.972,False,time_reset_or_nonmonotonic_voltage,False,True,1.991
Batch-6/Sim_satellite_battery-1,Batch-6,Sim_satellite_battery,232,1.0C charge and 0.5C discharge [test capacity],measured_RPT,1.967,False,time_reset_or_nonmonotonic_voltage,False,True,1.991
Batch-6/Sim_satellite_battery-1,Batch-6,Sim_satellite_battery,238,1.0C charge and 0.5C discharge [test capacity],measured_RPT,1.958,False,time_reset_or_nonmonotonic_voltage,False,True,1.991
Batch-6/Sim_satellite_battery-1,Batch-6,Sim_satellite_battery,243,1.0C charge and 0.5C discharge [test capacity],measured_RPT,1.955,False,time_reset_or_nonmonotonic_voltage,False,True,1.991
Batch-6/Sim_satellite_battery-1,Batch-6,Sim_satellite_battery,249,1.0C charge and 0.5C discharge [test capacity],measured_RPT,1.953,False,time_reset_or_nonmonotonic_voltage,False,True,1.991
Batch-6/Sim_satellite_battery-1,Batch-6,Sim_satellite_battery,255,1.0C charge and 0.5C discharge [test capacity],measured_RPT,1.95,False,time_reset_or_nonmonotonic_voltage,False,True,1.991
Batch-6/Sim_satellite_battery-1,Batch-6,Sim_satellite_battery,261,1.0C charge and 0.5C discharge [test capacity],measured_RPT,1.957,False,time_reset_or_nonmonotonic_voltage,False,True,1.991
Batch-6/Sim_satellite_battery-1,Batch-6,Sim_satellite_battery,267,1.0C charge and 0.5C discharge [test capacity],measured_RPT,1.949,False,time_reset_or_nonmonotonic_voltage,False,True,1.991
Batch-6/Sim_satellite_battery-1,Batch-6,Sim_satellite_battery,273,1.0C charge and 0.5C discharge [test capacity],measured_RPT,1.945,False,time_reset_or_nonmonotonic_voltage,False,True,1.991
Batch-6/Sim_satellite_battery-1,Batch-6,Sim_satellite_battery,279,1.0C charge and 0.5C discharge [test capacity],measured_RPT,1.941,False,time_reset_or_nonmonotonic_voltage,False,True,1.991
Batch-6/Sim_satellite_battery-1,Batch-6,Sim_satellite_battery,284,1.0C charge and 0.5C discharge [test capacity],measured_RPT,1.941,True,ok,False,True,1.991
Batch-6/Sim_satellite_battery-1,Batch-6,Sim_satellite_battery,290,1.0C charge and 0.5C discharge [test capacity],measured_RPT,1.937,False,time_reset_or_nonmonotonic_voltage,False,True,1.991
Batch-6/Sim_satellite_battery-1,Batch-6,Sim_satellite_battery,295,1.0C charge and 0.5C discharge [test capacity],measured_RPT,1.939,False,time_reset_or_nonmonotonic_voltage,False,True,1.991
Batch-6/Sim_satellite_battery-1,Batch-6,Sim_satellite_battery,301,1.0C charge and 0.5C discharge [test capacity],measured_RPT,1.935,False,time_reset_or_nonmonotonic_voltage,False,True,1.991
Batch-6/Sim_satellite_battery-1,Batch-6,Sim_satellite_battery,307,1.0C charge and 0.5C discharge [test capacity],measured_RPT,1.937,False,time_reset_or_nonmonotonic_voltage,False,True,1.991
Batch-6/Sim_satellite_battery-1,Batch-6,Sim_satellite_battery,313,1.0C charge and 0.5C discharge [test capacity],measured_RPT,1.943,False,time_reset_or_nonmonotonic_voltage,False,True,1.991
Batch-6/Sim_satellite_battery-1,Batch-6,Sim_satellite_battery,319,1.0C charge and 0.5C discharge [test capacity],measured_RPT,1.936,False,time_reset_or_nonmonotonic_voltage,False,True,1.991
Batch-6/Sim_satellite_battery-1,Batch-6,Sim_satellite_battery,325,1.0C charge and 0.5C discharge [test capacity],measured_RPT,1.935,False,time_reset_or_nonmonotonic_voltage,False,True,1.991
Batch-6/Sim_satellite_battery-1,Batch-6,Sim_satellite_battery,331,1.0C charge and 0.5C discharge [test capacity],measured_RPT,1.93,False,time_reset_or_nonmonotonic_voltage,False,True,1.991
Batch-6/Sim_satellite_battery-1,Batch-6,Sim_satellite_battery,336,1.0C charge and 0.5C discharge [test capacity],measured_RPT,1.929,False,time_reset_or_nonmonotonic_voltage,False,True,1.991
Batch-6/Sim_satellite_battery-1,Batch-6,Sim_satellite_battery,342,1.0C charge and 0.5C discharge [test capacity],measured_RPT,1.928,False,time_reset_or_nonmonotonic_voltage,False,True,1.991
Batch-6/Sim_satellite_battery-1,Batch-6,Sim_satellite_battery,347,1.0C charge and 0.5C discharge [test capacity],measured_RPT,1.93,False,time_reset_or_nonmonotonic_voltage,False,True,1.991
Batch-6/Sim_satellite_battery-1,Batch-6,Sim_satellite_battery,353,1.0C charge and 0.5C discharge [test capacity],measured_RPT,1.928,False,time_reset_or_nonmonotonic_voltage,False,True,1.991
Batch-6/Sim_satellite_battery-1,Batch-6,Sim_satellite_battery,359,1.0C charge and 0.5C discharge [test capacity],measured_RPT,1.929,False,time_reset_or_nonmonotonic_voltage,False,True,1.991
Batch-6/Sim_satellite_battery-1,Batch-6,Sim_satellite_battery,365,1.0C charge and 0.5C discharge [test capacity],measured_RPT,1.936,False,time_reset_or_nonmonotonic_voltage,False,True,1.991
Batch-6/Sim_satellite_battery-1,Batch-6,Sim_satellite_battery,371,1.0C charge and 0.5C discharge [test capacity],measured_RPT,1.93,False,time_reset_or_nonmonotonic_voltage,False,True,1.991
Batch-6/Sim_satellite_battery-1,Batch-6,Sim_satellite_battery,377,1.0C charge and 0.5C discharge [test capacity],measured_RPT,1.929,False,time_reset_or_nonmonotonic_voltage,False,True,1.991
Batch-6/Sim_satellite_battery-1,Batch-6,Sim_satellite_battery,383,1.0C charge and 0.5C discharge [test capacity],measured_RPT,1.926,False,time_reset_or_nonmonotonic_voltage,False,True,1.991
Batch-6/Sim_satellite_battery-1,Batch-6,Sim_satellite_battery,388,1.0C charge and 0.5C discharge [test capacity],measured_RPT,1.927,False,time_reset_or_nonmonotonic_voltage,False,True,1.991
Batch-6/Sim_satellite_battery-1,Batch-6,Sim_satellite_battery,394,1.0C charge and 0.5C discharge [test capacity],measured_RPT,1.925,False,time_reset_or_nonmonotonic_voltage,False,True,1.991
Batch-6/Sim_satellite_battery-1,Batch-6,Sim_satellite_battery,399,1.0C charge and 0.5C discharge [test capacity],measured_RPT,1.926,False,time_reset_or_nonmonotonic_voltage,False,True,1.991
Batch-6/Sim_satellite_battery-1,Batch-6,Sim_satellite_battery,405,1.0C charge and 0.5C discharge [test capacity],measured_RPT,1.924,False,time_reset_or_nonmonotonic_voltage,False,True,1.991
Batch-6/Sim_satellite_battery-1,Batch-6,Sim_satellite_battery,411,1.0C charge and 0.5C discharge [test capacity],measured_RPT,1.925,False,time_reset_or_nonmonotonic_voltage,False,True,1.991
Batch-6/Sim_satellite_battery-1,Batch-6,Sim_satellite_battery,417,1.0C charge and 0.5C discharge [test capacity],measured_RPT,1.93,False,time_reset_or_nonmonotonic_voltage,False,True,1.991
Batch-6/Sim_satellite_battery-1,Batch-6,Sim_satellite_battery,423,1.0C charge and 0.5C discharge [test capacity],measured_RPT,1.926,False,time_reset_or_nonmonotonic_voltage,False,True,1.991
Batch-6/Sim_satellite_battery-1,Batch-6,Sim_satellite_battery,429,1.0C charge and 0.5C discharge [test capacity],measured_RPT,1.922,False,time_reset_or_nonmonotonic_voltage,False,True,1.991
Batch-6/Sim_satellite_battery-1,Batch-6,Sim_satellite_battery,435,1.0C charge and 0.5C discharge [test capacity],measured_RPT,1.921,True,ok,False,True,1.991
Batch-6/Sim_satellite_battery-1,Batch-6,Sim_satellite_battery,440,1.0C charge and 0.5C discharge [test capacity],measured_RPT,1.92,False,time_reset_or_nonmonotonic_voltage,False,True,1.991
Batch-6/Sim_satellite_battery-1,Batch-6,Sim_satellite_battery,446,1.0C charge and 0.5C discharge [test capacity],measured_RPT,1.921,False,time_reset_or_nonmonotonic_voltage,False,True,1.991
Batch-6/Sim_satellite_battery-1,Batch-6,Sim_satellite_battery,451,1.0C charge and 0.5C discharge [test capacity],measured_RPT,1.919,True,ok,False,True,1.991
Batch-6/Sim_satellite_battery-1,Batch-6,Sim_satellite_battery,457,1.0C charge and 0.5C discharge [test capacity],measured_RPT,1.92,False,time_reset_or_nonmonotonic_voltage,False,True,1.991
Batch-6/Sim_satellite_battery-1,Batch-6,Sim_satellite_battery,463,1.0C charge and 0.5C discharge [test capacity],measured_RPT,1.92,True,ok,False,True,1.991
Batch-6/Sim_satellite_battery-1,Batch-6,Sim_satellite_battery,469,1.0C charge and 0.5C discharge [test capacity],measured_RPT,1.926,False,time_reset_or_nonmonotonic_voltage,False,True,1.991
Batch-6/Sim_satellite_battery-1,Batch-6,Sim_satellite_battery,475,1.0C charge and 0.5C discharge [test capacity],measured_RPT,1.92,False,time_reset_or_nonmonotonic_voltage,False,True,1.991
Batch-6/Sim_satellite_battery-1,Batch-6,Sim_satellite_battery,481,1.0C charge and 0.5C discharge [test capacity],measured_RPT,1.916,True,ok,False,True,1.991
Batch-6/Sim_satellite_battery-1,Batch-6,Sim_satellite_battery,487,1.0C charge and 0.5C discharge [test capacity],measured_RPT,1.917,True,ok,False,True,1.991
Batch-6/Sim_satellite_battery-1,Batch-6,Sim_satellite_battery,492,1.0C charge and 0.5C discharge [test capacity],measured_RPT,1.914,False,time_reset_or_nonmonotonic_voltage,False,True,1.991
Batch-6/Sim_satellite_battery-1,Batch-6,Sim_satellite_battery,498,1.0C charge and 0.5C discharge [test capacity],measured_RPT,1.914,True,ok,False,True,1.991
Batch-6/Sim_satellite_battery-1,Batch-6,Sim_satellite_battery,503,1.0C charge and 0.5C discharge [test capacity],measured_RPT,1.912,False,time_reset_or_nonmonotonic_voltage,False,True,1.991
Batch-6/Sim_satellite_battery-1,Batch-6,Sim_satellite_battery,509,1.0C charge and 0.5C discharge [test capacity],measured_RPT,1.912,True,ok,False,True,1.991
Batch-6/Sim_satellite_battery-1,Batch-6,Sim_satellite_battery,515,1.0C charge and 0.5C discharge [test capacity],measured_RPT,1.909,False,time_reset_or_nonmonotonic_voltage,False,True,1.991
Batch-6/Sim_satellite_battery-1,Batch-6,Sim_satellite_battery,521,1.0C charge and 0.5C discharge [test capacity],measured_RPT,1.916,False,time_reset_or_nonmonotonic_voltage,False,True,1.991
Batch-6/Sim_satellite_battery-1,Batch-6,Sim_satellite_battery,527,1.0C charge and 0.5C discharge [test capacity],measured_RPT,1.907,False,time_reset_or_nonmonotonic_voltage,False,True,1.991
Batch-6/Sim_satellite_battery-1,Batch-6,Sim_satellite_battery,533,1.0C charge and 0.5C discharge [test capacity],measured_RPT,1.905,True,ok,False,True,1.991
Batch-6/Sim_satellite_battery-1,Batch-6,Sim_satellite_battery,539,1.0C charge and 0.5C discharge [test capacity],measured_RPT,1.902,False,time_reset_or_nonmonotonic_voltage,False,True,1.991
Batch-6/Sim_satellite_battery-1,Batch-6,Sim_satellite_battery,544,1.0C charge and 0.5C discharge [test capacity],measured_RPT,1.902,True,ok,False,True,1.991
Batch-6/Sim_satellite_battery-1,Batch-6,Sim_satellite_battery,550,1.0C charge and 0.5C discharge [test capacity],measured_RPT,1.901,True,ok,False,True,1.991
Batch-6/Sim_satellite_battery-1,Batch-6,Sim_satellite_battery,555,1.0C charge and 0.5C discharge [test capacity],measured_RPT,1.903,True,ok,False,True,1.991
Batch-6/Sim_satellite_battery-1,Batch-6,Sim_satellite_battery,561,1.0C charge and 0.5C discharge [test capacity],measured_RPT,1.902,False,time_reset_or_nonmonotonic_voltage,False,True,1.991
Batch-6/Sim_satellite_battery-1,Batch-6,Sim_satellite_battery,567,1.0C charge and 0.5C discharge [test capacity],measured_RPT,1.902,False,time_reset_or_nonmonotonic_voltage,False,True,1.991
Batch-6/Sim_satellite_battery-1,Batch-6,Sim_satellite_battery,573,1.0C charge and 0.5C discharge [test capacity],measured_RPT,1.909,False,time_reset_or_nonmonotonic_voltage,False,True,1.991
Batch-6/Sim_satellite_battery-1,Batch-6,Sim_satellite_battery,579,1.0C charge and 0.5C discharge [test capacity],measured_RPT,1.9,False,time_reset_or_nonmonotonic_voltage,False,True,1.991
Batch-6/Sim_satellite_battery-1,Batch-6,Sim_satellite_battery,585,1.0C charge and 0.5C discharge [test capacity],measured_RPT,1.899,False,time_reset_or_nonmonotonic_voltage,False,True,1.991
Batch-6/Sim_satellite_battery-1,Batch-6,Sim_satellite_battery,591,1.0C charge and 0.5C discharge [test capacity],measured_RPT,1.897,True,ok,False,True,1.991
Batch-6/Sim_satellite_battery-1,Batch-6,Sim_satellite_battery,596,1.0C charge and 0.5C discharge [test capacity],measured_RPT,1.897,False,time_reset_or_nonmonotonic_voltage,False,True,1.991
Batch-6/Sim_satellite_battery-1,Batch-6,Sim_satellite_battery,602,1.0C charge and 0.5C discharge [test capacity],measured_RPT,1.894,False,time_reset_or_nonmonotonic_voltage,False,True,1.991
Batch-6/Sim_satellite_battery-1,Batch-6,Sim_satellite_battery,607,1.0C charge and 0.5C discharge [test capacity],measured_RPT,1.895,False,time_reset_or_nonmonotonic_voltage,False,True,1.991
Batch-6/Sim_satellite_battery-1,Batch-6,Sim_satellite_battery,613,1.0C charge and 0.5C discharge [test capacity],measured_RPT,1.891,False,time_reset_or_nonmonotonic_voltage,False,True,1.991
Batch-6/Sim_satellite_battery-1,Batch-6,Sim_satellite_battery,619,1.0C charge and 0.5C discharge [test capacity],measured_RPT,1.893,False,time_reset_or_nonmonotonic_voltage,False,True,1.991
Batch-6/Sim_satellite_battery-1,Batch-6,Sim_satellite_battery,625,1.0C charge and 0.5C discharge [test capacity],measured_RPT,1.898,False,time_reset_or_nonmonotonic_voltage,False,True,1.991
Batch-6/Sim_satellite_battery-1,Batch-6,Sim_satellite_battery,631,1.0C charge and 0.5C discharge [test capacity],measured_RPT,1.889,False,time_reset_or_nonmonotonic_voltage,False,True,1.991
Batch-6/Sim_satellite_battery-1,Batch-6,Sim_satellite_battery,637,1.0C charge and 0.5C discharge [test capacity],measured_RPT,1.888,False,time_reset_or_nonmonotonic_voltage,False,True,1.991
Batch-6/Sim_satellite_battery-1,Batch-6,Sim_satellite_battery,643,1.0C charge and 0.5C discharge [test capacity],measured_RPT,1.884,True,ok,False,True,1.991
Batch-6/Sim_satellite_battery-1,Batch-6,Sim_satellite_battery,648,1.0C charge and 0.5C discharge [test capacity],measured_RPT,1.886,False,time_reset_or_nonmonotonic_voltage,False,True,1.991
Batch-6/Sim_satellite_battery-1,Batch-6,Sim_satellite_battery,654,1.0C charge and 0.5C discharge [test capacity],measured_RPT,1.881,False,time_reset_or_nonmonotonic_voltage,False,True,1.991
Batch-6/Sim_satellite_battery-1,Batch-6,Sim_satellite_battery,659,1.0C charge and 0.5C discharge [test capacity],measured_RPT,1.883,False,time_reset_or_nonmonotonic_voltage,False,True,1.991
Batch-6/Sim_satellite_battery-1,Batch-6,Sim_satellite_battery,665,1.0C charge and 0.5C discharge [test capacity],measured_RPT,1.879,False,time_reset_or_nonmonotonic_voltage,False,True,1.991
Batch-6/Sim_satellite_battery-1,Batch-6,Sim_satellite_battery,671,1.0C charge and 0.5C discharge [test capacity],measured_RPT,1.881,True,ok,False,True,1.991
Batch-6/Sim_satellite_battery-1,Batch-6,Sim_satellite_battery,677,1.0C charge and 0.5C discharge [test capacity],measured_RPT,1.887,False,time_reset_or_nonmonotonic_voltage,False,True,1.991
Batch-6/Sim_satellite_battery-1,Batch-6,Sim_satellite_battery,683,1.0C charge and 0.5C discharge [test capacity],measured_RPT,1.879,False,time_reset_or_nonmonotonic_voltage,False,True,1.991
Batch-6/Sim_satellite_battery-1,Batch-6,Sim_satellite_battery,689,1.0C charge and 0.5C discharge [test capacity],measured_RPT,1.88,False,time_reset_or_nonmonotonic_voltage,False,True,1.991
Batch-6/Sim_satellite_battery-1,Batch-6,Sim_satellite_battery,695,1.0C charge and 0.5C discharge [test capacity],measured_RPT,1.879,False,time_reset_or_nonmonotonic_voltage,False,True,1.991
Batch-6/Sim_satellite_battery-1,Batch-6,Sim_satellite_battery,700,1.0C charge and 0.5C discharge [test capacity],measured_RPT,1.876,False,time_reset_or_nonmonotonic_voltage,False,True,1.991
Batch-6/Sim_satellite_battery-1,Batch-6,Sim_satellite_battery,706,1.0C charge and 0.5C discharge [test capacity],measured_RPT,1.873,True,ok,False,True,1.991
Batch-6/Sim_satellite_battery-1,Batch-6,Sim_satellite_battery,711,1.0C charge and 0.5C discharge [test capacity],measured_RPT,1.873,False,time_reset_or_nonmonotonic_voltage,False,True,1.991
Batch-6/Sim_satellite_battery-1,Batch-6,Sim_satellite_battery,717,1.0C charge and 0.5C discharge [test capacity],measured_RPT,1.874,False,time_reset_or_nonmonotonic_voltage,False,True,1.991
Batch-6/Sim_satellite_battery-1,Batch-6,Sim_satellite_battery,723,1.0C charge and 0.5C discharge [test capacity],measured_RPT,1.869,False,time_reset_or_nonmonotonic_voltage,False,True,1.991
Batch-6/Sim_satellite_battery-1,Batch-6,Sim_satellite_battery,729,1.0C charge and 0.5C discharge [test capacity],measured_RPT,1.876,False,time_reset_or_nonmonotonic_voltage,False,True,1.991
Batch-6/Sim_satellite_battery-1,Batch-6,Sim_satellite_battery,735,1.0C charge and 0.5C discharge [test capacity],measured_RPT,1.867,False,time_reset_or_nonmonotonic_voltage,False,True,1.991
Batch-6/Sim_satellite_battery-1,Batch-6,Sim_satellite_battery,741,1.0C charge and 0.5C discharge [test capacity],measured_RPT,1.862,False,time_reset_or_nonmonotonic_voltage,False,True,1.991
Batch-6/Sim_satellite_battery-1,Batch-6,Sim_satellite_battery,747,1.0C charge and 0.5C discharge [test capacity],measured_RPT,1.86,False,time_reset_or_nonmonotonic_voltage,False,True,1.991
Batch-6/Sim_satellite_battery-1,Batch-6,Sim_satellite_battery,752,1.0C charge and 0.5C discharge [test capacity],measured_RPT,1.855,False,time_reset_or_nonmonotonic_voltage,False,True,1.991
Batch-6/Sim_satellite_battery-1,Batch-6,Sim_satellite_battery,758,1.0C charge and 0.5C discharge [test capacity],measured_RPT,1.847,False,time_reset_or_nonmonotonic_voltage,False,True,1.991
Batch-6/Sim_satellite_battery-1,Batch-6,Sim_satellite_battery,763,1.0C charge and 0.5C discharge [test capacity],measured_RPT,1.841,True,ok,False,True,1.991
Batch-6/Sim_satellite_battery-1,Batch-6,Sim_satellite_battery,769,1.0C charge and 0.5C discharge [test capacity],measured_RPT,1.837,False,time_reset_or_nonmonotonic_voltage,False,True,1.991
Batch-6/Sim_satellite_battery-1,Batch-6,Sim_satellite_battery,775,1.0C charge and 0.5C discharge [test capacity],measured_RPT,1.829,False,time_reset_or_nonmonotonic_voltage,False,True,1.991
Batch-6/Sim_satellite_battery-1,Batch-6,Sim_satellite_battery,781,1.0C charge and 0.5C discharge [test capacity],measured_RPT,1.836,False,time_reset_or_nonmonotonic_voltage,False,True,1.991
Batch-6/Sim_satellite_battery-1,Batch-6,Sim_satellite_battery,787,1.0C charge and 0.5C discharge [test capacity],measured_RPT,1.823,False,time_reset_or_nonmonotonic_voltage,False,True,1.991
Batch-6/Sim_satellite_battery-1,Batch-6,Sim_satellite_battery,793,1.0C charge and 0.5C discharge [test capacity],measured_RPT,1.815,False,time_reset_or_nonmonotonic_voltage,False,True,1.991
Batch-6/Sim_satellite_battery-1,Batch-6,Sim_satellite_battery,799,1.0C charge and 0.5C discharge [test capacity],measured_RPT,1.801,False,time_reset_or_nonmonotonic_voltage,False,True,1.991
Batch-6/Sim_satellite_battery-1,Batch-6,Sim_satellite_battery,804,1.0C charge and 0.5C discharge [test capacity],measured_RPT,1.795,False,time_reset_or_nonmonotonic_voltage,False,True,1.991
Batch-6/Sim_satellite_battery-1,Batch-6,Sim_satellite_battery,810,1.0C charge and 0.5C discharge [test capacity],measured_RPT,1.783,True,ok,False,True,1.991
Batch-6/Sim_satellite_battery-1,Batch-6,Sim_satellite_battery,815,1.0C charge and 0.5C discharge [test capacity],measured_RPT,1.775,False,time_reset_or_nonmonotonic_voltage,False,True,1.991
Batch-6/Sim_satellite_battery-1,Batch-6,Sim_satellite_battery,821,1.0C charge and 0.5C discharge [test capacity],measured_RPT,1.764,False,time_reset_or_nonmonotonic_voltage,False,True,1.991
Batch-6/Sim_satellite_battery-1,Batch-6,Sim_satellite_battery,827,1.0C charge and 0.5C discharge [test capacity],measured_RPT,1.757,False,time_reset_or_nonmonotonic_voltage,False,True,1.991
Batch-6/Sim_satellite_battery-1,Batch-6,Sim_satellite_battery,833,1.0C charge and 0.5C discharge [test capacity],measured_RPT,1.76,False,time_reset_or_nonmonotonic_voltage,False,True,1.991
Batch-6/Sim_satellite_battery-1,Batch-6,Sim_satellite_battery,839,1.0C charge and 0.5C discharge [test capacity],measured_RPT,1.747,False,time_reset_or_nonmonotonic_voltage,False,True,1.991
Batch-6/Sim_satellite_battery-1,Batch-6,Sim_satellite_battery,845,1.0C charge and 0.5C discharge [test capacity],measured_RPT,1.733,False,time_reset_or_nonmonotonic_voltage,False,True,1.991
Batch-6/Sim_satellite_battery-1,Batch-6,Sim_satellite_battery,851,1.0C charge and 0.5C discharge [test capacity],measured_RPT,1.722,False,time_reset_or_nonmonotonic_voltage,False,True,1.991
Batch-6/Sim_satellite_battery-1,Batch-6,Sim_satellite_battery,856,1.0C charge and 0.5C discharge [test capacity],measured_RPT,1.717,False,time_reset_or_nonmonotonic_voltage,False,True,1.991
Batch-6/Sim_satellite_battery-1,Batch-6,Sim_satellite_battery,862,1.0C charge and 0.5C discharge [test capacity],measured_RPT,1.708,False,time_reset_or_nonmonotonic_voltage,False,True,1.991
Batch-6/Sim_satellite_battery-1,Batch-6,Sim_satellite_battery,867,1.0C charge and 0.5C discharge [test capacity],measured_RPT,1.703,False,time_reset_or_nonmonotonic_voltage,False,True,1.991
Batch-6/Sim_satellite_battery-1,Batch-6,Sim_satellite_battery,873,1.0C charge and 0.5C discharge [test capacity],measured_RPT,1.693,False,time_reset_or_nonmonotonic_voltage,False,True,1.991
Batch-6/Sim_satellite_battery-1,Batch-6,Sim_satellite_battery,879,1.0C charge and 0.5C discharge [test capacity],measured_RPT,1.691,False,time_reset_or_nonmonotonic_voltage,False,True,1.991
Batch-6/Sim_satellite_battery-1,Batch-6,Sim_satellite_battery,885,1.0C charge and 0.5C discharge [test capacity],measured_RPT,1.696,False,time_reset_or_nonmonotonic_voltage,False,True,1.991
Batch-6/Sim_satellite_battery-1,Batch-6,Sim_satellite_battery,891,1.0C charge and 0.5C discharge [test capacity],measured_RPT,1.685,False,time_reset_or_nonmonotonic_voltage,False,True,1.991
Batch-6/Sim_satellite_battery-1,Batch-6,Sim_satellite_battery,897,1.0C charge and 0.5C discharge [test capacity],measured_RPT,1.676,True,ok,False,True,1.991
Batch-6/Sim_satellite_battery-1,Batch-6,Sim_satellite_battery,903,1.0C charge and 0.5C discharge [test capacity],measured_RPT,1.666,False,time_reset_or_nonmonotonic_voltage,False,True,1.991
Batch-6/Sim_satellite_battery-1,Batch-6,Sim_satellite_battery,908,1.0C charge and 0.5C discharge [test capacity],measured_RPT,1.66,True,ok,False,True,1.991
Batch-6/Sim_satellite_battery-1,Batch-6,Sim_satellite_battery,914,1.0C charge and 0.5C discharge [test capacity],measured_RPT,1.647,False,time_reset_or_nonmonotonic_voltage,False,True,1.991
Batch-6/Sim_satellite_battery-1,Batch-6,Sim_satellite_battery,919,1.0C charge and 0.5C discharge [test capacity],measured_RPT,1.637,False,time_reset_or_nonmonotonic_voltage,False,True,1.991
Batch-6/Sim_satellite_battery-1,Batch-6,Sim_satellite_battery,925,1.0C charge and 0.5C discharge [test capacity],measured_RPT,1.623,False,time_reset_or_nonmonotonic_voltage,False,True,1.991
Batch-6/Sim_satellite_battery-1,Batch-6,Sim_satellite_battery,931,1.0C charge and 0.5C discharge [test capacity],measured_RPT,1.61,False,time_reset_or_nonmonotonic_voltage,False,True,1.991
Batch-6/Sim_satellite_battery-1,Batch-6,Sim_satellite_battery,937,1.0C charge and 0.5C discharge [test capacity],measured_RPT,1.613,False,time_reset_or_nonmonotonic_voltage,False,True,1.991
Batch-6/Sim_satellite_battery-1,Batch-6,Sim_satellite_battery,943,1.0C charge and 0.5C discharge [test capacity],measured_RPT,1.598,False,time_reset_or_nonmonotonic_voltage,False,True,1.991
Batch-6/Sim_satellite_battery-1,Batch-6,Sim_satellite_battery,949,1.0C charge and 0.5C discharge [test capacity],measured_RPT,1.584,False,time_reset_or_nonmonotonic_voltage,False,True,1.991
Batch-6/Sim_satellite_battery-2,Batch-6,Sim_satellite_battery,1,0.5C charge and 0.2C discharge [test capacity],measured_RPT,1.99,False,time_reset_or_nonmonotonic_voltage,True,False,
Batch-6/Sim_satellite_battery-2,Batch-6,Sim_satellite_battery,7,1.0C charge and 0.5C discharge [test capacity],measured_RPT,1.923,False,time_reset_or_nonmonotonic_voltage,False,True,1.99
Batch-6/Sim_satellite_battery-2,Batch-6,Sim_satellite_battery,13,1.0C charge and 0.5C discharge [test capacity],measured_RPT,1.927,False,time_reset_or_nonmonotonic_voltage,False,True,1.99
Batch-6/Sim_satellite_battery-2,Batch-6,Sim_satellite_battery,19,1.0C charge and 0.5C discharge [test capacity],measured_RPT,1.942,False,time_reset_or_nonmonotonic_voltage,False,True,1.99
Batch-6/Sim_satellite_battery-2,Batch-6,Sim_satellite_battery,24,1.0C charge and 0.5C discharge [test capacity],measured_RPT,1.952,False,time_reset_or_nonmonotonic_voltage,False,True,1.99
Batch-6/Sim_satellite_battery-2,Batch-6,Sim_satellite_battery,30,1.0C charge and 0.5C discharge [test capacity],measured_RPT,1.961,False,time_reset_or_nonmonotonic_voltage,False,True,1.99
Batch-6/Sim_satellite_battery-2,Batch-6,Sim_satellite_battery,35,1.0C charge and 0.5C discharge [test capacity],measured_RPT,1.969,False,time_reset_or_nonmonotonic_voltage,False,True,1.99
Batch-6/Sim_satellite_battery-2,Batch-6,Sim_satellite_battery,41,1.0C charge and 0.5C discharge [test capacity],measured_RPT,1.977,False,time_reset_or_nonmonotonic_voltage,False,True,1.99
Batch-6/Sim_satellite_battery-2,Batch-6,Sim_satellite_battery,47,1.0C charge and 0.5C discharge [test capacity],measured_RPT,1.982,False,time_reset_or_nonmonotonic_voltage,False,True,1.99
Batch-6/Sim_satellite_battery-2,Batch-6,Sim_satellite_battery,53,1.0C charge and 0.5C discharge [test capacity],measured_RPT,1.991,False,time_reset_or_nonmonotonic_voltage,False,True,1.99
Batch-6/Sim_satellite_battery-2,Batch-6,Sim_satellite_battery,59,1.0C charge and 0.5C discharge [test capacity],measured_RPT,1.984,False,time_reset_or_nonmonotonic_voltage,False,True,1.99
Batch-6/Sim_satellite_battery-2,Batch-6,Sim_satellite_battery,65,1.0C charge and 0.5C discharge [test capacity],measured_RPT,1.987,True,ok,False,True,1.99
Batch-6/Sim_satellite_battery-2,Batch-6,Sim_satellite_battery,71,1.0C charge and 0.5C discharge [test capacity],measured_RPT,1.983,False,time_reset_or_nonmonotonic_voltage,False,True,1.99
Batch-6/Sim_satellite_battery-2,Batch-6,Sim_satellite_battery,76,1.0C charge and 0.5C discharge [test capacity],measured_RPT,1.988,True,ok,False,True,1.99
Batch-6/Sim_satellite_battery-2,Batch-6,Sim_satellite_battery,82,1.0C charge and 0.5C discharge [test capacity],measured_RPT,1.988,False,time_reset_or_nonmonotonic_voltage,False,True,1.99
Batch-6/Sim_satellite_battery-2,Batch-6,Sim_satellite_battery,87,1.0C charge and 0.5C discharge [test capacity],measured_RPT,1.99,True,ok,False,True,1.99
Batch-6/Sim_satellite_battery-2,Batch-6,Sim_satellite_battery,93,1.0C charge and 0.5C discharge [test capacity],measured_RPT,1.989,False,time_reset_or_nonmonotonic_voltage,False,True,1.99
Batch-6/Sim_satellite_battery-2,Batch-6,Sim_satellite_battery,99,1.0C charge and 0.5C discharge [test capacity],measured_RPT,1.99,False,time_reset_or_nonmonotonic_voltage,False,True,1.99
Batch-6/Sim_satellite_battery-2,Batch-6,Sim_satellite_battery,105,1.0C charge and 0.5C discharge [test capacity],measured_RPT,1.997,False,time_reset_or_nonmonotonic_voltage,False,True,1.99
Batch-6/Sim_satellite_battery-2,Batch-6,Sim_satellite_battery,111,1.0C charge and 0.5C discharge [test capacity],measured_RPT,1.994,False,time_reset_or_nonmonotonic_voltage,False,True,1.99
Batch-6/Sim_satellite_battery-2,Batch-6,Sim_satellite_battery,117,1.0C charge and 0.5C discharge [test capacity],measured_RPT,1.991,False,time_reset_or_nonmonotonic_voltage,False,True,1.99
Batch-6/Sim_satellite_battery-2,Batch-6,Sim_satellite_battery,123,1.0C charge and 0.5C discharge [test capacity],measured_RPT,1.991,False,time_reset_or_nonmonotonic_voltage,False,True,1.99
Batch-6/Sim_satellite_battery-2,Batch-6,Sim_satellite_battery,128,1.0C charge and 0.5C discharge [test capacity],measured_RPT,1.993,True,ok,False,True,1.99
Batch-6/Sim_satellite_battery-2,Batch-6,Sim_satellite_battery,134,1.0C charge and 0.5C discharge [test capacity],measured_RPT,1.992,False,time_reset_or_nonmonotonic_voltage,False,True,1.99
Batch-6/Sim_satellite_battery-2,Batch-6,Sim_satellite_battery,139,1.0C charge and 0.5C discharge [test capacity],measured_RPT,1.993,True,ok,False,True,1.99
Batch-6/Sim_satellite_battery-2,Batch-6,Sim_satellite_battery,145,1.0C charge and 0.5C discharge [test capacity],measured_RPT,1.994,False,time_reset_or_nonmonotonic_voltage,False,True,1.99
Batch-6/Sim_satellite_battery-2,Batch-6,Sim_satellite_battery,151,1.0C charge and 0.5C discharge [test capacity],measured_RPT,1.995,False,time_reset_or_nonmonotonic_voltage,False,True,1.99
Batch-6/Sim_satellite_battery-2,Batch-6,Sim_satellite_battery,157,1.0C charge and 0.5C discharge [test capacity],measured_RPT,2.001,False,time_reset_or_nonmonotonic_voltage,False,True,1.99
Batch-6/Sim_satellite_battery-2,Batch-6,Sim_satellite_battery,163,1.0C charge and 0.5C discharge [test capacity],measured_RPT,2.001,False,time_reset_or_nonmonotonic_voltage,False,True,1.99
Batch-6/Sim_satellite_battery-2,Batch-6,Sim_satellite_battery,169,1.0C charge and 0.5C discharge [test capacity],measured_RPT,1.998,False,time_reset_or_nonmonotonic_voltage,False,True,1.99
Batch-6/Sim_satellite_battery-2,Batch-6,Sim_satellite_battery,175,1.0C charge and 0.5C discharge [test capacity],measured_RPT,1.996,True,ok,False,True,1.99
Batch-6/Sim_satellite_battery-2,Batch-6,Sim_satellite_battery,180,1.0C charge and 0.5C discharge [test capacity],measured_RPT,1.994,False,time_reset_or_nonmonotonic_voltage,False,True,1.99
Batch-6/Sim_satellite_battery-2,Batch-6,Sim_satellite_battery,186,1.0C charge and 0.5C discharge [test capacity],measured_RPT,1.992,True,ok,False,True,1.99
Batch-6/Sim_satellite_battery-2,Batch-6,Sim_satellite_battery,191,1.0C charge and 0.5C discharge [test capacity],measured_RPT,1.99,True,ok,False,True,1.99
Batch-6/Sim_satellite_battery-2,Batch-6,Sim_satellite_battery,197,1.0C charge and 0.5C discharge [test capacity],measured_RPT,1.99,False,time_reset_or_nonmonotonic_voltage,False,True,1.99
Batch-6/Sim_satellite_battery-2,Batch-6,Sim_satellite_battery,203,1.0C charge and 0.5C discharge [test capacity],measured_RPT,1.989,False,time_reset_or_nonmonotonic_voltage,False,True,1.99
Batch-6/Sim_satellite_battery-2,Batch-6,Sim_satellite_battery,209,1.0C charge and 0.5C discharge [test capacity],measured_RPT,1.995,False,time_reset_or_nonmonotonic_voltage,False,True,1.99
Batch-6/Sim_satellite_battery-2,Batch-6,Sim_satellite_battery,215,1.0C charge and 0.5C discharge [test capacity],measured_RPT,1.986,False,time_reset_or_nonmonotonic_voltage,False,True,1.99
Batch-6/Sim_satellite_battery-2,Batch-6,Sim_satellite_battery,221,1.0C charge and 0.5C discharge [test capacity],measured_RPT,1.981,True,ok,False,True,1.99
Batch-6/Sim_satellite_battery-2,Batch-6,Sim_satellite_battery,227,1.0C charge and 0.5C discharge [test capacity],measured_RPT,1.976,False,time_reset_or_nonmonotonic_voltage,False,True,1.99
Batch-6/Sim_satellite_battery-2,Batch-6,Sim_satellite_battery,232,1.0C charge and 0.5C discharge [test capacity],measured_RPT,1.97,False,time_reset_or_nonmonotonic_voltage,False,True,1.99
Batch-6/Sim_satellite_battery-2,Batch-6,Sim_satellite_battery,238,1.0C charge and 0.5C discharge [test capacity],measured_RPT,1.962,False,time_reset_or_nonmonotonic_voltage,False,True,1.99
Batch-6/Sim_satellite_battery-2,Batch-6,Sim_satellite_battery,243,1.0C charge and 0.5C discharge [test capacity],measured_RPT,1.958,True,ok,False,True,1.99
Batch-6/Sim_satellite_battery-2,Batch-6,Sim_satellite_battery,249,1.0C charge and 0.5C discharge [test capacity],measured_RPT,1.956,False,time_reset_or_nonmonotonic_voltage,False,True,1.99
Batch-6/Sim_satellite_battery-2,Batch-6,Sim_satellite_battery,255,1.0C charge and 0.5C discharge [test capacity],measured_RPT,1.953,False,time_reset_or_nonmonotonic_voltage,False,True,1.99
Batch-6/Sim_satellite_battery-2,Batch-6,Sim_satellite_battery,261,1.0C charge and 0.5C discharge [test capacity],measured_RPT,1.96,False,time_reset_or_nonmonotonic_voltage,False,True,1.99
Batch-6/Sim_satellite_battery-2,Batch-6,Sim_satellite_battery,267,1.0C charge and 0.5C discharge [test capacity],measured_RPT,1.952,False,time_reset_or_nonmonotonic_voltage,False,True,1.99
Batch-6/Sim_satellite_battery-2,Batch-6,Sim_satellite_battery,273,1.0C charge and 0.5C discharge [test capacity],measured_RPT,1.947,False,time_reset_or_nonmonotonic_voltage,False,True,1.99
Batch-6/Sim_satellite_battery-2,Batch-6,Sim_satellite_battery,279,1.0C charge and 0.5C discharge [test capacity],measured_RPT,1.946,False,time_reset_or_nonmonotonic_voltage,False,True,1.99
Batch-6/Sim_satellite_battery-2,Batch-6,Sim_satellite_battery,284,1.0C charge and 0.5C discharge [test capacity],measured_RPT,1.943,True,ok,False,True,1.99
Batch-6/Sim_satellite_battery-2,Batch-6,Sim_satellite_battery,290,1.0C charge and 0.5C discharge [test capacity],measured_RPT,1.942,False,time_reset_or_nonmonotonic_voltage,False,True,1.99
Batch-6/Sim_satellite_battery-2,Batch-6,Sim_satellite_battery,295,1.0C charge and 0.5C discharge [test capacity],measured_RPT,1.94,False,time_reset_or_nonmonotonic_voltage,False,True,1.99
Batch-6/Sim_satellite_battery-2,Batch-6,Sim_satellite_battery,301,1.0C charge and 0.5C discharge [test capacity],measured_RPT,1.941,False,time_reset_or_nonmonotonic_voltage,False,True,1.99
Batch-6/Sim_satellite_battery-2,Batch-6,Sim_satellite_battery,307,1.0C charge and 0.5C discharge [test capacity],measured_RPT,1.938,False,time_reset_or_nonmonotonic_voltage,False,True,1.99
Batch-6/Sim_satellite_battery-2,Batch-6,Sim_satellite_battery,313,1.0C charge and 0.5C discharge [test capacity],measured_RPT,1.948,False,time_reset_or_nonmonotonic_voltage,False,True,1.99
Batch-6/Sim_satellite_battery-2,Batch-6,Sim_satellite_battery,319,1.0C charge and 0.5C discharge [test capacity],measured_RPT,1.941,False,time_reset_or_nonmonotonic_voltage,False,True,1.99
Batch-6/Sim_satellite_battery-2,Batch-6,Sim_satellite_battery,325,1.0C charge and 0.5C discharge [test capacity],measured_RPT,1.94,True,ok,False,True,1.99
Batch-6/Sim_satellite_battery-2,Batch-6,Sim_satellite_battery,331,1.0C charge and 0.5C discharge [test capacity],measured_RPT,1.935,True,ok,False,True,1.99
Batch-6/Sim_satellite_battery-2,Batch-6,Sim_satellite_battery,336,1.0C charge and 0.5C discharge [test capacity],measured_RPT,1.934,False,time_reset_or_nonmonotonic_voltage,False,True,1.99
Batch-6/Sim_satellite_battery-2,Batch-6,Sim_satellite_battery,342,1.0C charge and 0.5C discharge [test capacity],measured_RPT,1.933,False,time_reset_or_nonmonotonic_voltage,False,True,1.99
Batch-6/Sim_satellite_battery-2,Batch-6,Sim_satellite_battery,347,1.0C charge and 0.5C discharge [test capacity],measured_RPT,1.934,False,time_reset_or_nonmonotonic_voltage,False,True,1.99
Batch-6/Sim_satellite_battery-2,Batch-6,Sim_satellite_battery,353,1.0C charge and 0.5C discharge [test capacity],measured_RPT,1.935,False,time_reset_or_nonmonotonic_voltage,False,True,1.99
Batch-6/Sim_satellite_battery-2,Batch-6,Sim_satellite_battery,359,1.0C charge and 0.5C discharge [test capacity],measured_RPT,1.935,True,ok,False,True,1.99
Batch-6/Sim_satellite_battery-2,Batch-6,Sim_satellite_battery,365,1.0C charge and 0.5C discharge [test capacity],measured_RPT,1.942,False,time_reset_or_nonmonotonic_voltage,False,True,1.99
Batch-6/Sim_satellite_battery-2,Batch-6,Sim_satellite_battery,371,1.0C charge and 0.5C discharge [test capacity],measured_RPT,1.934,False,time_reset_or_nonmonotonic_voltage,False,True,1.99
Batch-6/Sim_satellite_battery-2,Batch-6,Sim_satellite_battery,377,1.0C charge and 0.5C discharge [test capacity],measured_RPT,1.936,False,time_reset_or_nonmonotonic_voltage,False,True,1.99
Batch-6/Sim_satellite_battery-2,Batch-6,Sim_satellite_battery,383,1.0C charge and 0.5C discharge [test capacity],measured_RPT,1.931,False,time_reset_or_nonmonotonic_voltage,False,True,1.99
Batch-6/Sim_satellite_battery-2,Batch-6,Sim_satellite_battery,388,1.0C charge and 0.5C discharge [test capacity],measured_RPT,1.934,True,ok,False,True,1.99
Batch-6/Sim_satellite_battery-2,Batch-6,Sim_satellite_battery,394,1.0C charge and 0.5C discharge [test capacity],measured_RPT,1.93,False,time_reset_or_nonmonotonic_voltage,False,True,1.99
Batch-6/Sim_satellite_battery-2,Batch-6,Sim_satellite_battery,399,1.0C charge and 0.5C discharge [test capacity],measured_RPT,1.933,False,time_reset_or_nonmonotonic_voltage,False,True,1.99
Batch-6/Sim_satellite_battery-2,Batch-6,Sim_satellite_battery,405,1.0C charge and 0.5C discharge [test capacity],measured_RPT,1.929,False,time_reset_or_nonmonotonic_voltage,False,True,1.99
Batch-6/Sim_satellite_battery-2,Batch-6,Sim_satellite_battery,411,1.0C charge and 0.5C discharge [test capacity],measured_RPT,1.933,False,time_reset_or_nonmonotonic_voltage,False,True,1.99
Batch-6/Sim_satellite_battery-2,Batch-6,Sim_satellite_battery,417,1.0C charge and 0.5C discharge [test capacity],measured_RPT,1.938,False,time_reset_or_nonmonotonic_voltage,False,True,1.99
Batch-6/Sim_satellite_battery-2,Batch-6,Sim_satellite_battery,423,1.0C charge and 0.5C discharge [test capacity],measured_RPT,1.931,False,time_reset_or_nonmonotonic_voltage,False,True,1.99
Batch-6/Sim_satellite_battery-2,Batch-6,Sim_satellite_battery,429,1.0C charge and 0.5C discharge [test capacity],measured_RPT,1.929,False,time_reset_or_nonmonotonic_voltage,False,True,1.99
Batch-6/Sim_satellite_battery-2,Batch-6,Sim_satellite_battery,435,1.0C charge and 0.5C discharge [test capacity],measured_RPT,1.927,True,ok,False,True,1.99
Batch-6/Sim_satellite_battery-2,Batch-6,Sim_satellite_battery,440,1.0C charge and 0.5C discharge [test capacity],measured_RPT,1.927,False,time_reset_or_nonmonotonic_voltage,False,True,1.99
Batch-6/Sim_satellite_battery-2,Batch-6,Sim_satellite_battery,446,1.0C charge and 0.5C discharge [test capacity],measured_RPT,1.927,False,time_reset_or_nonmonotonic_voltage,False,True,1.99
Batch-6/Sim_satellite_battery-2,Batch-6,Sim_satellite_battery,451,1.0C charge and 0.5C discharge [test capacity],measured_RPT,1.927,False,time_reset_or_nonmonotonic_voltage,False,True,1.99
Batch-6/Sim_satellite_battery-2,Batch-6,Sim_satellite_battery,457,1.0C charge and 0.5C discharge [test capacity],measured_RPT,1.927,True,ok,False,True,1.99
Batch-6/Sim_satellite_battery-2,Batch-6,Sim_satellite_battery,463,1.0C charge and 0.5C discharge [test capacity],measured_RPT,1.927,False,time_reset_or_nonmonotonic_voltage,False,True,1.99
Batch-6/Sim_satellite_battery-2,Batch-6,Sim_satellite_battery,469,1.0C charge and 0.5C discharge [test capacity],measured_RPT,1.934,False,time_reset_or_nonmonotonic_voltage,False,True,1.99
Batch-6/Sim_satellite_battery-2,Batch-6,Sim_satellite_battery,475,1.0C charge and 0.5C discharge [test capacity],measured_RPT,1.927,True,ok,False,True,1.99
Batch-6/Sim_satellite_battery-2,Batch-6,Sim_satellite_battery,481,1.0C charge and 0.5C discharge [test capacity],measured_RPT,1.924,False,time_reset_or_nonmonotonic_voltage,False,True,1.99
Batch-6/Sim_satellite_battery-2,Batch-6,Sim_satellite_battery,487,1.0C charge and 0.5C discharge [test capacity],measured_RPT,1.923,False,time_reset_or_nonmonotonic_voltage,False,True,1.99
Batch-6/Sim_satellite_battery-2,Batch-6,Sim_satellite_battery,492,1.0C charge and 0.5C discharge [test capacity],measured_RPT,1.922,False,time_reset_or_nonmonotonic_voltage,False,True,1.99
Batch-6/Sim_satellite_battery-2,Batch-6,Sim_satellite_battery,498,1.0C charge and 0.5C discharge [test capacity],measured_RPT,1.921,False,time_reset_or_nonmonotonic_voltage,False,True,1.99
Batch-6/Sim_satellite_battery-2,Batch-6,Sim_satellite_battery,503,1.0C charge and 0.5C discharge [test capacity],measured_RPT,1.92,True,ok,False,True,1.99
Batch-6/Sim_satellite_battery-2,Batch-6,Sim_satellite_battery,509,1.0C charge and 0.5C discharge [test capacity],measured_RPT,1.92,True,ok,False,True,1.99
Batch-6/Sim_satellite_battery-2,Batch-6,Sim_satellite_battery,515,1.0C charge and 0.5C discharge [test capacity],measured_RPT,1.917,False,time_reset_or_nonmonotonic_voltage,False,True,1.99
Batch-6/Sim_satellite_battery-2,Batch-6,Sim_satellite_battery,521,1.0C charge and 0.5C discharge [test capacity],measured_RPT,1.923,False,time_reset_or_nonmonotonic_voltage,False,True,1.99
Batch-6/Sim_satellite_battery-2,Batch-6,Sim_satellite_battery,527,1.0C charge and 0.5C discharge [test capacity],measured_RPT,1.916,False,time_reset_or_nonmonotonic_voltage,False,True,1.99
Batch-6/Sim_satellite_battery-2,Batch-6,Sim_satellite_battery,533,1.0C charge and 0.5C discharge [test capacity],measured_RPT,1.912,False,time_reset_or_nonmonotonic_voltage,False,True,1.99
Batch-6/Sim_satellite_battery-2,Batch-6,Sim_satellite_battery,539,1.0C charge and 0.5C discharge [test capacity],measured_RPT,1.911,False,time_reset_or_nonmonotonic_voltage,False,True,1.99
Batch-6/Sim_satellite_battery-2,Batch-6,Sim_satellite_battery,544,1.0C charge and 0.5C discharge [test capacity],measured_RPT,1.908,False,time_reset_or_nonmonotonic_voltage,False,True,1.99
Batch-6/Sim_satellite_battery-2,Batch-6,Sim_satellite_battery,550,1.0C charge and 0.5C discharge [test capacity],measured_RPT,1.909,False,time_reset_or_nonmonotonic_voltage,False,True,1.99
Batch-6/Sim_satellite_battery-2,Batch-6,Sim_satellite_battery,555,1.0C charge and 0.5C discharge [test capacity],measured_RPT,1.907,True,ok,False,True,1.99
Batch-6/Sim_satellite_battery-2,Batch-6,Sim_satellite_battery,561,1.0C charge and 0.5C discharge [test capacity],measured_RPT,1.911,False,time_reset_or_nonmonotonic_voltage,False,True,1.99
Batch-6/Sim_satellite_battery-2,Batch-6,Sim_satellite_battery,567,1.0C charge and 0.5C discharge [test capacity],measured_RPT,1.907,False,time_reset_or_nonmonotonic_voltage,False,True,1.99
Batch-6/Sim_satellite_battery-2,Batch-6,Sim_satellite_battery,573,1.0C charge and 0.5C discharge [test capacity],measured_RPT,1.918,False,time_reset_or_nonmonotonic_voltage,False,True,1.99
Batch-6/Sim_satellite_battery-2,Batch-6,Sim_satellite_battery,579,1.0C charge and 0.5C discharge [test capacity],measured_RPT,1.909,False,time_reset_or_nonmonotonic_voltage,False,True,1.99
Batch-6/Sim_satellite_battery-2,Batch-6,Sim_satellite_battery,585,1.0C charge and 0.5C discharge [test capacity],measured_RPT,1.908,False,time_reset_or_nonmonotonic_voltage,False,True,1.99
Batch-6/Sim_satellite_battery-2,Batch-6,Sim_satellite_battery,591,1.0C charge and 0.5C discharge [test capacity],measured_RPT,1.906,True,ok,False,True,1.99
Batch-6/Sim_satellite_battery-2,Batch-6,Sim_satellite_battery,596,1.0C charge and 0.5C discharge [test capacity],measured_RPT,1.905,False,time_reset_or_nonmonotonic_voltage,False,True,1.99
Batch-6/Sim_satellite_battery-2,Batch-6,Sim_satellite_battery,602,1.0C charge and 0.5C discharge [test capacity],measured_RPT,1.904,True,ok,False,True,1.99
Batch-6/Sim_satellite_battery-2,Batch-6,Sim_satellite_battery,607,1.0C charge and 0.5C discharge [test capacity],measured_RPT,1.903,False,time_reset_or_nonmonotonic_voltage,False,True,1.99
Batch-6/Sim_satellite_battery-2,Batch-6,Sim_satellite_battery,613,1.0C charge and 0.5C discharge [test capacity],measured_RPT,1.901,True,ok,False,True,1.99
Batch-6/Sim_satellite_battery-2,Batch-6,Sim_satellite_battery,619,1.0C charge and 0.5C discharge [test capacity],measured_RPT,1.903,False,time_reset_or_nonmonotonic_voltage,False,True,1.99
Batch-6/Sim_satellite_battery-2,Batch-6,Sim_satellite_battery,625,1.0C charge and 0.5C discharge [test capacity],measured_RPT,1.909,False,time_reset_or_nonmonotonic_voltage,False,True,1.99
Batch-6/Sim_satellite_battery-2,Batch-6,Sim_satellite_battery,631,1.0C charge and 0.5C discharge [test capacity],measured_RPT,1.899,True,ok,False,True,1.99
Batch-6/Sim_satellite_battery-2,Batch-6,Sim_satellite_battery,637,1.0C charge and 0.5C discharge [test capacity],measured_RPT,1.899,False,time_reset_or_nonmonotonic_voltage,False,True,1.99
Batch-6/Sim_satellite_battery-2,Batch-6,Sim_satellite_battery,643,1.0C charge and 0.5C discharge [test capacity],measured_RPT,1.894,False,time_reset_or_nonmonotonic_voltage,False,True,1.99
Batch-6/Sim_satellite_battery-2,Batch-6,Sim_satellite_battery,648,1.0C charge and 0.5C discharge [test capacity],measured_RPT,1.896,False,time_reset_or_nonmonotonic_voltage,False,True,1.99
Batch-6/Sim_satellite_battery-2,Batch-6,Sim_satellite_battery,654,1.0C charge and 0.5C discharge [test capacity],measured_RPT,1.894,True,ok,False,True,1.99
Batch-6/Sim_satellite_battery-2,Batch-6,Sim_satellite_battery,659,1.0C charge and 0.5C discharge [test capacity],measured_RPT,1.893,False,time_reset_or_nonmonotonic_voltage,False,True,1.99
Batch-6/Sim_satellite_battery-2,Batch-6,Sim_satellite_battery,665,1.0C charge and 0.5C discharge [test capacity],measured_RPT,1.892,False,time_reset_or_nonmonotonic_voltage,False,True,1.99
Batch-6/Sim_satellite_battery-2,Batch-6,Sim_satellite_battery,671,1.0C charge and 0.5C discharge [test capacity],measured_RPT,1.893,False,time_reset_or_nonmonotonic_voltage,False,True,1.99
Batch-6/Sim_satellite_battery-2,Batch-6,Sim_satellite_battery,677,1.0C charge and 0.5C discharge [test capacity],measured_RPT,1.9,False,time_reset_or_nonmonotonic_voltage,False,True,1.99
Batch-6/Sim_satellite_battery-2,Batch-6,Sim_satellite_battery,683,1.0C charge and 0.5C discharge [test capacity],measured_RPT,1.892,False,time_reset_or_nonmonotonic_voltage,False,True,1.99
Batch-6/Sim_satellite_battery-2,Batch-6,Sim_satellite_battery,689,1.0C charge and 0.5C discharge [test capacity],measured_RPT,1.893,False,time_reset_or_nonmonotonic_voltage,False,True,1.99
Batch-6/Sim_satellite_battery-2,Batch-6,Sim_satellite_battery,695,1.0C charge and 0.5C discharge [test capacity],measured_RPT,1.892,False,time_reset_or_nonmonotonic_voltage,False,True,1.99
Batch-6/Sim_satellite_battery-2,Batch-6,Sim_satellite_battery,700,1.0C charge and 0.5C discharge [test capacity],measured_RPT,1.889,False,time_reset_or_nonmonotonic_voltage,False,True,1.99
Batch-6/Sim_satellite_battery-2,Batch-6,Sim_satellite_battery,706,1.0C charge and 0.5C discharge [test capacity],measured_RPT,1.889,False,time_reset_or_nonmonotonic_voltage,False,True,1.99
Batch-6/Sim_satellite_battery-2,Batch-6,Sim_satellite_battery,711,1.0C charge and 0.5C discharge [test capacity],measured_RPT,1.891,True,ok,False,True,1.99
Batch-6/Sim_satellite_battery-2,Batch-6,Sim_satellite_battery,717,1.0C charge and 0.5C discharge [test capacity],measured_RPT,1.89,False,time_reset_or_nonmonotonic_voltage,False,True,1.99
Batch-6/Sim_satellite_battery-2,Batch-6,Sim_satellite_battery,723,1.0C charge and 0.5C discharge [test capacity],measured_RPT,1.89,False,time_reset_or_nonmonotonic_voltage,False,True,1.99
Batch-6/Sim_satellite_battery-2,Batch-6,Sim_satellite_battery,729,1.0C charge and 0.5C discharge [test capacity],measured_RPT,1.896,False,time_reset_or_nonmonotonic_voltage,False,True,1.99
Batch-6/Sim_satellite_battery-2,Batch-6,Sim_satellite_battery,735,1.0C charge and 0.5C discharge [test capacity],measured_RPT,1.889,False,time_reset_or_nonmonotonic_voltage,False,True,1.99
Batch-6/Sim_satellite_battery-2,Batch-6,Sim_satellite_battery,741,1.0C charge and 0.5C discharge [test capacity],measured_RPT,1.885,True,ok,False,True,1.99
Batch-6/Sim_satellite_battery-2,Batch-6,Sim_satellite_battery,747,1.0C charge and 0.5C discharge [test capacity],measured_RPT,1.886,False,time_reset_or_nonmonotonic_voltage,False,True,1.99
Batch-6/Sim_satellite_battery-2,Batch-6,Sim_satellite_battery,752,1.0C charge and 0.5C discharge [test capacity],measured_RPT,1.885,False,time_reset_or_nonmonotonic_voltage,False,True,1.99
Batch-6/Sim_satellite_battery-2,Batch-6,Sim_satellite_battery,758,1.0C charge and 0.5C discharge [test capacity],measured_RPT,1.885,False,time_reset_or_nonmonotonic_voltage,False,True,1.99
Batch-6/Sim_satellite_battery-2,Batch-6,Sim_satellite_battery,763,1.0C charge and 0.5C discharge [test capacity],measured_RPT,1.878,True,ok,False,True,1.99
Batch-6/Sim_satellite_battery-2,Batch-6,Sim_satellite_battery,769,1.0C charge and 0.5C discharge [test capacity],measured_RPT,1.882,True,ok,False,True,1.99
Batch-6/Sim_satellite_battery-2,Batch-6,Sim_satellite_battery,775,1.0C charge and 0.5C discharge [test capacity],measured_RPT,1.881,False,time_reset_or_nonmonotonic_voltage,False,True,1.99
Batch-6/Sim_satellite_battery-2,Batch-6,Sim_satellite_battery,781,1.0C charge and 0.5C discharge [test capacity],measured_RPT,1.888,False,time_reset_or_nonmonotonic_voltage,False,True,1.99
Batch-6/Sim_satellite_battery-2,Batch-6,Sim_satellite_battery,787,1.0C charge and 0.5C discharge [test capacity],measured_RPT,1.879,False,time_reset_or_nonmonotonic_voltage,False,True,1.99
Batch-6/Sim_satellite_battery-2,Batch-6,Sim_satellite_battery,793,1.0C charge and 0.5C discharge [test capacity],measured_RPT,1.875,False,time_reset_or_nonmonotonic_voltage,False,True,1.99
Batch-6/Sim_satellite_battery-2,Batch-6,Sim_satellite_battery,799,1.0C charge and 0.5C discharge [test capacity],measured_RPT,1.877,False,time_reset_or_nonmonotonic_voltage,False,True,1.99
Batch-6/Sim_satellite_battery-2,Batch-6,Sim_satellite_battery,804,1.0C charge and 0.5C discharge [test capacity],measured_RPT,1.874,False,time_reset_or_nonmonotonic_voltage,False,True,1.99
Batch-6/Sim_satellite_battery-2,Batch-6,Sim_satellite_battery,810,1.0C charge and 0.5C discharge [test capacity],measured_RPT,1.876,True,ok,False,True,1.99
Batch-6/Sim_satellite_battery-2,Batch-6,Sim_satellite_battery,815,1.0C charge and 0.5C discharge [test capacity],measured_RPT,1.875,True,ok,False,True,1.99
Batch-6/Sim_satellite_battery-2,Batch-6,Sim_satellite_battery,821,1.0C charge and 0.5C discharge [test capacity],measured_RPT,1.874,False,time_reset_or_nonmonotonic_voltage,False,True,1.99
Batch-6/Sim_satellite_battery-2,Batch-6,Sim_satellite_battery,827,1.0C charge and 0.5C discharge [test capacity],measured_RPT,1.874,False,time_reset_or_nonmonotonic_voltage,False,True,1.99
Batch-6/Sim_satellite_battery-2,Batch-6,Sim_satellite_battery,833,1.0C charge and 0.5C discharge [test capacity],measured_RPT,1.882,False,time_reset_or_nonmonotonic_voltage,False,True,1.99
Batch-6/Sim_satellite_battery-2,Batch-6,Sim_satellite_battery,839,1.0C charge and 0.5C discharge [test capacity],measured_RPT,1.874,False,time_reset_or_nonmonotonic_voltage,False,True,1.99
Batch-6/Sim_satellite_battery-2,Batch-6,Sim_satellite_battery,845,1.0C charge and 0.5C discharge [test capacity],measured_RPT,1.87,False,time_reset_or_nonmonotonic_voltage,False,True,1.99
Batch-6/Sim_satellite_battery-2,Batch-6,Sim_satellite_battery,851,1.0C charge and 0.5C discharge [test capacity],measured_RPT,1.867,False,time_reset_or_nonmonotonic_voltage,False,True,1.99
Batch-6/Sim_satellite_battery-2,Batch-6,Sim_satellite_battery,856,1.0C charge and 0.5C discharge [test capacity],measured_RPT,1.865,True,ok,False,True,1.99
Batch-6/Sim_satellite_battery-2,Batch-6,Sim_satellite_battery,862,1.0C charge and 0.5C discharge [test capacity],measured_RPT,1.866,True,ok,False,True,1.99
Batch-6/Sim_satellite_battery-2,Batch-6,Sim_satellite_battery,867,1.0C charge and 0.5C discharge [test capacity],measured_RPT,1.866,True,ok,False,True,1.99
Batch-6/Sim_satellite_battery-2,Batch-6,Sim_satellite_battery,873,1.0C charge and 0.5C discharge [test capacity],measured_RPT,1.866,False,time_reset_or_nonmonotonic_voltage,False,True,1.99
Batch-6/Sim_satellite_battery-2,Batch-6,Sim_satellite_battery,879,1.0C charge and 0.5C discharge [test capacity],measured_RPT,1.866,False,time_reset_or_nonmonotonic_voltage,False,True,1.99
Batch-6/Sim_satellite_battery-2,Batch-6,Sim_satellite_battery,885,1.0C charge and 0.5C discharge [test capacity],measured_RPT,1.876,False,time_reset_or_nonmonotonic_voltage,False,True,1.99
Batch-6/Sim_satellite_battery-2,Batch-6,Sim_satellite_battery,891,1.0C charge and 0.5C discharge [test capacity],measured_RPT,1.871,False,time_reset_or_nonmonotonic_voltage,False,True,1.99
Batch-6/Sim_satellite_battery-2,Batch-6,Sim_satellite_battery,897,1.0C charge and 0.5C discharge [test capacity],measured_RPT,1.87,False,time_reset_or_nonmonotonic_voltage,False,True,1.99
Batch-6/Sim_satellite_battery-2,Batch-6,Sim_satellite_battery,903,1.0C charge and 0.5C discharge [test capacity],measured_RPT,1.87,False,time_reset_or_nonmonotonic_voltage,False,True,1.99
Batch-6/Sim_satellite_battery-2,Batch-6,Sim_satellite_battery,908,1.0C charge and 0.5C discharge [test capacity],measured_RPT,1.869,False,time_reset_or_nonmonotonic_voltage,False,True,1.99
Batch-6/Sim_satellite_battery-2,Batch-6,Sim_satellite_battery,914,1.0C charge and 0.5C discharge [test capacity],measured_RPT,1.868,False,time_reset_or_nonmonotonic_voltage,False,True,1.99
Batch-6/Sim_satellite_battery-2,Batch-6,Sim_satellite_battery,919,1.0C charge and 0.5C discharge [test capacity],measured_RPT,1.864,False,time_reset_or_nonmonotonic_voltage,False,True,1.99
Batch-6/Sim_satellite_battery-2,Batch-6,Sim_satellite_battery,925,1.0C charge and 0.5C discharge [test capacity],measured_RPT,1.86,False,time_reset_or_nonmonotonic_voltage,False,True,1.99
Batch-6/Sim_satellite_battery-2,Batch-6,Sim_satellite_battery,931,1.0C charge and 0.5C discharge [test capacity],measured_RPT,1.856,False,time_reset_or_nonmonotonic_voltage,False,True,1.99
Batch-6/Sim_satellite_battery-2,Batch-6,Sim_satellite_battery,937,1.0C charge and 0.5C discharge [test capacity],measured_RPT,1.861,False,time_reset_or_nonmonotonic_voltage,False,True,1.99
Batch-6/Sim_satellite_battery-2,Batch-6,Sim_satellite_battery,943,1.0C charge and 0.5C discharge [test capacity],measured_RPT,1.853,False,time_reset_or_nonmonotonic_voltage,False,True,1.99
Batch-6/Sim_satellite_battery-2,Batch-6,Sim_satellite_battery,949,1.0C charge and 0.5C discharge [test capacity],measured_RPT,1.85,False,time_reset_or_nonmonotonic_voltage,False,True,1.99
Batch-6/Sim_satellite_battery-2,Batch-6,Sim_satellite_battery,955,1.0C charge and 0.5C discharge [test capacity],measured_RPT,1.85,True,ok,False,True,1.99
Batch-6/Sim_satellite_battery-2,Batch-6,Sim_satellite_battery,960,1.0C charge and 0.5C discharge [test capacity],measured_RPT,1.847,False,time_reset_or_nonmonotonic_voltage,False,True,1.99
Batch-6/Sim_satellite_battery-2,Batch-6,Sim_satellite_battery,966,1.0C charge and 0.5C discharge [test capacity],measured_RPT,1.845,False,time_reset_or_nonmonotonic_voltage,False,True,1.99
Batch-6/Sim_satellite_battery-2,Batch-6,Sim_satellite_battery,971,1.0C charge and 0.5C discharge [test capacity],measured_RPT,1.845,False,time_reset_or_nonmonotonic_voltage,False,True,1.99
Batch-6/Sim_satellite_battery-2,Batch-6,Sim_satellite_battery,977,1.0C charge and 0.5C discharge [test capacity],measured_RPT,1.842,False,time_reset_or_nonmonotonic_voltage,False,True,1.99
Batch-6/Sim_satellite_battery-2,Batch-6,Sim_satellite_battery,983,1.0C charge and 0.5C discharge [test capacity],measured_RPT,1.843,False,time_reset_or_nonmonotonic_voltage,False,True,1.99
Batch-6/Sim_satellite_battery-2,Batch-6,Sim_satellite_battery,989,1.0C charge and 0.5C discharge [test capacity],measured_RPT,1.848,False,time_reset_or_nonmonotonic_voltage,False,True,1.99
Batch-6/Sim_satellite_battery-2,Batch-6,Sim_satellite_battery,995,1.0C charge and 0.5C discharge [test capacity],measured_RPT,1.838,False,time_reset_or_nonmonotonic_voltage,False,True,1.99
Batch-6/Sim_satellite_battery-2,Batch-6,Sim_satellite_battery,1001,1.0C charge and 0.5C discharge [test capacity],measured_RPT,1.833,False,time_reset_or_nonmonotonic_voltage,False,True,1.99
Batch-6/Sim_satellite_battery-2,Batch-6,Sim_satellite_battery,1007,1.0C charge and 0.5C discharge [test capacity],measured_RPT,1.83,False,time_reset_or_nonmonotonic_voltage,False,True,1.99
Batch-6/Sim_satellite_battery-2,Batch-6,Sim_satellite_battery,1012,1.0C charge and 0.5C discharge [test capacity],measured_RPT,1.829,False,time_reset_or_nonmonotonic_voltage,False,True,1.99
Batch-6/Sim_satellite_battery-2,Batch-6,Sim_satellite_battery,1018,1.0C charge and 0.5C discharge [test capacity],measured_RPT,1.827,True,ok,False,True,1.99
Batch-6/Sim_satellite_battery-2,Batch-6,Sim_satellite_battery,1023,1.0C charge and 0.5C discharge [test capacity],measured_RPT,1.827,True,ok,False,True,1.99
Batch-6/Sim_satellite_battery-2,Batch-6,Sim_satellite_battery,1029,1.0C charge and 0.5C discharge [test capacity],measured_RPT,1.825,True,ok,False,True,1.99
Batch-6/Sim_satellite_battery-2,Batch-6,Sim_satellite_battery,1035,1.0C charge and 0.5C discharge [test capacity],measured_RPT,1.821,False,time_reset_or_nonmonotonic_voltage,False,True,1.99
Batch-6/Sim_satellite_battery-2,Batch-6,Sim_satellite_battery,1041,1.0C charge and 0.5C discharge [test capacity],measured_RPT,1.826,False,time_reset_or_nonmonotonic_voltage,False,True,1.99
Batch-6/Sim_satellite_battery-2,Batch-6,Sim_satellite_battery,1047,1.0C charge and 0.5C discharge [test capacity],measured_RPT,1.818,False,time_reset_or_nonmonotonic_voltage,False,True,1.99
Batch-6/Sim_satellite_battery-2,Batch-6,Sim_satellite_battery,1053,1.0C charge and 0.5C discharge [test capacity],measured_RPT,1.809,False,time_reset_or_nonmonotonic_voltage,False,True,1.99
Batch-6/Sim_satellite_battery-2,Batch-6,Sim_satellite_battery,1059,1.0C charge and 0.5C discharge [test capacity],measured_RPT,1.802,False,time_reset_or_nonmonotonic_voltage,False,True,1.99
Batch-6/Sim_satellite_battery-2,Batch-6,Sim_satellite_battery,1064,1.0C charge and 0.5C discharge [test capacity],measured_RPT,1.796,False,time_reset_or_nonmonotonic_voltage,False,True,1.99
Batch-6/Sim_satellite_battery-2,Batch-6,Sim_satellite_battery,1070,1.0C charge and 0.5C discharge [test capacity],measured_RPT,1.791,False,time_reset_or_nonmonotonic_voltage,False,True,1.99
Batch-6/Sim_satellite_battery-2,Batch-6,Sim_satellite_battery,1075,1.0C charge and 0.5C discharge [test capacity],measured_RPT,1.785,False,time_reset_or_nonmonotonic_voltage,False,True,1.99
Batch-6/Sim_satellite_battery-2,Batch-6,Sim_satellite_battery,1081,1.0C charge and 0.5C discharge [test capacity],measured_RPT,1.783,False,time_reset_or_nonmonotonic_voltage,False,True,1.99
Batch-6/Sim_satellite_battery-2,Batch-6,Sim_satellite_battery,1087,1.0C charge and 0.5C discharge [test capacity],measured_RPT,1.775,False,time_reset_or_nonmonotonic_voltage,False,True,1.99
Batch-6/Sim_satellite_battery-2,Batch-6,Sim_satellite_battery,1093,1.0C charge and 0.5C discharge [test capacity],measured_RPT,1.781,False,time_reset_or_nonmonotonic_voltage,False,True,1.99
Batch-6/Sim_satellite_battery-2,Batch-6,Sim_satellite_battery,1099,1.0C charge and 0.5C discharge [test capacity],measured_RPT,1.772,False,time_reset_or_nonmonotonic_voltage,False,True,1.99
Batch-6/Sim_satellite_battery-2,Batch-6,Sim_satellite_battery,1105,1.0C charge and 0.5C discharge [test capacity],measured_RPT,1.764,False,time_reset_or_nonmonotonic_voltage,False,True,1.99
Batch-6/Sim_satellite_battery-2,Batch-6,Sim_satellite_battery,1111,1.0C charge and 0.5C discharge [test capacity],measured_RPT,1.758,True,ok,False,True,1.99
Batch-6/Sim_satellite_battery-2,Batch-6,Sim_satellite_battery,1116,1.0C charge and 0.5C discharge [test capacity],measured_RPT,1.754,True,ok,False,True,1.99
Batch-6/Sim_satellite_battery-2,Batch-6,Sim_satellite_battery,1122,1.0C charge and 0.5C discharge [test capacity],measured_RPT,1.746,False,time_reset_or_nonmonotonic_voltage,False,True,1.99
Batch-6/Sim_satellite_battery-2,Batch-6,Sim_satellite_battery,1127,1.0C charge and 0.5C discharge [test capacity],measured_RPT,1.742,False,time_reset_or_nonmonotonic_voltage,False,True,1.99
Batch-6/Sim_satellite_battery-2,Batch-6,Sim_satellite_battery,1133,1.0C charge and 0.5C discharge [test capacity],measured_RPT,1.733,True,ok,False,True,1.99
Batch-6/Sim_satellite_battery-2,Batch-6,Sim_satellite_battery,1139,1.0C charge and 0.5C discharge [test capacity],measured_RPT,1.731,False,time_reset_or_nonmonotonic_voltage,False,True,1.99
Batch-6/Sim_satellite_battery-2,Batch-6,Sim_satellite_battery,1145,1.0C charge and 0.5C discharge [test capacity],measured_RPT,1.735,False,time_reset_or_nonmonotonic_voltage,False,True,1.99
Batch-6/Sim_satellite_battery-2,Batch-6,Sim_satellite_battery,1151,1.0C charge and 0.5C discharge [test capacity],measured_RPT,1.721,False,time_reset_or_nonmonotonic_voltage,False,True,1.99
Batch-6/Sim_satellite_battery-2,Batch-6,Sim_satellite_battery,1157,1.0C charge and 0.5C discharge [test capacity],measured_RPT,1.714,False,time_reset_or_nonmonotonic_voltage,False,True,1.99
Batch-6/Sim_satellite_battery-2,Batch-6,Sim_satellite_battery,1163,1.0C charge and 0.5C discharge [test capacity],measured_RPT,1.702,False,time_reset_or_nonmonotonic_voltage,False,True,1.99
Batch-6/Sim_satellite_battery-2,Batch-6,Sim_satellite_battery,1168,1.0C charge and 0.5C discharge [test capacity],measured_RPT,1.698,True,ok,False,True,1.99
Batch-6/Sim_satellite_battery-2,Batch-6,Sim_satellite_battery,1174,1.0C charge and 0.5C discharge [test capacity],measured_RPT,1.687,False,time_reset_or_nonmonotonic_voltage,False,True,1.99
Batch-6/Sim_satellite_battery-2,Batch-6,Sim_satellite_battery,1179,1.0C charge and 0.5C discharge [test capacity],measured_RPT,1.684,False,time_reset_or_nonmonotonic_voltage,False,True,1.99
Batch-6/Sim_satellite_battery-2,Batch-6,Sim_satellite_battery,1185,1.0C charge and 0.5C discharge [test capacity],measured_RPT,1.675,False,time_reset_or_nonmonotonic_voltage,False,True,1.99
Batch-6/Sim_satellite_battery-2,Batch-6,Sim_satellite_battery,1191,1.0C charge and 0.5C discharge [test capacity],measured_RPT,1.67,False,time_reset_or_nonmonotonic_voltage,False,True,1.99
Batch-6/Sim_satellite_battery-2,Batch-6,Sim_satellite_battery,1197,1.0C charge and 0.5C discharge [test capacity],measured_RPT,1.673,False,time_reset_or_nonmonotonic_voltage,False,True,1.99
Batch-6/Sim_satellite_battery-2,Batch-6,Sim_satellite_battery,1203,1.0C charge and 0.5C discharge [test capacity],measured_RPT,1.662,False,time_reset_or_nonmonotonic_voltage,False,True,1.99
Batch-6/Sim_satellite_battery-2,Batch-6,Sim_satellite_battery,1209,1.0C charge and 0.5C discharge [test capacity],measured_RPT,1.621,False,time_reset_or_nonmonotonic_voltage,False,True,1.99
Batch-6/Sim_satellite_battery-2,Batch-6,Sim_satellite_battery,1215,1.0C charge and 0.5C discharge [test capacity],measured_RPT,1.61,False,time_reset_or_nonmonotonic_voltage,False,True,1.99
Batch-6/Sim_satellite_battery-2,Batch-6,Sim_satellite_battery,1220,1.0C charge and 0.5C discharge [test capacity],measured_RPT,1.605,True,ok,False,True,1.99
Batch-6/Sim_satellite_battery-2,Batch-6,Sim_satellite_battery,1226,1.0C charge and 0.5C discharge [test capacity],measured_RPT,1.596,False,time_reset_or_nonmonotonic_voltage,False,True,1.99
Batch-6/Sim_satellite_battery-3,Batch-6,Sim_satellite_battery,1,0.5C charge and 0.2C discharge [test capacity],measured_RPT,1.986,False,time_reset_or_nonmonotonic_voltage,True,False,
Batch-6/Sim_satellite_battery-3,Batch-6,Sim_satellite_battery,7,1.0C charge and 0.5C discharge [test capacity],measured_RPT,1.923,False,time_reset_or_nonmonotonic_voltage,False,True,1.986
Batch-6/Sim_satellite_battery-3,Batch-6,Sim_satellite_battery,13,1.0C charge and 0.5C discharge [test capacity],measured_RPT,1.93,False,time_reset_or_nonmonotonic_voltage,False,True,1.986
Batch-6/Sim_satellite_battery-3,Batch-6,Sim_satellite_battery,19,1.0C charge and 0.5C discharge [test capacity],measured_RPT,1.944,False,time_reset_or_nonmonotonic_voltage,False,True,1.986
Batch-6/Sim_satellite_battery-3,Batch-6,Sim_satellite_battery,24,1.0C charge and 0.5C discharge [test capacity],measured_RPT,1.955,True,ok,False,True,1.986
Batch-6/Sim_satellite_battery-3,Batch-6,Sim_satellite_battery,30,1.0C charge and 0.5C discharge [test capacity],measured_RPT,1.963,True,ok,False,True,1.986
Batch-6/Sim_satellite_battery-3,Batch-6,Sim_satellite_battery,35,1.0C charge and 0.5C discharge [test capacity],measured_RPT,1.971,False,time_reset_or_nonmonotonic_voltage,False,True,1.986
Batch-6/Sim_satellite_battery-3,Batch-6,Sim_satellite_battery,41,1.0C charge and 0.5C discharge [test capacity],measured_RPT,1.978,True,ok,False,True,1.986
Batch-6/Sim_satellite_battery-3,Batch-6,Sim_satellite_battery,47,1.0C charge and 0.5C discharge [test capacity],measured_RPT,1.982,False,time_reset_or_nonmonotonic_voltage,False,True,1.986
Batch-6/Sim_satellite_battery-3,Batch-6,Sim_satellite_battery,53,1.0C charge and 0.5C discharge [test capacity],measured_RPT,1.99,False,time_reset_or_nonmonotonic_voltage,False,True,1.986
Batch-6/Sim_satellite_battery-3,Batch-6,Sim_satellite_battery,59,1.0C charge and 0.5C discharge [test capacity],measured_RPT,1.983,False,time_reset_or_nonmonotonic_voltage,False,True,1.986
Batch-6/Sim_satellite_battery-3,Batch-6,Sim_satellite_battery,65,1.0C charge and 0.5C discharge [test capacity],measured_RPT,1.985,False,time_reset_or_nonmonotonic_voltage,False,True,1.986
Batch-6/Sim_satellite_battery-3,Batch-6,Sim_satellite_battery,71,1.0C charge and 0.5C discharge [test capacity],measured_RPT,1.98,False,time_reset_or_nonmonotonic_voltage,False,True,1.986
Batch-6/Sim_satellite_battery-3,Batch-6,Sim_satellite_battery,76,1.0C charge and 0.5C discharge [test capacity],measured_RPT,1.985,False,time_reset_or_nonmonotonic_voltage,False,True,1.986
Batch-6/Sim_satellite_battery-3,Batch-6,Sim_satellite_battery,82,1.0C charge and 0.5C discharge [test capacity],measured_RPT,1.985,False,time_reset_or_nonmonotonic_voltage,False,True,1.986
Batch-6/Sim_satellite_battery-3,Batch-6,Sim_satellite_battery,87,1.0C charge and 0.5C discharge [test capacity],measured_RPT,1.986,False,time_reset_or_nonmonotonic_voltage,False,True,1.986
Batch-6/Sim_satellite_battery-3,Batch-6,Sim_satellite_battery,93,1.0C charge and 0.5C discharge [test capacity],measured_RPT,1.984,False,time_reset_or_nonmonotonic_voltage,False,True,1.986
Batch-6/Sim_satellite_battery-3,Batch-6,Sim_satellite_battery,99,1.0C charge and 0.5C discharge [test capacity],measured_RPT,1.985,False,time_reset_or_nonmonotonic_voltage,False,True,1.986
Batch-6/Sim_satellite_battery-3,Batch-6,Sim_satellite_battery,105,1.0C charge and 0.5C discharge [test capacity],measured_RPT,1.991,False,time_reset_or_nonmonotonic_voltage,False,True,1.986
Batch-6/Sim_satellite_battery-3,Batch-6,Sim_satellite_battery,111,1.0C charge and 0.5C discharge [test capacity],measured_RPT,1.987,False,time_reset_or_nonmonotonic_voltage,False,True,1.986
Batch-6/Sim_satellite_battery-3,Batch-6,Sim_satellite_battery,117,1.0C charge and 0.5C discharge [test capacity],measured_RPT,1.984,False,time_reset_or_nonmonotonic_voltage,False,True,1.986
Batch-6/Sim_satellite_battery-3,Batch-6,Sim_satellite_battery,123,1.0C charge and 0.5C discharge [test capacity],measured_RPT,1.984,True,ok,False,True,1.986
Batch-6/Sim_satellite_battery-3,Batch-6,Sim_satellite_battery,128,1.0C charge and 0.5C discharge [test capacity],measured_RPT,1.985,False,time_reset_or_nonmonotonic_voltage,False,True,1.986
Batch-6/Sim_satellite_battery-3,Batch-6,Sim_satellite_battery,134,1.0C charge and 0.5C discharge [test capacity],measured_RPT,1.984,False,time_reset_or_nonmonotonic_voltage,False,True,1.986
Batch-6/Sim_satellite_battery-3,Batch-6,Sim_satellite_battery,139,1.0C charge and 0.5C discharge [test capacity],measured_RPT,1.983,False,time_reset_or_nonmonotonic_voltage,False,True,1.986
Batch-6/Sim_satellite_battery-3,Batch-6,Sim_satellite_battery,145,1.0C charge and 0.5C discharge [test capacity],measured_RPT,1.985,True,ok,False,True,1.986
Batch-6/Sim_satellite_battery-3,Batch-6,Sim_satellite_battery,151,1.0C charge and 0.5C discharge [test capacity],measured_RPT,1.985,False,time_reset_or_nonmonotonic_voltage,False,True,1.986
Batch-6/Sim_satellite_battery-3,Batch-6,Sim_satellite_battery,157,1.0C charge and 0.5C discharge [test capacity],measured_RPT,1.991,False,time_reset_or_nonmonotonic_voltage,False,True,1.986
Batch-6/Sim_satellite_battery-3,Batch-6,Sim_satellite_battery,163,1.0C charge and 0.5C discharge [test capacity],measured_RPT,1.989,False,time_reset_or_nonmonotonic_voltage,False,True,1.986
Batch-6/Sim_satellite_battery-3,Batch-6,Sim_satellite_battery,169,1.0C charge and 0.5C discharge [test capacity],measured_RPT,1.986,False,time_reset_or_nonmonotonic_voltage,False,True,1.986
Batch-6/Sim_satellite_battery-3,Batch-6,Sim_satellite_battery,175,1.0C charge and 0.5C discharge [test capacity],measured_RPT,1.984,False,time_reset_or_nonmonotonic_voltage,False,True,1.986
Batch-6/Sim_satellite_battery-3,Batch-6,Sim_satellite_battery,180,1.0C charge and 0.5C discharge [test capacity],measured_RPT,1.981,False,time_reset_or_nonmonotonic_voltage,False,True,1.986
Batch-6/Sim_satellite_battery-3,Batch-6,Sim_satellite_battery,186,1.0C charge and 0.5C discharge [test capacity],measured_RPT,1.979,True,ok,False,True,1.986
Batch-6/Sim_satellite_battery-3,Batch-6,Sim_satellite_battery,191,1.0C charge and 0.5C discharge [test capacity],measured_RPT,1.977,False,time_reset_or_nonmonotonic_voltage,False,True,1.986
Batch-6/Sim_satellite_battery-3,Batch-6,Sim_satellite_battery,197,1.0C charge and 0.5C discharge [test capacity],measured_RPT,1.977,False,time_reset_or_nonmonotonic_voltage,False,True,1.986
Batch-6/Sim_satellite_battery-3,Batch-6,Sim_satellite_battery,203,1.0C charge and 0.5C discharge [test capacity],measured_RPT,1.975,False,time_reset_or_nonmonotonic_voltage,False,True,1.986
Batch-6/Sim_satellite_battery-3,Batch-6,Sim_satellite_battery,209,1.0C charge and 0.5C discharge [test capacity],measured_RPT,1.981,False,time_reset_or_nonmonotonic_voltage,False,True,1.986
Batch-6/Sim_satellite_battery-3,Batch-6,Sim_satellite_battery,215,1.0C charge and 0.5C discharge [test capacity],measured_RPT,1.972,False,time_reset_or_nonmonotonic_voltage,False,True,1.986
Batch-6/Sim_satellite_battery-3,Batch-6,Sim_satellite_battery,221,1.0C charge and 0.5C discharge [test capacity],measured_RPT,1.967,False,time_reset_or_nonmonotonic_voltage,False,True,1.986
Batch-6/Sim_satellite_battery-3,Batch-6,Sim_satellite_battery,227,1.0C charge and 0.5C discharge [test capacity],measured_RPT,1.961,True,ok,False,True,1.986
Batch-6/Sim_satellite_battery-3,Batch-6,Sim_satellite_battery,232,1.0C charge and 0.5C discharge [test capacity],measured_RPT,1.955,False,time_reset_or_nonmonotonic_voltage,False,True,1.986
Batch-6/Sim_satellite_battery-3,Batch-6,Sim_satellite_battery,238,1.0C charge and 0.5C discharge [test capacity],measured_RPT,1.947,False,time_reset_or_nonmonotonic_voltage,False,True,1.986
Batch-6/Sim_satellite_battery-3,Batch-6,Sim_satellite_battery,243,1.0C charge and 0.5C discharge [test capacity],measured_RPT,1.943,False,time_reset_or_nonmonotonic_voltage,False,True,1.986
Batch-6/Sim_satellite_battery-3,Batch-6,Sim_satellite_battery,249,1.0C charge and 0.5C discharge [test capacity],measured_RPT,1.94,False,time_reset_or_nonmonotonic_voltage,False,True,1.986
Batch-6/Sim_satellite_battery-3,Batch-6,Sim_satellite_battery,255,1.0C charge and 0.5C discharge [test capacity],measured_RPT,1.936,False,time_reset_or_nonmonotonic_voltage,False,True,1.986
Batch-6/Sim_satellite_battery-3,Batch-6,Sim_satellite_battery,261,1.0C charge and 0.5C discharge [test capacity],measured_RPT,1.944,False,time_reset_or_nonmonotonic_voltage,False,True,1.986
Batch-6/Sim_satellite_battery-3,Batch-6,Sim_satellite_battery,267,1.0C charge and 0.5C discharge [test capacity],measured_RPT,1.935,False,time_reset_or_nonmonotonic_voltage,False,True,1.986
Batch-6/Sim_satellite_battery-3,Batch-6,Sim_satellite_battery,273,1.0C charge and 0.5C discharge [test capacity],measured_RPT,1.931,False,time_reset_or_nonmonotonic_voltage,False,True,1.986
Batch-6/Sim_satellite_battery-3,Batch-6,Sim_satellite_battery,279,1.0C charge and 0.5C discharge [test capacity],measured_RPT,1.927,False,time_reset_or_nonmonotonic_voltage,False,True,1.986
Batch-6/Sim_satellite_battery-3,Batch-6,Sim_satellite_battery,284,1.0C charge and 0.5C discharge [test capacity],measured_RPT,1.926,True,ok,False,True,1.986
Batch-6/Sim_satellite_battery-3,Batch-6,Sim_satellite_battery,290,1.0C charge and 0.5C discharge [test capacity],measured_RPT,1.92,True,ok,False,True,1.986
Batch-6/Sim_satellite_battery-3,Batch-6,Sim_satellite_battery,295,1.0C charge and 0.5C discharge [test capacity],measured_RPT,1.921,True,ok,False,True,1.986
Batch-6/Sim_satellite_battery-3,Batch-6,Sim_satellite_battery,301,1.0C charge and 0.5C discharge [test capacity],measured_RPT,1.916,False,time_reset_or_nonmonotonic_voltage,False,True,1.986
Batch-6/Sim_satellite_battery-3,Batch-6,Sim_satellite_battery,307,1.0C charge and 0.5C discharge [test capacity],measured_RPT,1.918,False,time_reset_or_nonmonotonic_voltage,False,True,1.986
Batch-6/Sim_satellite_battery-3,Batch-6,Sim_satellite_battery,313,1.0C charge and 0.5C discharge [test capacity],measured_RPT,1.925,False,time_reset_or_nonmonotonic_voltage,False,True,1.986
Batch-6/Sim_satellite_battery-3,Batch-6,Sim_satellite_battery,319,1.0C charge and 0.5C discharge [test capacity],measured_RPT,1.917,False,time_reset_or_nonmonotonic_voltage,False,True,1.986
Batch-6/Sim_satellite_battery-3,Batch-6,Sim_satellite_battery,325,1.0C charge and 0.5C discharge [test capacity],measured_RPT,1.915,False,time_reset_or_nonmonotonic_voltage,False,True,1.986
Batch-6/Sim_satellite_battery-3,Batch-6,Sim_satellite_battery,331,1.0C charge and 0.5C discharge [test capacity],measured_RPT,1.91,True,ok,False,True,1.986
Batch-6/Sim_satellite_battery-3,Batch-6,Sim_satellite_battery,336,1.0C charge and 0.5C discharge [test capacity],measured_RPT,1.908,False,time_reset_or_nonmonotonic_voltage,False,True,1.986
Batch-6/Sim_satellite_battery-3,Batch-6,Sim_satellite_battery,342,1.0C charge and 0.5C discharge [test capacity],measured_RPT,1.906,True,ok,False,True,1.986
Batch-6/Sim_satellite_battery-3,Batch-6,Sim_satellite_battery,347,1.0C charge and 0.5C discharge [test capacity],measured_RPT,1.907,True,ok,False,True,1.986
Batch-6/Sim_satellite_battery-3,Batch-6,Sim_satellite_battery,353,1.0C charge and 0.5C discharge [test capacity],measured_RPT,1.905,False,time_reset_or_nonmonotonic_voltage,False,True,1.986
Batch-6/Sim_satellite_battery-3,Batch-6,Sim_satellite_battery,359,1.0C charge and 0.5C discharge [test capacity],measured_RPT,1.906,False,time_reset_or_nonmonotonic_voltage,False,True,1.986
Batch-6/Sim_satellite_battery-3,Batch-6,Sim_satellite_battery,365,1.0C charge and 0.5C discharge [test capacity],measured_RPT,1.912,False,time_reset_or_nonmonotonic_voltage,False,True,1.986
Batch-6/Sim_satellite_battery-3,Batch-6,Sim_satellite_battery,371,1.0C charge and 0.5C discharge [test capacity],measured_RPT,1.907,False,time_reset_or_nonmonotonic_voltage,False,True,1.986
Batch-6/Sim_satellite_battery-3,Batch-6,Sim_satellite_battery,377,1.0C charge and 0.5C discharge [test capacity],measured_RPT,1.905,False,time_reset_or_nonmonotonic_voltage,False,True,1.986
Batch-6/Sim_satellite_battery-3,Batch-6,Sim_satellite_battery,383,1.0C charge and 0.5C discharge [test capacity],measured_RPT,1.902,True,ok,False,True,1.986
Batch-6/Sim_satellite_battery-3,Batch-6,Sim_satellite_battery,388,1.0C charge and 0.5C discharge [test capacity],measured_RPT,1.902,True,ok,False,True,1.986
Batch-6/Sim_satellite_battery-3,Batch-6,Sim_satellite_battery,394,1.0C charge and 0.5C discharge [test capacity],measured_RPT,1.9,False,time_reset_or_nonmonotonic_voltage,False,True,1.986
Batch-6/Sim_satellite_battery-3,Batch-6,Sim_satellite_battery,399,1.0C charge and 0.5C discharge [test capacity],measured_RPT,1.9,False,time_reset_or_nonmonotonic_voltage,False,True,1.986
Batch-6/Sim_satellite_battery-3,Batch-6,Sim_satellite_battery,405,1.0C charge and 0.5C discharge [test capacity],measured_RPT,1.898,False,time_reset_or_nonmonotonic_voltage,False,True,1.986
Batch-6/Sim_satellite_battery-3,Batch-6,Sim_satellite_battery,411,1.0C charge and 0.5C discharge [test capacity],measured_RPT,1.898,False,time_reset_or_nonmonotonic_voltage,False,True,1.986
Batch-6/Sim_satellite_battery-3,Batch-6,Sim_satellite_battery,417,1.0C charge and 0.5C discharge [test capacity],measured_RPT,1.903,False,time_reset_or_nonmonotonic_voltage,False,True,1.986
Batch-6/Sim_satellite_battery-3,Batch-6,Sim_satellite_battery,423,1.0C charge and 0.5C discharge [test capacity],measured_RPT,1.898,False,time_reset_or_nonmonotonic_voltage,False,True,1.986
Batch-6/Sim_satellite_battery-3,Batch-6,Sim_satellite_battery,429,1.0C charge and 0.5C discharge [test capacity],measured_RPT,1.894,False,time_reset_or_nonmonotonic_voltage,False,True,1.986
Batch-6/Sim_satellite_battery-3,Batch-6,Sim_satellite_battery,435,1.0C charge and 0.5C discharge [test capacity],measured_RPT,1.893,True,ok,False,True,1.986
Batch-6/Sim_satellite_battery-3,Batch-6,Sim_satellite_battery,440,1.0C charge and 0.5C discharge [test capacity],measured_RPT,1.891,False,time_reset_or_nonmonotonic_voltage,False,True,1.986
Batch-6/Sim_satellite_battery-3,Batch-6,Sim_satellite_battery,446,1.0C charge and 0.5C discharge [test capacity],measured_RPT,1.892,False,time_reset_or_nonmonotonic_voltage,False,True,1.986
Batch-6/Sim_satellite_battery-3,Batch-6,Sim_satellite_battery,451,1.0C charge and 0.5C discharge [test capacity],measured_RPT,1.89,True,ok,False,True,1.986
Batch-6/Sim_satellite_battery-3,Batch-6,Sim_satellite_battery,457,1.0C charge and 0.5C discharge [test capacity],measured_RPT,1.891,False,time_reset_or_nonmonotonic_voltage,False,True,1.986
Batch-6/Sim_satellite_battery-3,Batch-6,Sim_satellite_battery,463,1.0C charge and 0.5C discharge [test capacity],measured_RPT,1.889,False,time_reset_or_nonmonotonic_voltage,False,True,1.986
Batch-6/Sim_satellite_battery-3,Batch-6,Sim_satellite_battery,469,1.0C charge and 0.5C discharge [test capacity],measured_RPT,1.896,False,time_reset_or_nonmonotonic_voltage,False,True,1.986
Batch-6/Sim_satellite_battery-3,Batch-6,Sim_satellite_battery,475,1.0C charge and 0.5C discharge [test capacity],measured_RPT,1.89,False,time_reset_or_nonmonotonic_voltage,False,True,1.986
Batch-6/Sim_satellite_battery-3,Batch-6,Sim_satellite_battery,481,1.0C charge and 0.5C discharge [test capacity],measured_RPT,1.886,True,ok,False,True,1.986
Batch-6/Sim_satellite_battery-3,Batch-6,Sim_satellite_battery,487,1.0C charge and 0.5C discharge [test capacity],measured_RPT,1.886,False,time_reset_or_nonmonotonic_voltage,False,True,1.986
Batch-6/Sim_satellite_battery-3,Batch-6,Sim_satellite_battery,492,1.0C charge and 0.5C discharge [test capacity],measured_RPT,1.884,True,ok,False,True,1.986
Batch-6/Sim_satellite_battery-3,Batch-6,Sim_satellite_battery,498,1.0C charge and 0.5C discharge [test capacity],measured_RPT,1.883,False,time_reset_or_nonmonotonic_voltage,False,True,1.986
Batch-6/Sim_satellite_battery-3,Batch-6,Sim_satellite_battery,503,1.0C charge and 0.5C discharge [test capacity],measured_RPT,1.881,False,time_reset_or_nonmonotonic_voltage,False,True,1.986
Batch-6/Sim_satellite_battery-3,Batch-6,Sim_satellite_battery,509,1.0C charge and 0.5C discharge [test capacity],measured_RPT,1.88,False,time_reset_or_nonmonotonic_voltage,False,True,1.986
Batch-6/Sim_satellite_battery-3,Batch-6,Sim_satellite_battery,515,1.0C charge and 0.5C discharge [test capacity],measured_RPT,1.877,False,time_reset_or_nonmonotonic_voltage,False,True,1.986
Batch-6/Sim_satellite_battery-3,Batch-6,Sim_satellite_battery,521,1.0C charge and 0.5C discharge [test capacity],measured_RPT,1.884,False,time_reset_or_nonmonotonic_voltage,False,True,1.986
Batch-6/Sim_satellite_battery-3,Batch-6,Sim_satellite_battery,527,1.0C charge and 0.5C discharge [test capacity],measured_RPT,1.875,False,time_reset_or_nonmonotonic_voltage,False,True,1.986
Batch-6/Sim_satellite_battery-3,Batch-6,Sim_satellite_battery,533,1.0C charge and 0.5C discharge [test capacity],measured_RPT,1.873,False,time_reset_or_nonmonotonic_voltage,False,True,1.986
Batch-6/Sim_satellite_battery-3,Batch-6,Sim_satellite_battery,539,1.0C charge and 0.5C discharge [test capacity],measured_RPT,1.871,False,time_reset_or_nonmonotonic_voltage,False,True,1.986
Batch-6/Sim_satellite_battery-3,Batch-6,Sim_satellite_battery,544,1.0C charge and 0.5C discharge [test capacity],measured_RPT,1.87,False,time_reset_or_nonmonotonic_voltage,False,True,1.986
Batch-6/Sim_satellite_battery-3,Batch-6,Sim_satellite_battery,550,1.0C charge and 0.5C discharge [test capacity],measured_RPT,1.869,True,ok,False,True,1.986
Batch-6/Sim_satellite_battery-3,Batch-6,Sim_satellite_battery,555,1.0C charge and 0.5C discharge [test capacity],measured_RPT,1.87,False,time_reset_or_nonmonotonic_voltage,False,True,1.986
Batch-6/Sim_satellite_battery-3,Batch-6,Sim_satellite_battery,561,1.0C charge and 0.5C discharge [test capacity],measured_RPT,1.868,False,time_reset_or_nonmonotonic_voltage,False,True,1.986
Batch-6/Sim_satellite_battery-3,Batch-6,Sim_satellite_battery,567,1.0C charge and 0.5C discharge [test capacity],measured_RPT,1.868,False,time_reset_or_nonmonotonic_voltage,False,True,1.986
Batch-6/Sim_satellite_battery-3,Batch-6,Sim_satellite_battery,573,1.0C charge and 0.5C discharge [test capacity],measured_RPT,1.875,False,time_reset_or_nonmonotonic_voltage,False,True,1.986
Batch-6/Sim_satellite_battery-3,Batch-6,Sim_satellite_battery,579,1.0C charge and 0.5C discharge [test capacity],measured_RPT,1.866,False,time_reset_or_nonmonotonic_voltage,False,True,1.986
Batch-6/Sim_satellite_battery-3,Batch-6,Sim_satellite_battery,585,1.0C charge and 0.5C discharge [test capacity],measured_RPT,1.864,True,ok,False,True,1.986
Batch-6/Sim_satellite_battery-3,Batch-6,Sim_satellite_battery,591,1.0C charge and 0.5C discharge [test capacity],measured_RPT,1.863,False,time_reset_or_nonmonotonic_voltage,False,True,1.986
Batch-6/Sim_satellite_battery-3,Batch-6,Sim_satellite_battery,596,1.0C charge and 0.5C discharge [test capacity],measured_RPT,1.863,False,time_reset_or_nonmonotonic_voltage,False,True,1.986
Batch-6/Sim_satellite_battery-3,Batch-6,Sim_satellite_battery,602,1.0C charge and 0.5C discharge [test capacity],measured_RPT,1.86,True,ok,False,True,1.986
Batch-6/Sim_satellite_battery-3,Batch-6,Sim_satellite_battery,607,1.0C charge and 0.5C discharge [test capacity],measured_RPT,1.86,False,time_reset_or_nonmonotonic_voltage,False,True,1.986
Batch-6/Sim_satellite_battery-3,Batch-6,Sim_satellite_battery,613,1.0C charge and 0.5C discharge [test capacity],measured_RPT,1.856,False,time_reset_or_nonmonotonic_voltage,False,True,1.986
Batch-6/Sim_satellite_battery-3,Batch-6,Sim_satellite_battery,619,1.0C charge and 0.5C discharge [test capacity],measured_RPT,1.858,False,time_reset_or_nonmonotonic_voltage,False,True,1.986
Batch-6/Sim_satellite_battery-3,Batch-6,Sim_satellite_battery,625,1.0C charge and 0.5C discharge [test capacity],measured_RPT,1.863,False,time_reset_or_nonmonotonic_voltage,False,True,1.986
Batch-6/Sim_satellite_battery-3,Batch-6,Sim_satellite_battery,631,1.0C charge and 0.5C discharge [test capacity],measured_RPT,1.854,False,time_reset_or_nonmonotonic_voltage,False,True,1.986
Batch-6/Sim_satellite_battery-3,Batch-6,Sim_satellite_battery,637,1.0C charge and 0.5C discharge [test capacity],measured_RPT,1.853,True,ok,False,True,1.986
Batch-6/Sim_satellite_battery-3,Batch-6,Sim_satellite_battery,643,1.0C charge and 0.5C discharge [test capacity],measured_RPT,1.849,False,time_reset_or_nonmonotonic_voltage,False,True,1.986
Batch-6/Sim_satellite_battery-3,Batch-6,Sim_satellite_battery,648,1.0C charge and 0.5C discharge [test capacity],measured_RPT,1.851,True,ok,False,True,1.986
Batch-6/Sim_satellite_battery-3,Batch-6,Sim_satellite_battery,654,1.0C charge and 0.5C discharge [test capacity],measured_RPT,1.846,True,ok,False,True,1.986
Batch-6/Sim_satellite_battery-3,Batch-6,Sim_satellite_battery,659,1.0C charge and 0.5C discharge [test capacity],measured_RPT,1.847,False,time_reset_or_nonmonotonic_voltage,False,True,1.986
Batch-6/Sim_satellite_battery-3,Batch-6,Sim_satellite_battery,665,1.0C charge and 0.5C discharge [test capacity],measured_RPT,1.844,False,time_reset_or_nonmonotonic_voltage,False,True,1.986
Batch-6/Sim_satellite_battery-3,Batch-6,Sim_satellite_battery,671,1.0C charge and 0.5C discharge [test capacity],measured_RPT,1.846,False,time_reset_or_nonmonotonic_voltage,False,True,1.986
Batch-6/Sim_satellite_battery-3,Batch-6,Sim_satellite_battery,677,1.0C charge and 0.5C discharge [test capacity],measured_RPT,1.852,False,time_reset_or_nonmonotonic_voltage,False,True,1.986
Batch-6/Sim_satellite_battery-3,Batch-6,Sim_satellite_battery,683,1.0C charge and 0.5C discharge [test capacity],measured_RPT,1.843,False,time_reset_or_nonmonotonic_voltage,False,True,1.986
Batch-6/Sim_satellite_battery-3,Batch-6,Sim_satellite_battery,689,1.0C charge and 0.5C discharge [test capacity],measured_RPT,1.846,False,time_reset_or_nonmonotonic_voltage,False,True,1.986
Batch-6/Sim_satellite_battery-3,Batch-6,Sim_satellite_battery,695,1.0C charge and 0.5C discharge [test capacity],measured_RPT,1.844,False,time_reset_or_nonmonotonic_voltage,False,True,1.986
Batch-6/Sim_satellite_battery-3,Batch-6,Sim_satellite_battery,700,1.0C charge and 0.5C discharge [test capacity],measured_RPT,1.842,False,time_reset_or_nonmonotonic_voltage,False,True,1.986
Batch-6/Sim_satellite_battery-3,Batch-6,Sim_satellite_battery,706,1.0C charge and 0.5C discharge [test capacity],measured_RPT,1.839,True,ok,False,True,1.986
Batch-6/Sim_satellite_battery-3,Batch-6,Sim_satellite_battery,711,1.0C charge and 0.5C discharge [test capacity],measured_RPT,1.84,False,time_reset_or_nonmonotonic_voltage,False,True,1.986
Batch-6/Sim_satellite_battery-3,Batch-6,Sim_satellite_battery,717,1.0C charge and 0.5C discharge [test capacity],measured_RPT,1.841,False,time_reset_or_nonmonotonic_voltage,False,True,1.986
Batch-6/Sim_satellite_battery-3,Batch-6,Sim_satellite_battery,723,1.0C charge and 0.5C discharge [test capacity],measured_RPT,1.836,False,time_reset_or_nonmonotonic_voltage,False,True,1.986
Batch-6/Sim_satellite_battery-3,Batch-6,Sim_satellite_battery,729,1.0C charge and 0.5C discharge [test capacity],measured_RPT,1.843,False,time_reset_or_nonmonotonic_voltage,False,True,1.986
Batch-6/Sim_satellite_battery-3,Batch-6,Sim_satellite_battery,735,1.0C charge and 0.5C discharge [test capacity],measured_RPT,1.836,False,time_reset_or_nonmonotonic_voltage,False,True,1.986
Batch-6/Sim_satellite_battery-3,Batch-6,Sim_satellite_battery,741,1.0C charge and 0.5C discharge [test capacity],measured_RPT,1.83,False,time_reset_or_nonmonotonic_voltage,False,True,1.986
Batch-6/Sim_satellite_battery-3,Batch-6,Sim_satellite_battery,747,1.0C charge and 0.5C discharge [test capacity],measured_RPT,1.83,True,ok,False,True,1.986
Batch-6/Sim_satellite_battery-3,Batch-6,Sim_satellite_battery,752,1.0C charge and 0.5C discharge [test capacity],measured_RPT,1.826,False,time_reset_or_nonmonotonic_voltage,False,True,1.986
Batch-6/Sim_satellite_battery-3,Batch-6,Sim_satellite_battery,758,1.0C charge and 0.5C discharge [test capacity],measured_RPT,1.821,False,time_reset_or_nonmonotonic_voltage,False,True,1.986
Batch-6/Sim_satellite_battery-3,Batch-6,Sim_satellite_battery,763,1.0C charge and 0.5C discharge [test capacity],measured_RPT,1.816,True,ok,False,True,1.986
Batch-6/Sim_satellite_battery-3,Batch-6,Sim_satellite_battery,769,1.0C charge and 0.5C discharge [test capacity],measured_RPT,1.812,False,time_reset_or_nonmonotonic_voltage,False,True,1.986
Batch-6/Sim_satellite_battery-3,Batch-6,Sim_satellite_battery,775,1.0C charge and 0.5C discharge [test capacity],measured_RPT,1.805,False,time_reset_or_nonmonotonic_voltage,False,True,1.986
Batch-6/Sim_satellite_battery-3,Batch-6,Sim_satellite_battery,781,1.0C charge and 0.5C discharge [test capacity],measured_RPT,1.813,False,time_reset_or_nonmonotonic_voltage,False,True,1.986
Batch-6/Sim_satellite_battery-3,Batch-6,Sim_satellite_battery,787,1.0C charge and 0.5C discharge [test capacity],measured_RPT,1.801,False,time_reset_or_nonmonotonic_voltage,False,True,1.986
Batch-6/Sim_satellite_battery-3,Batch-6,Sim_satellite_battery,793,1.0C charge and 0.5C discharge [test capacity],measured_RPT,1.796,False,time_reset_or_nonmonotonic_voltage,False,True,1.986
Batch-6/Sim_satellite_battery-3,Batch-6,Sim_satellite_battery,799,1.0C charge and 0.5C discharge [test capacity],measured_RPT,1.786,False,time_reset_or_nonmonotonic_voltage,False,True,1.986
Batch-6/Sim_satellite_battery-3,Batch-6,Sim_satellite_battery,804,1.0C charge and 0.5C discharge [test capacity],measured_RPT,1.779,True,ok,False,True,1.986
Batch-6/Sim_satellite_battery-3,Batch-6,Sim_satellite_battery,810,1.0C charge and 0.5C discharge [test capacity],measured_RPT,1.766,True,ok,False,True,1.986
Batch-6/Sim_satellite_battery-3,Batch-6,Sim_satellite_battery,815,1.0C charge and 0.5C discharge [test capacity],measured_RPT,1.756,False,time_reset_or_nonmonotonic_voltage,False,True,1.986
Batch-6/Sim_satellite_battery-3,Batch-6,Sim_satellite_battery,821,1.0C charge and 0.5C discharge [test capacity],measured_RPT,1.741,True,ok,False,True,1.986
Batch-6/Sim_satellite_battery-3,Batch-6,Sim_satellite_battery,827,1.0C charge and 0.5C discharge [test capacity],measured_RPT,1.728,False,time_reset_or_nonmonotonic_voltage,False,True,1.986
Batch-6/Sim_satellite_battery-3,Batch-6,Sim_satellite_battery,833,1.0C charge and 0.5C discharge [test capacity],measured_RPT,1.73,False,time_reset_or_nonmonotonic_voltage,False,True,1.986
Batch-6/Sim_satellite_battery-3,Batch-6,Sim_satellite_battery,839,1.0C charge and 0.5C discharge [test capacity],measured_RPT,1.713,False,time_reset_or_nonmonotonic_voltage,False,True,1.986
Batch-6/Sim_satellite_battery-3,Batch-6,Sim_satellite_battery,845,1.0C charge and 0.5C discharge [test capacity],measured_RPT,1.692,True,ok,False,True,1.986
Batch-6/Sim_satellite_battery-3,Batch-6,Sim_satellite_battery,851,1.0C charge and 0.5C discharge [test capacity],measured_RPT,1.674,False,time_reset_or_nonmonotonic_voltage,False,True,1.986
Batch-6/Sim_satellite_battery-3,Batch-6,Sim_satellite_battery,856,1.0C charge and 0.5C discharge [test capacity],measured_RPT,1.669,False,time_reset_or_nonmonotonic_voltage,False,True,1.986
Batch-6/Sim_satellite_battery-3,Batch-6,Sim_satellite_battery,862,1.0C charge and 0.5C discharge [test capacity],measured_RPT,1.659,False,time_reset_or_nonmonotonic_voltage,False,True,1.986
Batch-6/Sim_satellite_battery-3,Batch-6,Sim_satellite_battery,867,1.0C charge and 0.5C discharge [test capacity],measured_RPT,1.651,False,time_reset_or_nonmonotonic_voltage,False,True,1.986
Batch-6/Sim_satellite_battery-3,Batch-6,Sim_satellite_battery,873,1.0C charge and 0.5C discharge [test capacity],measured_RPT,1.639,False,time_reset_or_nonmonotonic_voltage,False,True,1.986
Batch-6/Sim_satellite_battery-3,Batch-6,Sim_satellite_battery,879,1.0C charge and 0.5C discharge [test capacity],measured_RPT,1.635,False,time_reset_or_nonmonotonic_voltage,False,True,1.986
Batch-6/Sim_satellite_battery-3,Batch-6,Sim_satellite_battery,885,1.0C charge and 0.5C discharge [test capacity],measured_RPT,1.64,False,time_reset_or_nonmonotonic_voltage,False,True,1.986
Batch-6/Sim_satellite_battery-3,Batch-6,Sim_satellite_battery,891,1.0C charge and 0.5C discharge [test capacity],measured_RPT,1.628,False,time_reset_or_nonmonotonic_voltage,False,True,1.986
Batch-6/Sim_satellite_battery-3,Batch-6,Sim_satellite_battery,897,1.0C charge and 0.5C discharge [test capacity],measured_RPT,1.617,False,time_reset_or_nonmonotonic_voltage,False,True,1.986
Batch-6/Sim_satellite_battery-3,Batch-6,Sim_satellite_battery,903,1.0C charge and 0.5C discharge [test capacity],measured_RPT,1.604,False,time_reset_or_nonmonotonic_voltage,False,True,1.986
Batch-6/Sim_satellite_battery-3,Batch-6,Sim_satellite_battery,908,1.0C charge and 0.5C discharge [test capacity],measured_RPT,1.596,False,time_reset_or_nonmonotonic_voltage,False,True,1.986
Batch-6/Sim_satellite_battery-4,Batch-6,Sim_satellite_battery,1,0.5C charge and 0.2C discharge [test capacity],measured_RPT,1.977,True,ok,True,False,
Batch-6/Sim_satellite_battery-4,Batch-6,Sim_satellite_battery,7,1.0C charge and 0.5C discharge [test capacity],measured_RPT,1.92,False,time_reset_or_nonmonotonic_voltage,False,True,1.977
Batch-6/Sim_satellite_battery-4,Batch-6,Sim_satellite_battery,13,1.0C charge and 0.5C discharge [test capacity],measured_RPT,1.926,False,time_reset_or_nonmonotonic_voltage,False,True,1.977
Batch-6/Sim_satellite_battery-4,Batch-6,Sim_satellite_battery,19,1.0C charge and 0.5C discharge [test capacity],measured_RPT,1.941,False,time_reset_or_nonmonotonic_voltage,False,True,1.977
Batch-6/Sim_satellite_battery-4,Batch-6,Sim_satellite_battery,24,1.0C charge and 0.5C discharge [test capacity],measured_RPT,1.952,False,time_reset_or_nonmonotonic_voltage,False,True,1.977
Batch-6/Sim_satellite_battery-4,Batch-6,Sim_satellite_battery,30,1.0C charge and 0.5C discharge [test capacity],measured_RPT,1.96,True,ok,False,True,1.977
Batch-6/Sim_satellite_battery-4,Batch-6,Sim_satellite_battery,35,1.0C charge and 0.5C discharge [test capacity],measured_RPT,1.968,False,time_reset_or_nonmonotonic_voltage,False,True,1.977
Batch-6/Sim_satellite_battery-4,Batch-6,Sim_satellite_battery,41,1.0C charge and 0.5C discharge [test capacity],measured_RPT,1.975,False,time_reset_or_nonmonotonic_voltage,False,True,1.977
Batch-6/Sim_satellite_battery-4,Batch-6,Sim_satellite_battery,47,1.0C charge and 0.5C discharge [test capacity],measured_RPT,1.98,False,time_reset_or_nonmonotonic_voltage,False,True,1.977
Batch-6/Sim_satellite_battery-4,Batch-6,Sim_satellite_battery,53,1.0C charge and 0.5C discharge [test capacity],measured_RPT,1.988,False,time_reset_or_nonmonotonic_voltage,False,True,1.977
Batch-6/Sim_satellite_battery-4,Batch-6,Sim_satellite_battery,59,1.0C charge and 0.5C discharge [test capacity],measured_RPT,1.981,False,time_reset_or_nonmonotonic_voltage,False,True,1.977
Batch-6/Sim_satellite_battery-4,Batch-6,Sim_satellite_battery,65,1.0C charge and 0.5C discharge [test capacity],measured_RPT,1.983,False,time_reset_or_nonmonotonic_voltage,False,True,1.977
Batch-6/Sim_satellite_battery-4,Batch-6,Sim_satellite_battery,71,1.0C charge and 0.5C discharge [test capacity],measured_RPT,1.979,False,time_reset_or_nonmonotonic_voltage,False,True,1.977
Batch-6/Sim_satellite_battery-4,Batch-6,Sim_satellite_battery,76,1.0C charge and 0.5C discharge [test capacity],measured_RPT,1.984,False,time_reset_or_nonmonotonic_voltage,False,True,1.977
Batch-6/Sim_satellite_battery-4,Batch-6,Sim_satellite_battery,82,1.0C charge and 0.5C discharge [test capacity],measured_RPT,1.984,False,time_reset_or_nonmonotonic_voltage,False,True,1.977
Batch-6/Sim_satellite_battery-4,Batch-6,Sim_satellite_battery,87,1.0C charge and 0.5C discharge [test capacity],measured_RPT,1.985,False,time_reset_or_nonmonotonic_voltage,False,True,1.977
Batch-6/Sim_satellite_battery-4,Batch-6,Sim_satellite_battery,93,1.0C charge and 0.5C discharge [test capacity],measured_RPT,1.984,False,time_reset_or_nonmonotonic_voltage,False,True,1.977
Batch-6/Sim_satellite_battery-4,Batch-6,Sim_satellite_battery,99,1.0C charge and 0.5C discharge [test capacity],measured_RPT,1.985,False,time_reset_or_nonmonotonic_voltage,False,True,1.977
Batch-6/Sim_satellite_battery-4,Batch-6,Sim_satellite_battery,105,1.0C charge and 0.5C discharge [test capacity],measured_RPT,1.991,False,time_reset_or_nonmonotonic_voltage,False,True,1.977
Batch-6/Sim_satellite_battery-4,Batch-6,Sim_satellite_battery,111,1.0C charge and 0.5C discharge [test capacity],measured_RPT,1.987,False,time_reset_or_nonmonotonic_voltage,False,True,1.977
Batch-6/Sim_satellite_battery-4,Batch-6,Sim_satellite_battery,117,1.0C charge and 0.5C discharge [test capacity],measured_RPT,1.984,False,time_reset_or_nonmonotonic_voltage,False,True,1.977
Batch-6/Sim_satellite_battery-4,Batch-6,Sim_satellite_battery,123,1.0C charge and 0.5C discharge [test capacity],measured_RPT,1.984,True,ok,False,True,1.977
Batch-6/Sim_satellite_battery-4,Batch-6,Sim_satellite_battery,128,1.0C charge and 0.5C discharge [test capacity],measured_RPT,1.985,False,time_reset_or_nonmonotonic_voltage,False,True,1.977
Batch-6/Sim_satellite_battery-4,Batch-6,Sim_satellite_battery,134,1.0C charge and 0.5C discharge [test capacity],measured_RPT,1.984,True,ok,False,True,1.977
Batch-6/Sim_satellite_battery-4,Batch-6,Sim_satellite_battery,139,1.0C charge and 0.5C discharge [test capacity],measured_RPT,1.983,False,time_reset_or_nonmonotonic_voltage,False,True,1.977
Batch-6/Sim_satellite_battery-4,Batch-6,Sim_satellite_battery,145,1.0C charge and 0.5C discharge [test capacity],measured_RPT,1.985,False,time_reset_or_nonmonotonic_voltage,False,True,1.977
Batch-6/Sim_satellite_battery-4,Batch-6,Sim_satellite_battery,151,1.0C charge and 0.5C discharge [test capacity],measured_RPT,1.985,False,time_reset_or_nonmonotonic_voltage,False,True,1.977
Batch-6/Sim_satellite_battery-4,Batch-6,Sim_satellite_battery,157,1.0C charge and 0.5C discharge [test capacity],measured_RPT,1.991,False,time_reset_or_nonmonotonic_voltage,False,True,1.977
Batch-6/Sim_satellite_battery-4,Batch-6,Sim_satellite_battery,163,1.0C charge and 0.5C discharge [test capacity],measured_RPT,1.99,False,time_reset_or_nonmonotonic_voltage,False,True,1.977
Batch-6/Sim_satellite_battery-4,Batch-6,Sim_satellite_battery,169,1.0C charge and 0.5C discharge [test capacity],measured_RPT,1.987,False,time_reset_or_nonmonotonic_voltage,False,True,1.977
Batch-6/Sim_satellite_battery-4,Batch-6,Sim_satellite_battery,175,1.0C charge and 0.5C discharge [test capacity],measured_RPT,1.985,False,time_reset_or_nonmonotonic_voltage,False,True,1.977
Batch-6/Sim_satellite_battery-4,Batch-6,Sim_satellite_battery,180,1.0C charge and 0.5C discharge [test capacity],measured_RPT,1.982,True,ok,False,True,1.977
Batch-6/Sim_satellite_battery-4,Batch-6,Sim_satellite_battery,186,1.0C charge and 0.5C discharge [test capacity],measured_RPT,1.98,False,time_reset_or_nonmonotonic_voltage,False,True,1.977
Batch-6/Sim_satellite_battery-4,Batch-6,Sim_satellite_battery,191,1.0C charge and 0.5C discharge [test capacity],measured_RPT,1.978,False,time_reset_or_nonmonotonic_voltage,False,True,1.977
Batch-6/Sim_satellite_battery-4,Batch-6,Sim_satellite_battery,197,1.0C charge and 0.5C discharge [test capacity],measured_RPT,1.978,False,time_reset_or_nonmonotonic_voltage,False,True,1.977
Batch-6/Sim_satellite_battery-4,Batch-6,Sim_satellite_battery,203,1.0C charge and 0.5C discharge [test capacity],measured_RPT,1.976,False,time_reset_or_nonmonotonic_voltage,False,True,1.977
Batch-6/Sim_satellite_battery-4,Batch-6,Sim_satellite_battery,209,1.0C charge and 0.5C discharge [test capacity],measured_RPT,1.982,False,time_reset_or_nonmonotonic_voltage,False,True,1.977
Batch-6/Sim_satellite_battery-4,Batch-6,Sim_satellite_battery,215,1.0C charge and 0.5C discharge [test capacity],measured_RPT,1.973,False,time_reset_or_nonmonotonic_voltage,False,True,1.977
Batch-6/Sim_satellite_battery-4,Batch-6,Sim_satellite_battery,221,1.0C charge and 0.5C discharge [test capacity],measured_RPT,1.968,True,ok,False,True,1.977
Batch-6/Sim_satellite_battery-4,Batch-6,Sim_satellite_battery,227,1.0C charge and 0.5C discharge [test capacity],measured_RPT,1.962,True,ok,False,True,1.977
Batch-6/Sim_satellite_battery-4,Batch-6,Sim_satellite_battery,232,1.0C charge and 0.5C discharge [test capacity],measured_RPT,1.956,True,ok,False,True,1.977
Batch-6/Sim_satellite_battery-4,Batch-6,Sim_satellite_battery,238,1.0C charge and 0.5C discharge [test capacity],measured_RPT,1.949,False,time_reset_or_nonmonotonic_voltage,False,True,1.977
Batch-6/Sim_satellite_battery-4,Batch-6,Sim_satellite_battery,243,1.0C charge and 0.5C discharge [test capacity],measured_RPT,1.945,True,ok,False,True,1.977
Batch-6/Sim_satellite_battery-4,Batch-6,Sim_satellite_battery,249,1.0C charge and 0.5C discharge [test capacity],measured_RPT,1.943,False,time_reset_or_nonmonotonic_voltage,False,True,1.977
Batch-6/Sim_satellite_battery-4,Batch-6,Sim_satellite_battery,255,1.0C charge and 0.5C discharge [test capacity],measured_RPT,1.939,False,time_reset_or_nonmonotonic_voltage,False,True,1.977
Batch-6/Sim_satellite_battery-4,Batch-6,Sim_satellite_battery,261,1.0C charge and 0.5C discharge [test capacity],measured_RPT,1.947,False,time_reset_or_nonmonotonic_voltage,False,True,1.977
Batch-6/Sim_satellite_battery-4,Batch-6,Sim_satellite_battery,267,1.0C charge and 0.5C discharge [test capacity],measured_RPT,1.938,False,time_reset_or_nonmonotonic_voltage,False,True,1.977
Batch-6/Sim_satellite_battery-4,Batch-6,Sim_satellite_battery,273,1.0C charge and 0.5C discharge [test capacity],measured_RPT,1.935,False,time_reset_or_nonmonotonic_voltage,False,True,1.977
Batch-6/Sim_satellite_battery-4,Batch-6,Sim_satellite_battery,279,1.0C charge and 0.5C discharge [test capacity],measured_RPT,1.931,False,time_reset_or_nonmonotonic_voltage,False,True,1.977
Batch-6/Sim_satellite_battery-4,Batch-6,Sim_satellite_battery,284,1.0C charge and 0.5C discharge [test capacity],measured_RPT,1.93,False,time_reset_or_nonmonotonic_voltage,False,True,1.977
Batch-6/Sim_satellite_battery-4,Batch-6,Sim_satellite_battery,290,1.0C charge and 0.5C discharge [test capacity],measured_RPT,1.925,False,time_reset_or_nonmonotonic_voltage,False,True,1.977
Batch-6/Sim_satellite_battery-4,Batch-6,Sim_satellite_battery,295,1.0C charge and 0.5C discharge [test capacity],measured_RPT,1.926,True,ok,False,True,1.977
Batch-6/Sim_satellite_battery-4,Batch-6,Sim_satellite_battery,301,1.0C charge and 0.5C discharge [test capacity],measured_RPT,1.921,False,time_reset_or_nonmonotonic_voltage,False,True,1.977
Batch-6/Sim_satellite_battery-4,Batch-6,Sim_satellite_battery,307,1.0C charge and 0.5C discharge [test capacity],measured_RPT,1.923,True,ok,False,True,1.977
Batch-6/Sim_satellite_battery-4,Batch-6,Sim_satellite_battery,313,1.0C charge and 0.5C discharge [test capacity],measured_RPT,1.93,False,time_reset_or_nonmonotonic_voltage,False,True,1.977
Batch-6/Sim_satellite_battery-4,Batch-6,Sim_satellite_battery,319,1.0C charge and 0.5C discharge [test capacity],measured_RPT,1.922,False,time_reset_or_nonmonotonic_voltage,False,True,1.977
Batch-6/Sim_satellite_battery-4,Batch-6,Sim_satellite_battery,325,1.0C charge and 0.5C discharge [test capacity],measured_RPT,1.92,True,ok,False,True,1.977
Batch-6/Sim_satellite_battery-4,Batch-6,Sim_satellite_battery,331,1.0C charge and 0.5C discharge [test capacity],measured_RPT,1.916,True,ok,False,True,1.977
Batch-6/Sim_satellite_battery-4,Batch-6,Sim_satellite_battery,336,1.0C charge and 0.5C discharge [test capacity],measured_RPT,1.914,False,time_reset_or_nonmonotonic_voltage,False,True,1.977
Batch-6/Sim_satellite_battery-4,Batch-6,Sim_satellite_battery,342,1.0C charge and 0.5C discharge [test capacity],measured_RPT,1.912,True,ok,False,True,1.977
Batch-6/Sim_satellite_battery-4,Batch-6,Sim_satellite_battery,347,1.0C charge and 0.5C discharge [test capacity],measured_RPT,1.914,False,time_reset_or_nonmonotonic_voltage,False,True,1.977
Batch-6/Sim_satellite_battery-4,Batch-6,Sim_satellite_battery,353,1.0C charge and 0.5C discharge [test capacity],measured_RPT,1.912,False,time_reset_or_nonmonotonic_voltage,False,True,1.977
Batch-6/Sim_satellite_battery-4,Batch-6,Sim_satellite_battery,359,1.0C charge and 0.5C discharge [test capacity],measured_RPT,1.912,False,time_reset_or_nonmonotonic_voltage,False,True,1.977
Batch-6/Sim_satellite_battery-4,Batch-6,Sim_satellite_battery,365,1.0C charge and 0.5C discharge [test capacity],measured_RPT,1.919,False,time_reset_or_nonmonotonic_voltage,False,True,1.977
Batch-6/Sim_satellite_battery-4,Batch-6,Sim_satellite_battery,371,1.0C charge and 0.5C discharge [test capacity],measured_RPT,1.914,False,time_reset_or_nonmonotonic_voltage,False,True,1.977
Batch-6/Sim_satellite_battery-4,Batch-6,Sim_satellite_battery,377,1.0C charge and 0.5C discharge [test capacity],measured_RPT,1.912,False,time_reset_or_nonmonotonic_voltage,False,True,1.977
Batch-6/Sim_satellite_battery-4,Batch-6,Sim_satellite_battery,383,1.0C charge and 0.5C discharge [test capacity],measured_RPT,1.91,True,ok,False,True,1.977
Batch-6/Sim_satellite_battery-4,Batch-6,Sim_satellite_battery,388,1.0C charge and 0.5C discharge [test capacity],measured_RPT,1.91,False,time_reset_or_nonmonotonic_voltage,False,True,1.977
Batch-6/Sim_satellite_battery-4,Batch-6,Sim_satellite_battery,394,1.0C charge and 0.5C discharge [test capacity],measured_RPT,1.908,False,time_reset_or_nonmonotonic_voltage,False,True,1.977
Batch-6/Sim_satellite_battery-4,Batch-6,Sim_satellite_battery,399,1.0C charge and 0.5C discharge [test capacity],measured_RPT,1.907,False,time_reset_or_nonmonotonic_voltage,False,True,1.977
Batch-6/Sim_satellite_battery-4,Batch-6,Sim_satellite_battery,405,1.0C charge and 0.5C discharge [test capacity],measured_RPT,1.907,False,time_reset_or_nonmonotonic_voltage,False,True,1.977
Batch-6/Sim_satellite_battery-4,Batch-6,Sim_satellite_battery,411,1.0C charge and 0.5C discharge [test capacity],measured_RPT,1.906,False,time_reset_or_nonmonotonic_voltage,False,True,1.977
Batch-6/Sim_satellite_battery-4,Batch-6,Sim_satellite_battery,417,1.0C charge and 0.5C discharge [test capacity],measured_RPT,1.911,False,time_reset_or_nonmonotonic_voltage,False,True,1.977
Batch-6/Sim_satellite_battery-4,Batch-6,Sim_satellite_battery,423,1.0C charge and 0.5C discharge [test capacity],measured_RPT,1.907,False,time_reset_or_nonmonotonic_voltage,False,True,1.977
Batch-6/Sim_satellite_battery-4,Batch-6,Sim_satellite_battery,429,1.0C charge and 0.5C discharge [test capacity],measured_RPT,1.903,False,time_reset_or_nonmonotonic_voltage,False,True,1.977
Batch-6/Sim_satellite_battery-4,Batch-6,Sim_satellite_battery,435,1.0C charge and 0.5C discharge [test capacity],measured_RPT,1.902,False,time_reset_or_nonmonotonic_voltage,False,True,1.977
Batch-6/Sim_satellite_battery-4,Batch-6,Sim_satellite_battery,440,1.0C charge and 0.5C discharge [test capacity],measured_RPT,1.9,False,time_reset_or_nonmonotonic_voltage,False,True,1.977
Batch-6/Sim_satellite_battery-4,Batch-6,Sim_satellite_battery,446,1.0C charge and 0.5C discharge [test capacity],measured_RPT,1.901,True,ok,False,True,1.977
Batch-6/Sim_satellite_battery-4,Batch-6,Sim_satellite_battery,451,1.0C charge and 0.5C discharge [test capacity],measured_RPT,1.899,False,time_reset_or_nonmonotonic_voltage,False,True,1.977
Batch-6/Sim_satellite_battery-4,Batch-6,Sim_satellite_battery,457,1.0C charge and 0.5C discharge [test capacity],measured_RPT,1.9,True,ok,False,True,1.977
Batch-6/Sim_satellite_battery-4,Batch-6,Sim_satellite_battery,463,1.0C charge and 0.5C discharge [test capacity],measured_RPT,1.899,False,time_reset_or_nonmonotonic_voltage,False,True,1.977
Batch-6/Sim_satellite_battery-4,Batch-6,Sim_satellite_battery,469,1.0C charge and 0.5C discharge [test capacity],measured_RPT,1.906,False,time_reset_or_nonmonotonic_voltage,False,True,1.977
Batch-6/Sim_satellite_battery-4,Batch-6,Sim_satellite_battery,475,1.0C charge and 0.5C discharge [test capacity],measured_RPT,1.899,False,time_reset_or_nonmonotonic_voltage,False,True,1.977
Batch-6/Sim_satellite_battery-4,Batch-6,Sim_satellite_battery,481,1.0C charge and 0.5C discharge [test capacity],measured_RPT,1.895,False,time_reset_or_nonmonotonic_voltage,False,True,1.977
Batch-6/Sim_satellite_battery-4,Batch-6,Sim_satellite_battery,487,1.0C charge and 0.5C discharge [test capacity],measured_RPT,1.895,False,time_reset_or_nonmonotonic_voltage,False,True,1.977
Batch-6/Sim_satellite_battery-4,Batch-6,Sim_satellite_battery,492,1.0C charge and 0.5C discharge [test capacity],measured_RPT,1.893,True,ok,False,True,1.977
Batch-6/Sim_satellite_battery-4,Batch-6,Sim_satellite_battery,498,1.0C charge and 0.5C discharge [test capacity],measured_RPT,1.893,True,ok,False,True,1.977
Batch-6/Sim_satellite_battery-4,Batch-6,Sim_satellite_battery,503,1.0C charge and 0.5C discharge [test capacity],measured_RPT,1.89,False,time_reset_or_nonmonotonic_voltage,False,True,1.977
Batch-6/Sim_satellite_battery-4,Batch-6,Sim_satellite_battery,509,1.0C charge and 0.5C discharge [test capacity],measured_RPT,1.89,False,time_reset_or_nonmonotonic_voltage,False,True,1.977
Batch-6/Sim_satellite_battery-4,Batch-6,Sim_satellite_battery,515,1.0C charge and 0.5C discharge [test capacity],measured_RPT,1.887,False,time_reset_or_nonmonotonic_voltage,False,True,1.977
Batch-6/Sim_satellite_battery-4,Batch-6,Sim_satellite_battery,521,1.0C charge and 0.5C discharge [test capacity],measured_RPT,1.894,False,time_reset_or_nonmonotonic_voltage,False,True,1.977
Batch-6/Sim_satellite_battery-4,Batch-6,Sim_satellite_battery,527,1.0C charge and 0.5C discharge [test capacity],measured_RPT,1.886,False,time_reset_or_nonmonotonic_voltage,False,True,1.977
Batch-6/Sim_satellite_battery-4,Batch-6,Sim_satellite_battery,533,1.0C charge and 0.5C discharge [test capacity],measured_RPT,1.884,False,time_reset_or_nonmonotonic_voltage,False,True,1.977
Batch-6/Sim_satellite_battery-4,Batch-6,Sim_satellite_battery,539,1.0C charge and 0.5C discharge [test capacity],measured_RPT,1.881,False,time_reset_or_nonmonotonic_voltage,False,True,1.977
Batch-6/Sim_satellite_battery-4,Batch-6,Sim_satellite_battery,544,1.0C charge and 0.5C discharge [test capacity],measured_RPT,1.881,False,time_reset_or_nonmonotonic_voltage,False,True,1.977
Batch-6/Sim_satellite_battery-4,Batch-6,Sim_satellite_battery,550,1.0C charge and 0.5C discharge [test capacity],measured_RPT,1.879,False,time_reset_or_nonmonotonic_voltage,False,True,1.977
Batch-6/Sim_satellite_battery-4,Batch-6,Sim_satellite_battery,555,1.0C charge and 0.5C discharge [test capacity],measured_RPT,1.881,True,ok,False,True,1.977
Batch-6/Sim_satellite_battery-4,Batch-6,Sim_satellite_battery,561,1.0C charge and 0.5C discharge [test capacity],measured_RPT,1.879,False,time_reset_or_nonmonotonic_voltage,False,True,1.977
Batch-6/Sim_satellite_battery-4,Batch-6,Sim_satellite_battery,567,1.0C charge and 0.5C discharge [test capacity],measured_RPT,1.88,False,time_reset_or_nonmonotonic_voltage,False,True,1.977
Batch-6/Sim_satellite_battery-4,Batch-6,Sim_satellite_battery,573,1.0C charge and 0.5C discharge [test capacity],measured_RPT,1.886,False,time_reset_or_nonmonotonic_voltage,False,True,1.977
Batch-6/Sim_satellite_battery-4,Batch-6,Sim_satellite_battery,579,1.0C charge and 0.5C discharge [test capacity],measured_RPT,1.877,False,time_reset_or_nonmonotonic_voltage,False,True,1.977
Batch-6/Sim_satellite_battery-4,Batch-6,Sim_satellite_battery,585,1.0C charge and 0.5C discharge [test capacity],measured_RPT,1.876,True,ok,False,True,1.977
Batch-6/Sim_satellite_battery-4,Batch-6,Sim_satellite_battery,591,1.0C charge and 0.5C discharge [test capacity],measured_RPT,1.874,False,time_reset_or_nonmonotonic_voltage,False,True,1.977
Batch-6/Sim_satellite_battery-4,Batch-6,Sim_satellite_battery,596,1.0C charge and 0.5C discharge [test capacity],measured_RPT,1.874,False,time_reset_or_nonmonotonic_voltage,False,True,1.977
Batch-6/Sim_satellite_battery-4,Batch-6,Sim_satellite_battery,602,1.0C charge and 0.5C discharge [test capacity],measured_RPT,1.871,False,time_reset_or_nonmonotonic_voltage,False,True,1.977
Batch-6/Sim_satellite_battery-4,Batch-6,Sim_satellite_battery,607,1.0C charge and 0.5C discharge [test capacity],measured_RPT,1.871,False,time_reset_or_nonmonotonic_voltage,False,True,1.977
Batch-6/Sim_satellite_battery-4,Batch-6,Sim_satellite_battery,613,1.0C charge and 0.5C discharge [test capacity],measured_RPT,1.867,False,time_reset_or_nonmonotonic_voltage,False,True,1.977
Batch-6/Sim_satellite_battery-4,Batch-6,Sim_satellite_battery,619,1.0C charge and 0.5C discharge [test capacity],measured_RPT,1.87,False,time_reset_or_nonmonotonic_voltage,False,True,1.977
Batch-6/Sim_satellite_battery-4,Batch-6,Sim_satellite_battery,625,1.0C charge and 0.5C discharge [test capacity],measured_RPT,1.874,False,time_reset_or_nonmonotonic_voltage,False,True,1.977
Batch-6/Sim_satellite_battery-4,Batch-6,Sim_satellite_battery,631,1.0C charge and 0.5C discharge [test capacity],measured_RPT,1.868,False,time_reset_or_nonmonotonic_voltage,False,True,1.977
Batch-6/Sim_satellite_battery-4,Batch-6,Sim_satellite_battery,637,1.0C charge and 0.5C discharge [test capacity],measured_RPT,1.865,False,time_reset_or_nonmonotonic_voltage,False,True,1.977
Batch-6/Sim_satellite_battery-4,Batch-6,Sim_satellite_battery,643,1.0C charge and 0.5C discharge [test capacity],measured_RPT,1.863,True,ok,False,True,1.977
Batch-6/Sim_satellite_battery-4,Batch-6,Sim_satellite_battery,648,1.0C charge and 0.5C discharge [test capacity],measured_RPT,1.862,True,ok,False,True,1.977
Batch-6/Sim_satellite_battery-4,Batch-6,Sim_satellite_battery,654,1.0C charge and 0.5C discharge [test capacity],measured_RPT,1.859,True,ok,False,True,1.977
Batch-6/Sim_satellite_battery-4,Batch-6,Sim_satellite_battery,659,1.0C charge and 0.5C discharge [test capacity],measured_RPT,1.859,False,time_reset_or_nonmonotonic_voltage,False,True,1.977
Batch-6/Sim_satellite_battery-4,Batch-6,Sim_satellite_battery,665,1.0C charge and 0.5C discharge [test capacity],measured_RPT,1.856,False,time_reset_or_nonmonotonic_voltage,False,True,1.977
Batch-6/Sim_satellite_battery-4,Batch-6,Sim_satellite_battery,671,1.0C charge and 0.5C discharge [test capacity],measured_RPT,1.857,False,time_reset_or_nonmonotonic_voltage,False,True,1.977
Batch-6/Sim_satellite_battery-4,Batch-6,Sim_satellite_battery,677,1.0C charge and 0.5C discharge [test capacity],measured_RPT,1.863,False,time_reset_or_nonmonotonic_voltage,False,True,1.977
Batch-6/Sim_satellite_battery-4,Batch-6,Sim_satellite_battery,683,1.0C charge and 0.5C discharge [test capacity],measured_RPT,1.856,False,time_reset_or_nonmonotonic_voltage,False,True,1.977
Batch-6/Sim_satellite_battery-4,Batch-6,Sim_satellite_battery,689,1.0C charge and 0.5C discharge [test capacity],measured_RPT,1.856,False,time_reset_or_nonmonotonic_voltage,False,True,1.977
Batch-6/Sim_satellite_battery-4,Batch-6,Sim_satellite_battery,695,1.0C charge and 0.5C discharge [test capacity],measured_RPT,1.852,False,time_reset_or_nonmonotonic_voltage,False,True,1.977
Batch-6/Sim_satellite_battery-4,Batch-6,Sim_satellite_battery,700,1.0C charge and 0.5C discharge [test capacity],measured_RPT,1.851,False,time_reset_or_nonmonotonic_voltage,False,True,1.977
Batch-6/Sim_satellite_battery-4,Batch-6,Sim_satellite_battery,706,1.0C charge and 0.5C discharge [test capacity],measured_RPT,1.851,False,time_reset_or_nonmonotonic_voltage,False,True,1.977
Batch-6/Sim_satellite_battery-4,Batch-6,Sim_satellite_battery,711,1.0C charge and 0.5C discharge [test capacity],measured_RPT,1.849,False,time_reset_or_nonmonotonic_voltage,False,True,1.977
Batch-6/Sim_satellite_battery-4,Batch-6,Sim_satellite_battery,717,1.0C charge and 0.5C discharge [test capacity],measured_RPT,1.849,True,ok,False,True,1.977
Batch-6/Sim_satellite_battery-4,Batch-6,Sim_satellite_battery,723,1.0C charge and 0.5C discharge [test capacity],measured_RPT,1.845,False,time_reset_or_nonmonotonic_voltage,False,True,1.977
Batch-6/Sim_satellite_battery-4,Batch-6,Sim_satellite_battery,729,1.0C charge and 0.5C discharge [test capacity],measured_RPT,1.853,False,time_reset_or_nonmonotonic_voltage,False,True,1.977
Batch-6/Sim_satellite_battery-4,Batch-6,Sim_satellite_battery,735,1.0C charge and 0.5C discharge [test capacity],measured_RPT,1.844,False,time_reset_or_nonmonotonic_voltage,False,True,1.977
Batch-6/Sim_satellite_battery-4,Batch-6,Sim_satellite_battery,741,1.0C charge and 0.5C discharge [test capacity],measured_RPT,1.841,False,time_reset_or_nonmonotonic_voltage,False,True,1.977
Batch-6/Sim_satellite_battery-4,Batch-6,Sim_satellite_battery,747,1.0C charge and 0.5C discharge [test capacity],measured_RPT,1.838,True,ok,False,True,1.977
Batch-6/Sim_satellite_battery-4,Batch-6,Sim_satellite_battery,752,1.0C charge and 0.5C discharge [test capacity],measured_RPT,1.833,False,time_reset_or_nonmonotonic_voltage,False,True,1.977
Batch-6/Sim_satellite_battery-4,Batch-6,Sim_satellite_battery,758,1.0C charge and 0.5C discharge [test capacity],measured_RPT,1.827,False,time_reset_or_nonmonotonic_voltage,False,True,1.977
Batch-6/Sim_satellite_battery-4,Batch-6,Sim_satellite_battery,763,1.0C charge and 0.5C discharge [test capacity],measured_RPT,1.825,False,time_reset_or_nonmonotonic_voltage,False,True,1.977
Batch-6/Sim_satellite_battery-4,Batch-6,Sim_satellite_battery,769,1.0C charge and 0.5C discharge [test capacity],measured_RPT,1.82,True,ok,False,True,1.977
Batch-6/Sim_satellite_battery-4,Batch-6,Sim_satellite_battery,775,1.0C charge and 0.5C discharge [test capacity],measured_RPT,1.815,True,ok,False,True,1.977
Batch-6/Sim_satellite_battery-4,Batch-6,Sim_satellite_battery,781,1.0C charge and 0.5C discharge [test capacity],measured_RPT,1.819,False,time_reset_or_nonmonotonic_voltage,False,True,1.977
Batch-6/Sim_satellite_battery-4,Batch-6,Sim_satellite_battery,787,1.0C charge and 0.5C discharge [test capacity],measured_RPT,1.809,False,time_reset_or_nonmonotonic_voltage,False,True,1.977
Batch-6/Sim_satellite_battery-4,Batch-6,Sim_satellite_battery,793,1.0C charge and 0.5C discharge [test capacity],measured_RPT,1.803,False,time_reset_or_nonmonotonic_voltage,False,True,1.977
Batch-6/Sim_satellite_battery-4,Batch-6,Sim_satellite_battery,799,1.0C charge and 0.5C discharge [test capacity],measured_RPT,1.791,False,time_reset_or_nonmonotonic_voltage,False,True,1.977
Batch-6/Sim_satellite_battery-4,Batch-6,Sim_satellite_battery,804,1.0C charge and 0.5C discharge [test capacity],measured_RPT,1.784,False,time_reset_or_nonmonotonic_voltage,False,True,1.977
Batch-6/Sim_satellite_battery-4,Batch-6,Sim_satellite_battery,810,1.0C charge and 0.5C discharge [test capacity],measured_RPT,1.773,False,time_reset_or_nonmonotonic_voltage,False,True,1.977
Batch-6/Sim_satellite_battery-4,Batch-6,Sim_satellite_battery,815,1.0C charge and 0.5C discharge [test capacity],measured_RPT,1.766,True,ok,False,True,1.977
Batch-6/Sim_satellite_battery-4,Batch-6,Sim_satellite_battery,821,1.0C charge and 0.5C discharge [test capacity],measured_RPT,1.755,False,time_reset_or_nonmonotonic_voltage,False,True,1.977
Batch-6/Sim_satellite_battery-4,Batch-6,Sim_satellite_battery,827,1.0C charge and 0.5C discharge [test capacity],measured_RPT,1.75,False,time_reset_or_nonmonotonic_voltage,False,True,1.977
Batch-6/Sim_satellite_battery-4,Batch-6,Sim_satellite_battery,833,1.0C charge and 0.5C discharge [test capacity],measured_RPT,1.753,False,time_reset_or_nonmonotonic_voltage,False,True,1.977
Batch-6/Sim_satellite_battery-4,Batch-6,Sim_satellite_battery,839,1.0C charge and 0.5C discharge [test capacity],measured_RPT,1.739,False,time_reset_or_nonmonotonic_voltage,False,True,1.977
Batch-6/Sim_satellite_battery-4,Batch-6,Sim_satellite_battery,845,1.0C charge and 0.5C discharge [test capacity],measured_RPT,1.729,True,ok,False,True,1.977
Batch-6/Sim_satellite_battery-4,Batch-6,Sim_satellite_battery,851,1.0C charge and 0.5C discharge [test capacity],measured_RPT,1.717,True,ok,False,True,1.977
Batch-6/Sim_satellite_battery-4,Batch-6,Sim_satellite_battery,856,1.0C charge and 0.5C discharge [test capacity],measured_RPT,1.712,False,time_reset_or_nonmonotonic_voltage,False,True,1.977
Batch-6/Sim_satellite_battery-4,Batch-6,Sim_satellite_battery,862,1.0C charge and 0.5C discharge [test capacity],measured_RPT,1.703,False,time_reset_or_nonmonotonic_voltage,False,True,1.977
Batch-6/Sim_satellite_battery-4,Batch-6,Sim_satellite_battery,867,1.0C charge and 0.5C discharge [test capacity],measured_RPT,1.696,True,ok,False,True,1.977
Batch-6/Sim_satellite_battery-4,Batch-6,Sim_satellite_battery,873,1.0C charge and 0.5C discharge [test capacity],measured_RPT,1.688,False,time_reset_or_nonmonotonic_voltage,False,True,1.977
Batch-6/Sim_satellite_battery-4,Batch-6,Sim_satellite_battery,879,1.0C charge and 0.5C discharge [test capacity],measured_RPT,1.683,False,time_reset_or_nonmonotonic_voltage,False,True,1.977
Batch-6/Sim_satellite_battery-4,Batch-6,Sim_satellite_battery,885,1.0C charge and 0.5C discharge [test capacity],measured_RPT,1.688,False,time_reset_or_nonmonotonic_voltage,False,True,1.977
Batch-6/Sim_satellite_battery-4,Batch-6,Sim_satellite_battery,891,1.0C charge and 0.5C discharge [test capacity],measured_RPT,1.677,False,time_reset_or_nonmonotonic_voltage,False,True,1.977
Batch-6/Sim_satellite_battery-4,Batch-6,Sim_satellite_battery,897,1.0C charge and 0.5C discharge [test capacity],measured_RPT,1.668,False,time_reset_or_nonmonotonic_voltage,False,True,1.977
Batch-6/Sim_satellite_battery-4,Batch-6,Sim_satellite_battery,903,1.0C charge and 0.5C discharge [test capacity],measured_RPT,1.658,False,time_reset_or_nonmonotonic_voltage,False,True,1.977
Batch-6/Sim_satellite_battery-4,Batch-6,Sim_satellite_battery,908,1.0C charge and 0.5C discharge [test capacity],measured_RPT,1.654,False,time_reset_or_nonmonotonic_voltage,False,True,1.977
Batch-6/Sim_satellite_battery-4,Batch-6,Sim_satellite_battery,914,1.0C charge and 0.5C discharge [test capacity],measured_RPT,1.642,False,time_reset_or_nonmonotonic_voltage,False,True,1.977
Batch-6/Sim_satellite_battery-4,Batch-6,Sim_satellite_battery,919,1.0C charge and 0.5C discharge [test capacity],measured_RPT,1.632,False,time_reset_or_nonmonotonic_voltage,False,True,1.977
Batch-6/Sim_satellite_battery-4,Batch-6,Sim_satellite_battery,925,1.0C charge and 0.5C discharge [test capacity],measured_RPT,1.619,False,time_reset_or_nonmonotonic_voltage,False,True,1.977
Batch-6/Sim_satellite_battery-4,Batch-6,Sim_satellite_battery,931,1.0C charge and 0.5C discharge [test capacity],measured_RPT,1.604,False,time_reset_or_nonmonotonic_voltage,False,True,1.977
Batch-6/Sim_satellite_battery-4,Batch-6,Sim_satellite_battery,937,1.0C charge and 0.5C discharge [test capacity],measured_RPT,1.608,False,time_reset_or_nonmonotonic_voltage,False,True,1.977
Batch-6/Sim_satellite_battery-4,Batch-6,Sim_satellite_battery,943,1.0C charge and 0.5C discharge [test capacity],measured_RPT,1.594,False,time_reset_or_nonmonotonic_voltage,False,True,1.977
Batch-6/Sim_satellite_battery-5,Batch-6,Sim_satellite_battery,1,0.5C charge and 0.2C discharge [test capacity],measured_RPT,1.982,True,ok,True,False,
Batch-6/Sim_satellite_battery-5,Batch-6,Sim_satellite_battery,7,1.0C charge and 0.5C discharge [test capacity],measured_RPT,1.917,False,time_reset_or_nonmonotonic_voltage,False,True,1.982
Batch-6/Sim_satellite_battery-5,Batch-6,Sim_satellite_battery,13,1.0C charge and 0.5C discharge [test capacity],measured_RPT,1.919,False,time_reset_or_nonmonotonic_voltage,False,True,1.982
Batch-6/Sim_satellite_battery-5,Batch-6,Sim_satellite_battery,19,1.0C charge and 0.5C discharge [test capacity],measured_RPT,1.932,True,ok,False,True,1.982
Batch-6/Sim_satellite_battery-5,Batch-6,Sim_satellite_battery,24,1.0C charge and 0.5C discharge [test capacity],measured_RPT,1.941,True,ok,False,True,1.982
Batch-6/Sim_satellite_battery-5,Batch-6,Sim_satellite_battery,30,1.0C charge and 0.5C discharge [test capacity],measured_RPT,1.949,True,ok,False,True,1.982
Batch-6/Sim_satellite_battery-5,Batch-6,Sim_satellite_battery,35,1.0C charge and 0.5C discharge [test capacity],measured_RPT,1.955,True,ok,False,True,1.982
Batch-6/Sim_satellite_battery-5,Batch-6,Sim_satellite_battery,41,1.0C charge and 0.5C discharge [test capacity],measured_RPT,1.962,False,time_reset_or_nonmonotonic_voltage,False,True,1.982
Batch-6/Sim_satellite_battery-5,Batch-6,Sim_satellite_battery,47,1.0C charge and 0.5C discharge [test capacity],measured_RPT,1.966,False,time_reset_or_nonmonotonic_voltage,False,True,1.982
Batch-6/Sim_satellite_battery-5,Batch-6,Sim_satellite_battery,53,1.0C charge and 0.5C discharge [test capacity],measured_RPT,1.974,False,time_reset_or_nonmonotonic_voltage,False,True,1.982
Batch-6/Sim_satellite_battery-5,Batch-6,Sim_satellite_battery,59,1.0C charge and 0.5C discharge [test capacity],measured_RPT,1.967,False,time_reset_or_nonmonotonic_voltage,False,True,1.982
Batch-6/Sim_satellite_battery-5,Batch-6,Sim_satellite_battery,65,1.0C charge and 0.5C discharge [test capacity],measured_RPT,1.97,False,time_reset_or_nonmonotonic_voltage,False,True,1.982
Batch-6/Sim_satellite_battery-5,Batch-6,Sim_satellite_battery,71,1.0C charge and 0.5C discharge [test capacity],measured_RPT,1.967,True,ok,False,True,1.982
Batch-6/Sim_satellite_battery-5,Batch-6,Sim_satellite_battery,76,1.0C charge and 0.5C discharge [test capacity],measured_RPT,1.971,False,time_reset_or_nonmonotonic_voltage,False,True,1.982
Batch-6/Sim_satellite_battery-5,Batch-6,Sim_satellite_battery,82,1.0C charge and 0.5C discharge [test capacity],measured_RPT,1.97,True,ok,False,True,1.982
Batch-6/Sim_satellite_battery-5,Batch-6,Sim_satellite_battery,87,1.0C charge and 0.5C discharge [test capacity],measured_RPT,1.972,True,ok,False,True,1.982
Batch-6/Sim_satellite_battery-5,Batch-6,Sim_satellite_battery,93,1.0C charge and 0.5C discharge [test capacity],measured_RPT,1.97,False,time_reset_or_nonmonotonic_voltage,False,True,1.982
Batch-6/Sim_satellite_battery-5,Batch-6,Sim_satellite_battery,99,1.0C charge and 0.5C discharge [test capacity],measured_RPT,1.972,False,time_reset_or_nonmonotonic_voltage,False,True,1.982
Batch-6/Sim_satellite_battery-5,Batch-6,Sim_satellite_battery,105,1.0C charge and 0.5C discharge [test capacity],measured_RPT,1.977,False,time_reset_or_nonmonotonic_voltage,False,True,1.982
Batch-6/Sim_satellite_battery-5,Batch-6,Sim_satellite_battery,111,1.0C charge and 0.5C discharge [test capacity],measured_RPT,1.973,False,time_reset_or_nonmonotonic_voltage,False,True,1.982
Batch-6/Sim_satellite_battery-5,Batch-6,Sim_satellite_battery,117,1.0C charge and 0.5C discharge [test capacity],measured_RPT,1.971,False,time_reset_or_nonmonotonic_voltage,False,True,1.982
Batch-6/Sim_satellite_battery-5,Batch-6,Sim_satellite_battery,123,1.0C charge and 0.5C discharge [test capacity],measured_RPT,1.97,False,time_reset_or_nonmonotonic_voltage,False,True,1.982
Batch-6/Sim_satellite_battery-5,Batch-6,Sim_satellite_battery,128,1.0C charge and 0.5C discharge [test capacity],measured_RPT,1.971,False,time_reset_or_nonmonotonic_voltage,False,True,1.982
Batch-6/Sim_satellite_battery-5,Batch-6,Sim_satellite_battery,134,1.0C charge and 0.5C discharge [test capacity],measured_RPT,1.97,False,time_reset_or_nonmonotonic_voltage,False,True,1.982
Batch-6/Sim_satellite_battery-5,Batch-6,Sim_satellite_battery,139,1.0C charge and 0.5C discharge [test capacity],measured_RPT,1.97,True,ok,False,True,1.982
Batch-6/Sim_satellite_battery-5,Batch-6,Sim_satellite_battery,145,1.0C charge and 0.5C discharge [test capacity],measured_RPT,1.97,True,ok,False,True,1.982
Batch-6/Sim_satellite_battery-5,Batch-6,Sim_satellite_battery,151,1.0C charge and 0.5C discharge [test capacity],measured_RPT,1.971,False,time_reset_or_nonmonotonic_voltage,False,True,1.982
Batch-6/Sim_satellite_battery-5,Batch-6,Sim_satellite_battery,157,1.0C charge and 0.5C discharge [test capacity],measured_RPT,1.976,False,time_reset_or_nonmonotonic_voltage,False,True,1.982
Batch-6/Sim_satellite_battery-5,Batch-6,Sim_satellite_battery,163,1.0C charge and 0.5C discharge [test capacity],measured_RPT,1.974,False,time_reset_or_nonmonotonic_voltage,False,True,1.982
Batch-6/Sim_satellite_battery-5,Batch-6,Sim_satellite_battery,169,1.0C charge and 0.5C discharge [test capacity],measured_RPT,1.971,False,time_reset_or_nonmonotonic_voltage,False,True,1.982
Batch-6/Sim_satellite_battery-5,Batch-6,Sim_satellite_battery,175,1.0C charge and 0.5C discharge [test capacity],measured_RPT,1.97,True,ok,False,True,1.982
Batch-6/Sim_satellite_battery-5,Batch-6,Sim_satellite_battery,180,1.0C charge and 0.5C discharge [test capacity],measured_RPT,1.968,True,ok,False,True,1.982
Batch-6/Sim_satellite_battery-5,Batch-6,Sim_satellite_battery,186,1.0C charge and 0.5C discharge [test capacity],measured_RPT,1.965,True,ok,False,True,1.982
Batch-6/Sim_satellite_battery-5,Batch-6,Sim_satellite_battery,191,1.0C charge and 0.5C discharge [test capacity],measured_RPT,1.964,False,time_reset_or_nonmonotonic_voltage,False,True,1.982
Batch-6/Sim_satellite_battery-5,Batch-6,Sim_satellite_battery,197,1.0C charge and 0.5C discharge [test capacity],measured_RPT,1.963,True,ok,False,True,1.982
Batch-6/Sim_satellite_battery-5,Batch-6,Sim_satellite_battery,203,1.0C charge and 0.5C discharge [test capacity],measured_RPT,1.962,False,time_reset_or_nonmonotonic_voltage,False,True,1.982
Batch-6/Sim_satellite_battery-5,Batch-6,Sim_satellite_battery,209,1.0C charge and 0.5C discharge [test capacity],measured_RPT,1.967,False,time_reset_or_nonmonotonic_voltage,False,True,1.982
Batch-6/Sim_satellite_battery-5,Batch-6,Sim_satellite_battery,215,1.0C charge and 0.5C discharge [test capacity],measured_RPT,1.959,False,time_reset_or_nonmonotonic_voltage,False,True,1.982
Batch-6/Sim_satellite_battery-5,Batch-6,Sim_satellite_battery,221,1.0C charge and 0.5C discharge [test capacity],measured_RPT,1.954,False,time_reset_or_nonmonotonic_voltage,False,True,1.982
Batch-6/Sim_satellite_battery-5,Batch-6,Sim_satellite_battery,227,1.0C charge and 0.5C discharge [test capacity],measured_RPT,1.949,True,ok,False,True,1.982
Batch-6/Sim_satellite_battery-5,Batch-6,Sim_satellite_battery,232,1.0C charge and 0.5C discharge [test capacity],measured_RPT,1.944,False,time_reset_or_nonmonotonic_voltage,False,True,1.982
Batch-6/Sim_satellite_battery-5,Batch-6,Sim_satellite_battery,238,1.0C charge and 0.5C discharge [test capacity],measured_RPT,1.937,False,time_reset_or_nonmonotonic_voltage,False,True,1.982
Batch-6/Sim_satellite_battery-5,Batch-6,Sim_satellite_battery,243,1.0C charge and 0.5C discharge [test capacity],measured_RPT,1.933,False,time_reset_or_nonmonotonic_voltage,False,True,1.982
Batch-6/Sim_satellite_battery-5,Batch-6,Sim_satellite_battery,249,1.0C charge and 0.5C discharge [test capacity],measured_RPT,1.93,True,ok,False,True,1.982
Batch-6/Sim_satellite_battery-5,Batch-6,Sim_satellite_battery,255,1.0C charge and 0.5C discharge [test capacity],measured_RPT,1.927,False,time_reset_or_nonmonotonic_voltage,False,True,1.982
Batch-6/Sim_satellite_battery-5,Batch-6,Sim_satellite_battery,261,1.0C charge and 0.5C discharge [test capacity],measured_RPT,1.933,False,time_reset_or_nonmonotonic_voltage,False,True,1.982
Batch-6/Sim_satellite_battery-5,Batch-6,Sim_satellite_battery,267,1.0C charge and 0.5C discharge [test capacity],measured_RPT,1.925,False,time_reset_or_nonmonotonic_voltage,False,True,1.982
Batch-6/Sim_satellite_battery-5,Batch-6,Sim_satellite_battery,273,1.0C charge and 0.5C discharge [test capacity],measured_RPT,1.92,True,ok,False,True,1.982
Batch-6/Sim_satellite_battery-5,Batch-6,Sim_satellite_battery,279,1.0C charge and 0.5C discharge [test capacity],measured_RPT,1.919,False,time_reset_or_nonmonotonic_voltage,False,True,1.982
Batch-6/Sim_satellite_battery-5,Batch-6,Sim_satellite_battery,284,1.0C charge and 0.5C discharge [test capacity],measured_RPT,1.914,False,time_reset_or_nonmonotonic_voltage,False,True,1.982
Batch-6/Sim_satellite_battery-5,Batch-6,Sim_satellite_battery,290,1.0C charge and 0.5C discharge [test capacity],measured_RPT,1.913,False,time_reset_or_nonmonotonic_voltage,False,True,1.982
Batch-6/Sim_satellite_battery-5,Batch-6,Sim_satellite_battery,295,1.0C charge and 0.5C discharge [test capacity],measured_RPT,1.907,False,time_reset_or_nonmonotonic_voltage,False,True,1.982
Batch-6/Sim_satellite_battery-5,Batch-6,Sim_satellite_battery,301,1.0C charge and 0.5C discharge [test capacity],measured_RPT,1.909,True,ok,False,True,1.982
Batch-6/Sim_satellite_battery-5,Batch-6,Sim_satellite_battery,307,1.0C charge and 0.5C discharge [test capacity],measured_RPT,1.904,False,time_reset_or_nonmonotonic_voltage,False,True,1.982
Batch-6/Sim_satellite_battery-5,Batch-6,Sim_satellite_battery,313,1.0C charge and 0.5C discharge [test capacity],measured_RPT,1.915,False,time_reset_or_nonmonotonic_voltage,False,True,1.982
Batch-6/Sim_satellite_battery-5,Batch-6,Sim_satellite_battery,319,1.0C charge and 0.5C discharge [test capacity],measured_RPT,1.907,True,ok,False,True,1.982
Batch-6/Sim_satellite_battery-5,Batch-6,Sim_satellite_battery,325,1.0C charge and 0.5C discharge [test capacity],measured_RPT,1.904,False,time_reset_or_nonmonotonic_voltage,False,True,1.982
Batch-6/Sim_satellite_battery-5,Batch-6,Sim_satellite_battery,331,1.0C charge and 0.5C discharge [test capacity],measured_RPT,1.9,False,time_reset_or_nonmonotonic_voltage,False,True,1.982
Batch-6/Sim_satellite_battery-5,Batch-6,Sim_satellite_battery,336,1.0C charge and 0.5C discharge [test capacity],measured_RPT,1.899,False,time_reset_or_nonmonotonic_voltage,False,True,1.982
Batch-6/Sim_satellite_battery-5,Batch-6,Sim_satellite_battery,342,1.0C charge and 0.5C discharge [test capacity],measured_RPT,1.897,True,ok,False,True,1.982
Batch-6/Sim_satellite_battery-5,Batch-6,Sim_satellite_battery,347,1.0C charge and 0.5C discharge [test capacity],measured_RPT,1.896,False,time_reset_or_nonmonotonic_voltage,False,True,1.982
Batch-6/Sim_satellite_battery-5,Batch-6,Sim_satellite_battery,353,1.0C charge and 0.5C discharge [test capacity],measured_RPT,1.896,False,time_reset_or_nonmonotonic_voltage,False,True,1.982
Batch-6/Sim_satellite_battery-5,Batch-6,Sim_satellite_battery,359,1.0C charge and 0.5C discharge [test capacity],measured_RPT,1.895,True,ok,False,True,1.982
Batch-6/Sim_satellite_battery-5,Batch-6,Sim_satellite_battery,365,1.0C charge and 0.5C discharge [test capacity],measured_RPT,1.902,False,time_reset_or_nonmonotonic_voltage,False,True,1.982
Batch-6/Sim_satellite_battery-5,Batch-6,Sim_satellite_battery,371,1.0C charge and 0.5C discharge [test capacity],measured_RPT,1.894,False,time_reset_or_nonmonotonic_voltage,False,True,1.982
Batch-6/Sim_satellite_battery-5,Batch-6,Sim_satellite_battery,377,1.0C charge and 0.5C discharge [test capacity],measured_RPT,1.894,True,ok,False,True,1.982
Batch-6/Sim_satellite_battery-5,Batch-6,Sim_satellite_battery,383,1.0C charge and 0.5C discharge [test capacity],measured_RPT,1.89,True,ok,False,True,1.982
Batch-6/Sim_satellite_battery-5,Batch-6,Sim_satellite_battery,388,1.0C charge and 0.5C discharge [test capacity],measured_RPT,1.891,False,time_reset_or_nonmonotonic_voltage,False,True,1.982
Batch-6/Sim_satellite_battery-5,Batch-6,Sim_satellite_battery,394,1.0C charge and 0.5C discharge [test capacity],measured_RPT,1.888,False,time_reset_or_nonmonotonic_voltage,False,True,1.982
Batch-6/Sim_satellite_battery-5,Batch-6,Sim_satellite_battery,399,1.0C charge and 0.5C discharge [test capacity],measured_RPT,1.889,False,time_reset_or_nonmonotonic_voltage,False,True,1.982
Batch-6/Sim_satellite_battery-5,Batch-6,Sim_satellite_battery,405,1.0C charge and 0.5C discharge [test capacity],measured_RPT,1.886,False,time_reset_or_nonmonotonic_voltage,False,True,1.982
Batch-6/Sim_satellite_battery-5,Batch-6,Sim_satellite_battery,411,1.0C charge and 0.5C discharge [test capacity],measured_RPT,1.888,False,time_reset_or_nonmonotonic_voltage,False,True,1.982
Batch-6/Sim_satellite_battery-5,Batch-6,Sim_satellite_battery,417,1.0C charge and 0.5C discharge [test capacity],measured_RPT,1.893,False,time_reset_or_nonmonotonic_voltage,False,True,1.982
Batch-6/Sim_satellite_battery-5,Batch-6,Sim_satellite_battery,423,1.0C charge and 0.5C discharge [test capacity],measured_RPT,1.883,False,time_reset_or_nonmonotonic_voltage,False,True,1.982
Batch-6/Sim_satellite_battery-5,Batch-6,Sim_satellite_battery,429,1.0C charge and 0.5C discharge [test capacity],measured_RPT,1.883,False,time_reset_or_nonmonotonic_voltage,False,True,1.982
Batch-6/Sim_satellite_battery-5,Batch-6,Sim_satellite_battery,435,1.0C charge and 0.5C discharge [test capacity],measured_RPT,1.879,False,time_reset_or_nonmonotonic_voltage,False,True,1.982
Batch-6/Sim_satellite_battery-5,Batch-6,Sim_satellite_battery,440,1.0C charge and 0.5C discharge [test capacity],measured_RPT,1.88,False,time_reset_or_nonmonotonic_voltage,False,True,1.982
Batch-6/Sim_satellite_battery-5,Batch-6,Sim_satellite_battery,446,1.0C charge and 0.5C discharge [test capacity],measured_RPT,1.877,True,ok,False,True,1.982
Batch-6/Sim_satellite_battery-5,Batch-6,Sim_satellite_battery,451,1.0C charge and 0.5C discharge [test capacity],measured_RPT,1.879,True,ok,False,True,1.982
Batch-6/Sim_satellite_battery-5,Batch-6,Sim_satellite_battery,457,1.0C charge and 0.5C discharge [test capacity],measured_RPT,1.877,False,time_reset_or_nonmonotonic_voltage,False,True,1.982
Batch-6/Sim_satellite_battery-5,Batch-6,Sim_satellite_battery,463,1.0C charge and 0.5C discharge [test capacity],measured_RPT,1.877,False,time_reset_or_nonmonotonic_voltage,False,True,1.982
Batch-6/Sim_satellite_battery-5,Batch-6,Sim_satellite_battery,469,1.0C charge and 0.5C discharge [test capacity],measured_RPT,1.883,False,time_reset_or_nonmonotonic_voltage,False,True,1.982
Batch-6/Sim_satellite_battery-5,Batch-6,Sim_satellite_battery,475,1.0C charge and 0.5C discharge [test capacity],measured_RPT,1.876,False,time_reset_or_nonmonotonic_voltage,False,True,1.982
Batch-6/Sim_satellite_battery-5,Batch-6,Sim_satellite_battery,481,1.0C charge and 0.5C discharge [test capacity],measured_RPT,1.874,False,time_reset_or_nonmonotonic_voltage,False,True,1.982
Batch-6/Sim_satellite_battery-5,Batch-6,Sim_satellite_battery,487,1.0C charge and 0.5C discharge [test capacity],measured_RPT,1.871,True,ok,False,True,1.982
Batch-6/Sim_satellite_battery-5,Batch-6,Sim_satellite_battery,492,1.0C charge and 0.5C discharge [test capacity],measured_RPT,1.872,True,ok,False,True,1.982
Batch-6/Sim_satellite_battery-5,Batch-6,Sim_satellite_battery,498,1.0C charge and 0.5C discharge [test capacity],measured_RPT,1.869,False,time_reset_or_nonmonotonic_voltage,False,True,1.982
Batch-6/Sim_satellite_battery-5,Batch-6,Sim_satellite_battery,503,1.0C charge and 0.5C discharge [test capacity],measured_RPT,1.869,False,time_reset_or_nonmonotonic_voltage,False,True,1.982
Batch-6/Sim_satellite_battery-5,Batch-6,Sim_satellite_battery,509,1.0C charge and 0.5C discharge [test capacity],measured_RPT,1.866,True,ok,False,True,1.982
Batch-6/Sim_satellite_battery-5,Batch-6,Sim_satellite_battery,515,1.0C charge and 0.5C discharge [test capacity],measured_RPT,1.865,True,ok,False,True,1.982
Batch-6/Sim_satellite_battery-5,Batch-6,Sim_satellite_battery,521,1.0C charge and 0.5C discharge [test capacity],measured_RPT,1.87,False,time_reset_or_nonmonotonic_voltage,False,True,1.982
Batch-6/Sim_satellite_battery-5,Batch-6,Sim_satellite_battery,527,1.0C charge and 0.5C discharge [test capacity],measured_RPT,1.863,False,time_reset_or_nonmonotonic_voltage,False,True,1.982
Batch-6/Sim_satellite_battery-5,Batch-6,Sim_satellite_battery,533,1.0C charge and 0.5C discharge [test capacity],measured_RPT,1.859,True,ok,False,True,1.982
Batch-6/Sim_satellite_battery-5,Batch-6,Sim_satellite_battery,539,1.0C charge and 0.5C discharge [test capacity],measured_RPT,1.859,False,time_reset_or_nonmonotonic_voltage,False,True,1.982
Batch-6/Sim_satellite_battery-5,Batch-6,Sim_satellite_battery,544,1.0C charge and 0.5C discharge [test capacity],measured_RPT,1.856,True,ok,False,True,1.982
Batch-6/Sim_satellite_battery-5,Batch-6,Sim_satellite_battery,550,1.0C charge and 0.5C discharge [test capacity],measured_RPT,1.856,False,time_reset_or_nonmonotonic_voltage,False,True,1.982
Batch-6/Sim_satellite_battery-5,Batch-6,Sim_satellite_battery,555,1.0C charge and 0.5C discharge [test capacity],measured_RPT,1.854,False,time_reset_or_nonmonotonic_voltage,False,True,1.982
Batch-6/Sim_satellite_battery-5,Batch-6,Sim_satellite_battery,561,1.0C charge and 0.5C discharge [test capacity],measured_RPT,1.856,False,time_reset_or_nonmonotonic_voltage,False,True,1.982
Batch-6/Sim_satellite_battery-5,Batch-6,Sim_satellite_battery,567,1.0C charge and 0.5C discharge [test capacity],measured_RPT,1.854,False,time_reset_or_nonmonotonic_voltage,False,True,1.982
Batch-6/Sim_satellite_battery-5,Batch-6,Sim_satellite_battery,573,1.0C charge and 0.5C discharge [test capacity],measured_RPT,1.859,False,time_reset_or_nonmonotonic_voltage,False,True,1.982
Batch-6/Sim_satellite_battery-5,Batch-6,Sim_satellite_battery,579,1.0C charge and 0.5C discharge [test capacity],measured_RPT,1.854,False,time_reset_or_nonmonotonic_voltage,False,True,1.982
Batch-6/Sim_satellite_battery-5,Batch-6,Sim_satellite_battery,585,1.0C charge and 0.5C discharge [test capacity],measured_RPT,1.849,True,ok,False,True,1.982
Batch-6/Sim_satellite_battery-5,Batch-6,Sim_satellite_battery,591,1.0C charge and 0.5C discharge [test capacity],measured_RPT,1.849,False,time_reset_or_nonmonotonic_voltage,False,True,1.982
Batch-6/Sim_satellite_battery-5,Batch-6,Sim_satellite_battery,596,1.0C charge and 0.5C discharge [test capacity],measured_RPT,1.848,False,time_reset_or_nonmonotonic_voltage,False,True,1.982
Batch-6/Sim_satellite_battery-5,Batch-6,Sim_satellite_battery,602,1.0C charge and 0.5C discharge [test capacity],measured_RPT,1.847,True,ok,False,True,1.982
Batch-6/Sim_satellite_battery-5,Batch-6,Sim_satellite_battery,607,1.0C charge and 0.5C discharge [test capacity],measured_RPT,1.845,False,time_reset_or_nonmonotonic_voltage,False,True,1.982
Batch-6/Sim_satellite_battery-5,Batch-6,Sim_satellite_battery,613,1.0C charge and 0.5C discharge [test capacity],measured_RPT,1.845,False,time_reset_or_nonmonotonic_voltage,False,True,1.982
Batch-6/Sim_satellite_battery-5,Batch-6,Sim_satellite_battery,619,1.0C charge and 0.5C discharge [test capacity],measured_RPT,1.842,False,time_reset_or_nonmonotonic_voltage,False,True,1.982
Batch-6/Sim_satellite_battery-5,Batch-6,Sim_satellite_battery,625,1.0C charge and 0.5C discharge [test capacity],measured_RPT,1.851,False,time_reset_or_nonmonotonic_voltage,False,True,1.982
Batch-6/Sim_satellite_battery-5,Batch-6,Sim_satellite_battery,631,1.0C charge and 0.5C discharge [test capacity],measured_RPT,1.843,False,time_reset_or_nonmonotonic_voltage,False,True,1.982
Batch-6/Sim_satellite_battery-5,Batch-6,Sim_satellite_battery,637,1.0C charge and 0.5C discharge [test capacity],measured_RPT,1.838,False,time_reset_or_nonmonotonic_voltage,False,True,1.982
Batch-6/Sim_satellite_battery-5,Batch-6,Sim_satellite_battery,643,1.0C charge and 0.5C discharge [test capacity],measured_RPT,1.837,True,ok,False,True,1.982
Batch-6/Sim_satellite_battery-5,Batch-6,Sim_satellite_battery,648,1.0C charge and 0.5C discharge [test capacity],measured_RPT,1.835,False,time_reset_or_nonmonotonic_voltage,False,True,1.982
Batch-6/Sim_satellite_battery-5,Batch-6,Sim_satellite_battery,654,1.0C charge and 0.5C discharge [test capacity],measured_RPT,1.836,True,ok,False,True,1.982
Batch-6/Sim_satellite_battery-5,Batch-6,Sim_satellite_battery,659,1.0C charge and 0.5C discharge [test capacity],measured_RPT,1.833,True,ok,False,True,1.982
Batch-6/Sim_satellite_battery-5,Batch-6,Sim_satellite_battery,665,1.0C charge and 0.5C discharge [test capacity],measured_RPT,1.834,False,time_reset_or_nonmonotonic_voltage,False,True,1.982
Batch-6/Sim_satellite_battery-5,Batch-6,Sim_satellite_battery,671,1.0C charge and 0.5C discharge [test capacity],measured_RPT,1.832,False,time_reset_or_nonmonotonic_voltage,False,True,1.982
Batch-6/Sim_satellite_battery-5,Batch-6,Sim_satellite_battery,677,1.0C charge and 0.5C discharge [test capacity],measured_RPT,1.84,False,time_reset_or_nonmonotonic_voltage,False,True,1.982
Batch-6/Sim_satellite_battery-5,Batch-6,Sim_satellite_battery,683,1.0C charge and 0.5C discharge [test capacity],measured_RPT,1.833,False,time_reset_or_nonmonotonic_voltage,False,True,1.982
Batch-6/Sim_satellite_battery-5,Batch-6,Sim_satellite_battery,689,1.0C charge and 0.5C discharge [test capacity],measured_RPT,1.828,False,time_reset_or_nonmonotonic_voltage,False,True,1.982
Batch-6/Sim_satellite_battery-5,Batch-6,Sim_satellite_battery,695,1.0C charge and 0.5C discharge [test capacity],measured_RPT,1.832,False,time_reset_or_nonmonotonic_voltage,False,True,1.982
Batch-6/Sim_satellite_battery-5,Batch-6,Sim_satellite_battery,700,1.0C charge and 0.5C discharge [test capacity],measured_RPT,1.831,False,time_reset_or_nonmonotonic_voltage,False,True,1.982
Batch-6/Sim_satellite_battery-5,Batch-6,Sim_satellite_battery,706,1.0C charge and 0.5C discharge [test capacity],measured_RPT,1.829,False,time_reset_or_nonmonotonic_voltage,False,True,1.982
Batch-6/Sim_satellite_battery-5,Batch-6,Sim_satellite_battery,711,1.0C charge and 0.5C discharge [test capacity],measured_RPT,1.829,False,time_reset_or_nonmonotonic_voltage,False,True,1.982
Batch-6/Sim_satellite_battery-5,Batch-6,Sim_satellite_battery,717,1.0C charge and 0.5C discharge [test capacity],measured_RPT,1.828,True,ok,False,True,1.982
Batch-6/Sim_satellite_battery-5,Batch-6,Sim_satellite_battery,723,1.0C charge and 0.5C discharge [test capacity],measured_RPT,1.83,False,time_reset_or_nonmonotonic_voltage,False,True,1.982
Batch-6/Sim_satellite_battery-5,Batch-6,Sim_satellite_battery,729,1.0C charge and 0.5C discharge [test capacity],measured_RPT,1.835,False,time_reset_or_nonmonotonic_voltage,False,True,1.982
Batch-6/Sim_satellite_battery-5,Batch-6,Sim_satellite_battery,735,1.0C charge and 0.5C discharge [test capacity],measured_RPT,1.826,False,time_reset_or_nonmonotonic_voltage,False,True,1.982
Batch-6/Sim_satellite_battery-5,Batch-6,Sim_satellite_battery,741,1.0C charge and 0.5C discharge [test capacity],measured_RPT,1.824,True,ok,False,True,1.982
Batch-6/Sim_satellite_battery-5,Batch-6,Sim_satellite_battery,747,1.0C charge and 0.5C discharge [test capacity],measured_RPT,1.822,False,time_reset_or_nonmonotonic_voltage,False,True,1.982
Batch-6/Sim_satellite_battery-5,Batch-6,Sim_satellite_battery,752,1.0C charge and 0.5C discharge [test capacity],measured_RPT,1.824,False,time_reset_or_nonmonotonic_voltage,False,True,1.982
Batch-6/Sim_satellite_battery-5,Batch-6,Sim_satellite_battery,758,1.0C charge and 0.5C discharge [test capacity],measured_RPT,1.822,False,time_reset_or_nonmonotonic_voltage,False,True,1.982
Batch-6/Sim_satellite_battery-5,Batch-6,Sim_satellite_battery,763,1.0C charge and 0.5C discharge [test capacity],measured_RPT,1.821,True,ok,False,True,1.982
Batch-6/Sim_satellite_battery-5,Batch-6,Sim_satellite_battery,769,1.0C charge and 0.5C discharge [test capacity],measured_RPT,1.814,False,time_reset_or_nonmonotonic_voltage,False,True,1.982
Batch-6/Sim_satellite_battery-5,Batch-6,Sim_satellite_battery,775,1.0C charge and 0.5C discharge [test capacity],measured_RPT,1.818,False,time_reset_or_nonmonotonic_voltage,False,True,1.982
Batch-6/Sim_satellite_battery-5,Batch-6,Sim_satellite_battery,781,1.0C charge and 0.5C discharge [test capacity],measured_RPT,1.825,False,time_reset_or_nonmonotonic_voltage,False,True,1.982
Batch-6/Sim_satellite_battery-5,Batch-6,Sim_satellite_battery,787,1.0C charge and 0.5C discharge [test capacity],measured_RPT,1.818,False,time_reset_or_nonmonotonic_voltage,False,True,1.982
Batch-6/Sim_satellite_battery-5,Batch-6,Sim_satellite_battery,793,1.0C charge and 0.5C discharge [test capacity],measured_RPT,1.814,False,time_reset_or_nonmonotonic_voltage,False,True,1.982
Batch-6/Sim_satellite_battery-5,Batch-6,Sim_satellite_battery,799,1.0C charge and 0.5C discharge [test capacity],measured_RPT,1.814,False,time_reset_or_nonmonotonic_voltage,False,True,1.982
Batch-6/Sim_satellite_battery-5,Batch-6,Sim_satellite_battery,804,1.0C charge and 0.5C discharge [test capacity],measured_RPT,1.813,False,time_reset_or_nonmonotonic_voltage,False,True,1.982
Batch-6/Sim_satellite_battery-5,Batch-6,Sim_satellite_battery,810,1.0C charge and 0.5C discharge [test capacity],measured_RPT,1.813,False,time_reset_or_nonmonotonic_voltage,False,True,1.982
Batch-6/Sim_satellite_battery-5,Batch-6,Sim_satellite_battery,815,1.0C charge and 0.5C discharge [test capacity],measured_RPT,1.813,False,time_reset_or_nonmonotonic_voltage,False,True,1.982
Batch-6/Sim_satellite_battery-5,Batch-6,Sim_satellite_battery,821,1.0C charge and 0.5C discharge [test capacity],measured_RPT,1.812,False,time_reset_or_nonmonotonic_voltage,False,True,1.982
Batch-6/Sim_satellite_battery-5,Batch-6,Sim_satellite_battery,827,1.0C charge and 0.5C discharge [test capacity],measured_RPT,1.811,False,time_reset_or_nonmonotonic_voltage,False,True,1.982
Batch-6/Sim_satellite_battery-5,Batch-6,Sim_satellite_battery,833,1.0C charge and 0.5C discharge [test capacity],measured_RPT,1.817,False,time_reset_or_nonmonotonic_voltage,False,True,1.982
Batch-6/Sim_satellite_battery-5,Batch-6,Sim_satellite_battery,839,1.0C charge and 0.5C discharge [test capacity],measured_RPT,1.812,False,time_reset_or_nonmonotonic_voltage,False,True,1.982
Batch-6/Sim_satellite_battery-5,Batch-6,Sim_satellite_battery,845,1.0C charge and 0.5C discharge [test capacity],measured_RPT,1.809,False,time_reset_or_nonmonotonic_voltage,False,True,1.982
Batch-6/Sim_satellite_battery-5,Batch-6,Sim_satellite_battery,851,1.0C charge and 0.5C discharge [test capacity],measured_RPT,1.805,False,time_reset_or_nonmonotonic_voltage,False,True,1.982
Batch-6/Sim_satellite_battery-5,Batch-6,Sim_satellite_battery,856,1.0C charge and 0.5C discharge [test capacity],measured_RPT,1.805,False,time_reset_or_nonmonotonic_voltage,False,True,1.982
Batch-6/Sim_satellite_battery-5,Batch-6,Sim_satellite_battery,862,1.0C charge and 0.5C discharge [test capacity],measured_RPT,1.804,False,time_reset_or_nonmonotonic_voltage,False,True,1.982
Batch-6/Sim_satellite_battery-5,Batch-6,Sim_satellite_battery,867,1.0C charge and 0.5C discharge [test capacity],measured_RPT,1.804,True,ok,False,True,1.982
Batch-6/Sim_satellite_battery-5,Batch-6,Sim_satellite_battery,873,1.0C charge and 0.5C discharge [test capacity],measured_RPT,1.804,False,time_reset_or_nonmonotonic_voltage,False,True,1.982
Batch-6/Sim_satellite_battery-5,Batch-6,Sim_satellite_battery,879,1.0C charge and 0.5C discharge [test capacity],measured_RPT,1.803,False,time_reset_or_nonmonotonic_voltage,False,True,1.982
Batch-6/Sim_satellite_battery-5,Batch-6,Sim_satellite_battery,885,1.0C charge and 0.5C discharge [test capacity],measured_RPT,1.81,False,time_reset_or_nonmonotonic_voltage,False,True,1.982
Batch-6/Sim_satellite_battery-5,Batch-6,Sim_satellite_battery,891,1.0C charge and 0.5C discharge [test capacity],measured_RPT,1.806,False,time_reset_or_nonmonotonic_voltage,False,True,1.982
Batch-6/Sim_satellite_battery-5,Batch-6,Sim_satellite_battery,897,1.0C charge and 0.5C discharge [test capacity],measured_RPT,1.807,True,ok,False,True,1.982
Batch-6/Sim_satellite_battery-5,Batch-6,Sim_satellite_battery,903,1.0C charge and 0.5C discharge [test capacity],measured_RPT,1.808,False,time_reset_or_nonmonotonic_voltage,False,True,1.982
Batch-6/Sim_satellite_battery-5,Batch-6,Sim_satellite_battery,908,1.0C charge and 0.5C discharge [test capacity],measured_RPT,1.809,False,time_reset_or_nonmonotonic_voltage,False,True,1.982
Batch-6/Sim_satellite_battery-5,Batch-6,Sim_satellite_battery,914,1.0C charge and 0.5C discharge [test capacity],measured_RPT,1.808,True,ok,False,True,1.982
Batch-6/Sim_satellite_battery-5,Batch-6,Sim_satellite_battery,919,1.0C charge and 0.5C discharge [test capacity],measured_RPT,1.809,False,time_reset_or_nonmonotonic_voltage,False,True,1.982
Batch-6/Sim_satellite_battery-5,Batch-6,Sim_satellite_battery,925,1.0C charge and 0.5C discharge [test capacity],measured_RPT,1.805,True,ok,False,True,1.982
Batch-6/Sim_satellite_battery-5,Batch-6,Sim_satellite_battery,931,1.0C charge and 0.5C discharge [test capacity],measured_RPT,1.802,False,time_reset_or_nonmonotonic_voltage,False,True,1.982
Batch-6/Sim_satellite_battery-5,Batch-6,Sim_satellite_battery,937,1.0C charge and 0.5C discharge [test capacity],measured_RPT,1.806,False,time_reset_or_nonmonotonic_voltage,False,True,1.982
Batch-6/Sim_satellite_battery-5,Batch-6,Sim_satellite_battery,943,1.0C charge and 0.5C discharge [test capacity],measured_RPT,1.797,False,time_reset_or_nonmonotonic_voltage,False,True,1.982
Batch-6/Sim_satellite_battery-5,Batch-6,Sim_satellite_battery,949,1.0C charge and 0.5C discharge [test capacity],measured_RPT,1.793,False,time_reset_or_nonmonotonic_voltage,False,True,1.982
Batch-6/Sim_satellite_battery-5,Batch-6,Sim_satellite_battery,955,1.0C charge and 0.5C discharge [test capacity],measured_RPT,1.792,True,ok,False,True,1.982
Batch-6/Sim_satellite_battery-5,Batch-6,Sim_satellite_battery,960,1.0C charge and 0.5C discharge [test capacity],measured_RPT,1.792,False,time_reset_or_nonmonotonic_voltage,False,True,1.982
Batch-6/Sim_satellite_battery-5,Batch-6,Sim_satellite_battery,966,1.0C charge and 0.5C discharge [test capacity],measured_RPT,1.797,False,time_reset_or_nonmonotonic_voltage,False,True,1.982
Batch-6/Sim_satellite_battery-5,Batch-6,Sim_satellite_battery,971,1.0C charge and 0.5C discharge [test capacity],measured_RPT,1.794,False,time_reset_or_nonmonotonic_voltage,False,True,1.982
Batch-6/Sim_satellite_battery-5,Batch-6,Sim_satellite_battery,977,1.0C charge and 0.5C discharge [test capacity],measured_RPT,1.792,False,time_reset_or_nonmonotonic_voltage,False,True,1.982
Batch-6/Sim_satellite_battery-5,Batch-6,Sim_satellite_battery,983,1.0C charge and 0.5C discharge [test capacity],measured_RPT,1.792,False,time_reset_or_nonmonotonic_voltage,False,True,1.982
Batch-6/Sim_satellite_battery-5,Batch-6,Sim_satellite_battery,989,1.0C charge and 0.5C discharge [test capacity],measured_RPT,1.798,False,time_reset_or_nonmonotonic_voltage,False,True,1.982
Batch-6/Sim_satellite_battery-5,Batch-6,Sim_satellite_battery,995,1.0C charge and 0.5C discharge [test capacity],measured_RPT,1.793,False,time_reset_or_nonmonotonic_voltage,False,True,1.982
Batch-6/Sim_satellite_battery-5,Batch-6,Sim_satellite_battery,1001,1.0C charge and 0.5C discharge [test capacity],measured_RPT,1.787,False,time_reset_or_nonmonotonic_voltage,False,True,1.982
Batch-6/Sim_satellite_battery-5,Batch-6,Sim_satellite_battery,1007,1.0C charge and 0.5C discharge [test capacity],measured_RPT,1.786,True,ok,False,True,1.982
Batch-6/Sim_satellite_battery-5,Batch-6,Sim_satellite_battery,1012,1.0C charge and 0.5C discharge [test capacity],measured_RPT,1.784,True,ok,False,True,1.982
Batch-6/Sim_satellite_battery-5,Batch-6,Sim_satellite_battery,1018,1.0C charge and 0.5C discharge [test capacity],measured_RPT,1.781,True,ok,False,True,1.982
Batch-6/Sim_satellite_battery-5,Batch-6,Sim_satellite_battery,1023,1.0C charge and 0.5C discharge [test capacity],measured_RPT,1.784,False,time_reset_or_nonmonotonic_voltage,False,True,1.982
Batch-6/Sim_satellite_battery-5,Batch-6,Sim_satellite_battery,1029,1.0C charge and 0.5C discharge [test capacity],measured_RPT,1.786,False,time_reset_or_nonmonotonic_voltage,False,True,1.982
Batch-6/Sim_satellite_battery-5,Batch-6,Sim_satellite_battery,1035,1.0C charge and 0.5C discharge [test capacity],measured_RPT,1.786,False,time_reset_or_nonmonotonic_voltage,False,True,1.982
Batch-6/Sim_satellite_battery-5,Batch-6,Sim_satellite_battery,1041,1.0C charge and 0.5C discharge [test capacity],measured_RPT,1.795,False,time_reset_or_nonmonotonic_voltage,False,True,1.982
Batch-6/Sim_satellite_battery-5,Batch-6,Sim_satellite_battery,1047,1.0C charge and 0.5C discharge [test capacity],measured_RPT,1.786,False,time_reset_or_nonmonotonic_voltage,False,True,1.982
Batch-6/Sim_satellite_battery-5,Batch-6,Sim_satellite_battery,1053,1.0C charge and 0.5C discharge [test capacity],measured_RPT,1.784,True,ok,False,True,1.982
Batch-6/Sim_satellite_battery-5,Batch-6,Sim_satellite_battery,1059,1.0C charge and 0.5C discharge [test capacity],measured_RPT,1.781,False,time_reset_or_nonmonotonic_voltage,False,True,1.982
Batch-6/Sim_satellite_battery-5,Batch-6,Sim_satellite_battery,1064,1.0C charge and 0.5C discharge [test capacity],measured_RPT,1.779,False,time_reset_or_nonmonotonic_voltage,False,True,1.982
Batch-6/Sim_satellite_battery-5,Batch-6,Sim_satellite_battery,1070,1.0C charge and 0.5C discharge [test capacity],measured_RPT,1.777,False,time_reset_or_nonmonotonic_voltage,False,True,1.982
Batch-6/Sim_satellite_battery-5,Batch-6,Sim_satellite_battery,1075,1.0C charge and 0.5C discharge [test capacity],measured_RPT,1.774,True,ok,False,True,1.982
Batch-6/Sim_satellite_battery-5,Batch-6,Sim_satellite_battery,1081,1.0C charge and 0.5C discharge [test capacity],measured_RPT,1.775,False,time_reset_or_nonmonotonic_voltage,False,True,1.982
Batch-6/Sim_satellite_battery-5,Batch-6,Sim_satellite_battery,1087,1.0C charge and 0.5C discharge [test capacity],measured_RPT,1.776,False,time_reset_or_nonmonotonic_voltage,False,True,1.982
Batch-6/Sim_satellite_battery-5,Batch-6,Sim_satellite_battery,1093,1.0C charge and 0.5C discharge [test capacity],measured_RPT,1.784,False,time_reset_or_nonmonotonic_voltage,False,True,1.982
Batch-6/Sim_satellite_battery-5,Batch-6,Sim_satellite_battery,1099,1.0C charge and 0.5C discharge [test capacity],measured_RPT,1.774,False,time_reset_or_nonmonotonic_voltage,False,True,1.982
Batch-6/Sim_satellite_battery-5,Batch-6,Sim_satellite_battery,1105,1.0C charge and 0.5C discharge [test capacity],measured_RPT,1.77,False,time_reset_or_nonmonotonic_voltage,False,True,1.982
Batch-6/Sim_satellite_battery-5,Batch-6,Sim_satellite_battery,1111,1.0C charge and 0.5C discharge [test capacity],measured_RPT,1.769,True,ok,False,True,1.982
Batch-6/Sim_satellite_battery-5,Batch-6,Sim_satellite_battery,1116,1.0C charge and 0.5C discharge [test capacity],measured_RPT,1.768,False,time_reset_or_nonmonotonic_voltage,False,True,1.982
Batch-6/Sim_satellite_battery-5,Batch-6,Sim_satellite_battery,1122,1.0C charge and 0.5C discharge [test capacity],measured_RPT,1.767,True,ok,False,True,1.982
Batch-6/Sim_satellite_battery-5,Batch-6,Sim_satellite_battery,1127,1.0C charge and 0.5C discharge [test capacity],measured_RPT,1.767,True,ok,False,True,1.982
Batch-6/Sim_satellite_battery-5,Batch-6,Sim_satellite_battery,1133,1.0C charge and 0.5C discharge [test capacity],measured_RPT,1.761,False,time_reset_or_nonmonotonic_voltage,False,True,1.982
Batch-6/Sim_satellite_battery-5,Batch-6,Sim_satellite_battery,1139,1.0C charge and 0.5C discharge [test capacity],measured_RPT,1.761,False,time_reset_or_nonmonotonic_voltage,False,True,1.982
Batch-6/Sim_satellite_battery-5,Batch-6,Sim_satellite_battery,1145,1.0C charge and 0.5C discharge [test capacity],measured_RPT,1.765,False,time_reset_or_nonmonotonic_voltage,False,True,1.982
Batch-6/Sim_satellite_battery-5,Batch-6,Sim_satellite_battery,1151,1.0C charge and 0.5C discharge [test capacity],measured_RPT,1.757,False,time_reset_or_nonmonotonic_voltage,False,True,1.982
Batch-6/Sim_satellite_battery-5,Batch-6,Sim_satellite_battery,1157,1.0C charge and 0.5C discharge [test capacity],measured_RPT,1.755,True,ok,False,True,1.982
Batch-6/Sim_satellite_battery-5,Batch-6,Sim_satellite_battery,1163,1.0C charge and 0.5C discharge [test capacity],measured_RPT,1.751,True,ok,False,True,1.982
Batch-6/Sim_satellite_battery-5,Batch-6,Sim_satellite_battery,1168,1.0C charge and 0.5C discharge [test capacity],measured_RPT,1.749,False,time_reset_or_nonmonotonic_voltage,False,True,1.982
Batch-6/Sim_satellite_battery-5,Batch-6,Sim_satellite_battery,1174,1.0C charge and 0.5C discharge [test capacity],measured_RPT,1.745,True,ok,False,True,1.982
Batch-6/Sim_satellite_battery-5,Batch-6,Sim_satellite_battery,1179,1.0C charge and 0.5C discharge [test capacity],measured_RPT,1.743,False,time_reset_or_nonmonotonic_voltage,False,True,1.982
Batch-6/Sim_satellite_battery-5,Batch-6,Sim_satellite_battery,1185,1.0C charge and 0.5C discharge [test capacity],measured_RPT,1.741,False,time_reset_or_nonmonotonic_voltage,False,True,1.982
Batch-6/Sim_satellite_battery-5,Batch-6,Sim_satellite_battery,1191,1.0C charge and 0.5C discharge [test capacity],measured_RPT,1.738,False,time_reset_or_nonmonotonic_voltage,False,True,1.982
Batch-6/Sim_satellite_battery-5,Batch-6,Sim_satellite_battery,1197,1.0C charge and 0.5C discharge [test capacity],measured_RPT,1.743,False,time_reset_or_nonmonotonic_voltage,False,True,1.982
Batch-6/Sim_satellite_battery-5,Batch-6,Sim_satellite_battery,1203,1.0C charge and 0.5C discharge [test capacity],measured_RPT,1.737,False,time_reset_or_nonmonotonic_voltage,False,True,1.982
Batch-6/Sim_satellite_battery-5,Batch-6,Sim_satellite_battery,1209,1.0C charge and 0.5C discharge [test capacity],measured_RPT,1.729,True,ok,False,True,1.982
Batch-6/Sim_satellite_battery-5,Batch-6,Sim_satellite_battery,1215,1.0C charge and 0.5C discharge [test capacity],measured_RPT,1.719,False,time_reset_or_nonmonotonic_voltage,False,True,1.982
Batch-6/Sim_satellite_battery-5,Batch-6,Sim_satellite_battery,1220,1.0C charge and 0.5C discharge [test capacity],measured_RPT,1.709,False,time_reset_or_nonmonotonic_voltage,False,True,1.982
Batch-6/Sim_satellite_battery-5,Batch-6,Sim_satellite_battery,1226,1.0C charge and 0.5C discharge [test capacity],measured_RPT,1.7,False,time_reset_or_nonmonotonic_voltage,False,True,1.982
Batch-6/Sim_satellite_battery-5,Batch-6,Sim_satellite_battery,1231,1.0C charge and 0.5C discharge [test capacity],measured_RPT,1.692,False,time_reset_or_nonmonotonic_voltage,False,True,1.982
Batch-6/Sim_satellite_battery-5,Batch-6,Sim_satellite_battery,1237,1.0C charge and 0.5C discharge [test capacity],measured_RPT,1.68,False,time_reset_or_nonmonotonic_voltage,False,True,1.982
Batch-6/Sim_satellite_battery-5,Batch-6,Sim_satellite_battery,1243,1.0C charge and 0.5C discharge [test capacity],measured_RPT,1.673,False,time_reset_or_nonmonotonic_voltage,False,True,1.982
Batch-6/Sim_satellite_battery-5,Batch-6,Sim_satellite_battery,1249,1.0C charge and 0.5C discharge [test capacity],measured_RPT,1.679,False,time_reset_or_nonmonotonic_voltage,False,True,1.982
Batch-6/Sim_satellite_battery-5,Batch-6,Sim_satellite_battery,1255,1.0C charge and 0.5C discharge [test capacity],measured_RPT,1.669,False,time_reset_or_nonmonotonic_voltage,False,True,1.982
Batch-6/Sim_satellite_battery-5,Batch-6,Sim_satellite_battery,1261,1.0C charge and 0.5C discharge [test capacity],measured_RPT,1.659,False,time_reset_or_nonmonotonic_voltage,False,True,1.982
Batch-6/Sim_satellite_battery-5,Batch-6,Sim_satellite_battery,1267,1.0C charge and 0.5C discharge [test capacity],measured_RPT,1.653,False,time_reset_or_nonmonotonic_voltage,False,True,1.982
Batch-6/Sim_satellite_battery-5,Batch-6,Sim_satellite_battery,1272,1.0C charge and 0.5C discharge [test capacity],measured_RPT,1.643,False,time_reset_or_nonmonotonic_voltage,False,True,1.982
Batch-6/Sim_satellite_battery-5,Batch-6,Sim_satellite_battery,1278,1.0C charge and 0.5C discharge [test capacity],measured_RPT,1.636,False,time_reset_or_nonmonotonic_voltage,False,True,1.982
Batch-6/Sim_satellite_battery-5,Batch-6,Sim_satellite_battery,1283,1.0C charge and 0.5C discharge [test capacity],measured_RPT,1.622,False,time_reset_or_nonmonotonic_voltage,False,True,1.982
Batch-6/Sim_satellite_battery-5,Batch-6,Sim_satellite_battery,1289,1.0C charge and 0.5C discharge [test capacity],measured_RPT,1.609,False,time_reset_or_nonmonotonic_voltage,False,True,1.982
Batch-6/Sim_satellite_battery-5,Batch-6,Sim_satellite_battery,1295,1.0C charge and 0.5C discharge [test capacity],measured_RPT,1.595,False,time_reset_or_nonmonotonic_voltage,False,True,1.982
Batch-6/Sim_satellite_battery-5,Batch-6,Sim_satellite_battery,1301,1.0C charge and 0.5C discharge [test capacity],measured_RPT,1.603,False,time_reset_or_nonmonotonic_voltage,False,True,1.982
Batch-6/Sim_satellite_battery-6,Batch-6,Sim_satellite_battery,1,0.5C charge and 0.2C discharge [test capacity],measured_RPT,2.035,False,time_reset_or_nonmonotonic_voltage,True,False,
Batch-6/Sim_satellite_battery-6,Batch-6,Sim_satellite_battery,7,1.0C charge and 0.5C discharge [test capacity],measured_RPT,1.942,True,ok,False,True,2.035
Batch-6/Sim_satellite_battery-6,Batch-6,Sim_satellite_battery,13,1.0C charge and 0.5C discharge [test capacity],measured_RPT,1.949,True,ok,False,True,2.035
Batch-6/Sim_satellite_battery-6,Batch-6,Sim_satellite_battery,19,1.0C charge and 0.5C discharge [test capacity],measured_RPT,1.962,True,ok,False,True,2.035
Batch-6/Sim_satellite_battery-6,Batch-6,Sim_satellite_battery,24,1.0C charge and 0.5C discharge [test capacity],measured_RPT,1.973,False,time_reset_or_nonmonotonic_voltage,False,True,2.035
Batch-6/Sim_satellite_battery-6,Batch-6,Sim_satellite_battery,30,1.0C charge and 0.5C discharge [test capacity],measured_RPT,1.982,False,time_reset_or_nonmonotonic_voltage,False,True,2.035
Batch-6/Sim_satellite_battery-6,Batch-6,Sim_satellite_battery,35,1.0C charge and 0.5C discharge [test capacity],measured_RPT,1.989,True,ok,False,True,2.035
Batch-6/Sim_satellite_battery-6,Batch-6,Sim_satellite_battery,41,1.0C charge and 0.5C discharge [test capacity],measured_RPT,1.997,False,time_reset_or_nonmonotonic_voltage,False,True,2.035
Batch-6/Sim_satellite_battery-6,Batch-6,Sim_satellite_battery,47,1.0C charge and 0.5C discharge [test capacity],measured_RPT,2.002,False,time_reset_or_nonmonotonic_voltage,False,True,2.035
Batch-6/Sim_satellite_battery-6,Batch-6,Sim_satellite_battery,53,1.0C charge and 0.5C discharge [test capacity],measured_RPT,2.011,False,time_reset_or_nonmonotonic_voltage,False,True,2.035
Batch-6/Sim_satellite_battery-6,Batch-6,Sim_satellite_battery,59,1.0C charge and 0.5C discharge [test capacity],measured_RPT,2.005,False,time_reset_or_nonmonotonic_voltage,False,True,2.035
Batch-6/Sim_satellite_battery-6,Batch-6,Sim_satellite_battery,65,1.0C charge and 0.5C discharge [test capacity],measured_RPT,2.006,False,time_reset_or_nonmonotonic_voltage,False,True,2.035
Batch-6/Sim_satellite_battery-6,Batch-6,Sim_satellite_battery,71,1.0C charge and 0.5C discharge [test capacity],measured_RPT,2.006,False,time_reset_or_nonmonotonic_voltage,False,True,2.035
Batch-6/Sim_satellite_battery-6,Batch-6,Sim_satellite_battery,76,1.0C charge and 0.5C discharge [test capacity],measured_RPT,2.008,False,time_reset_or_nonmonotonic_voltage,False,True,2.035
Batch-6/Sim_satellite_battery-6,Batch-6,Sim_satellite_battery,82,1.0C charge and 0.5C discharge [test capacity],measured_RPT,2.008,True,ok,False,True,2.035
Batch-6/Sim_satellite_battery-6,Batch-6,Sim_satellite_battery,87,1.0C charge and 0.5C discharge [test capacity],measured_RPT,2.009,True,ok,False,True,2.035
Batch-6/Sim_satellite_battery-6,Batch-6,Sim_satellite_battery,93,1.0C charge and 0.5C discharge [test capacity],measured_RPT,2.01,True,ok,False,True,2.035
Batch-6/Sim_satellite_battery-6,Batch-6,Sim_satellite_battery,99,1.0C charge and 0.5C discharge [test capacity],measured_RPT,2.01,False,time_reset_or_nonmonotonic_voltage,False,True,2.035
Batch-6/Sim_satellite_battery-6,Batch-6,Sim_satellite_battery,105,1.0C charge and 0.5C discharge [test capacity],measured_RPT,2.016,False,time_reset_or_nonmonotonic_voltage,False,True,2.035
Batch-6/Sim_satellite_battery-6,Batch-6,Sim_satellite_battery,111,1.0C charge and 0.5C discharge [test capacity],measured_RPT,2.013,True,ok,False,True,2.035
Batch-6/Sim_satellite_battery-6,Batch-6,Sim_satellite_battery,117,1.0C charge and 0.5C discharge [test capacity],measured_RPT,2.01,False,time_reset_or_nonmonotonic_voltage,False,True,2.035
Batch-6/Sim_satellite_battery-6,Batch-6,Sim_satellite_battery,123,1.0C charge and 0.5C discharge [test capacity],measured_RPT,2.013,True,ok,False,True,2.035
Batch-6/Sim_satellite_battery-6,Batch-6,Sim_satellite_battery,128,1.0C charge and 0.5C discharge [test capacity],measured_RPT,2.012,False,time_reset_or_nonmonotonic_voltage,False,True,2.035
Batch-6/Sim_satellite_battery-6,Batch-6,Sim_satellite_battery,134,1.0C charge and 0.5C discharge [test capacity],measured_RPT,2.013,True,ok,False,True,2.035
Batch-6/Sim_satellite_battery-6,Batch-6,Sim_satellite_battery,139,1.0C charge and 0.5C discharge [test capacity],measured_RPT,2.011,True,ok,False,True,2.035
Batch-6/Sim_satellite_battery-6,Batch-6,Sim_satellite_battery,145,1.0C charge and 0.5C discharge [test capacity],measured_RPT,2.015,False,time_reset_or_nonmonotonic_voltage,False,True,2.035
Batch-6/Sim_satellite_battery-6,Batch-6,Sim_satellite_battery,151,1.0C charge and 0.5C discharge [test capacity],measured_RPT,2.013,False,time_reset_or_nonmonotonic_voltage,False,True,2.035
Batch-6/Sim_satellite_battery-6,Batch-6,Sim_satellite_battery,157,1.0C charge and 0.5C discharge [test capacity],measured_RPT,2.024,False,time_reset_or_nonmonotonic_voltage,False,True,2.035
Batch-6/Sim_satellite_battery-6,Batch-6,Sim_satellite_battery,163,1.0C charge and 0.5C discharge [test capacity],measured_RPT,2.019,False,time_reset_or_nonmonotonic_voltage,False,True,2.035
Batch-6/Sim_satellite_battery-6,Batch-6,Sim_satellite_battery,169,1.0C charge and 0.5C discharge [test capacity],measured_RPT,2.016,False,time_reset_or_nonmonotonic_voltage,False,True,2.035
Batch-6/Sim_satellite_battery-6,Batch-6,Sim_satellite_battery,175,1.0C charge and 0.5C discharge [test capacity],measured_RPT,2.015,False,time_reset_or_nonmonotonic_voltage,False,True,2.035
Batch-6/Sim_satellite_battery-6,Batch-6,Sim_satellite_battery,180,1.0C charge and 0.5C discharge [test capacity],measured_RPT,2.012,True,ok,False,True,2.035
Batch-6/Sim_satellite_battery-6,Batch-6,Sim_satellite_battery,186,1.0C charge and 0.5C discharge [test capacity],measured_RPT,2.01,True,ok,False,True,2.035
Batch-6/Sim_satellite_battery-6,Batch-6,Sim_satellite_battery,191,1.0C charge and 0.5C discharge [test capacity],measured_RPT,2.009,False,time_reset_or_nonmonotonic_voltage,False,True,2.035
Batch-6/Sim_satellite_battery-6,Batch-6,Sim_satellite_battery,197,1.0C charge and 0.5C discharge [test capacity],measured_RPT,2.009,False,time_reset_or_nonmonotonic_voltage,False,True,2.035
Batch-6/Sim_satellite_battery-6,Batch-6,Sim_satellite_battery,203,1.0C charge and 0.5C discharge [test capacity],measured_RPT,2.007,False,time_reset_or_nonmonotonic_voltage,False,True,2.035
Batch-6/Sim_satellite_battery-6,Batch-6,Sim_satellite_battery,209,1.0C charge and 0.5C discharge [test capacity],measured_RPT,2.012,False,time_reset_or_nonmonotonic_voltage,False,True,2.035
Batch-6/Sim_satellite_battery-6,Batch-6,Sim_satellite_battery,215,1.0C charge and 0.5C discharge [test capacity],measured_RPT,2.003,False,time_reset_or_nonmonotonic_voltage,False,True,2.035
Batch-6/Sim_satellite_battery-6,Batch-6,Sim_satellite_battery,221,1.0C charge and 0.5C discharge [test capacity],measured_RPT,1.998,False,time_reset_or_nonmonotonic_voltage,False,True,2.035
Batch-6/Sim_satellite_battery-6,Batch-6,Sim_satellite_battery,227,1.0C charge and 0.5C discharge [test capacity],measured_RPT,1.99,True,ok,False,True,2.035
Batch-6/Sim_satellite_battery-6,Batch-6,Sim_satellite_battery,232,1.0C charge and 0.5C discharge [test capacity],measured_RPT,1.984,False,time_reset_or_nonmonotonic_voltage,False,True,2.035
Batch-6/Sim_satellite_battery-6,Batch-6,Sim_satellite_battery,238,1.0C charge and 0.5C discharge [test capacity],measured_RPT,1.977,False,time_reset_or_nonmonotonic_voltage,False,True,2.035
Batch-6/Sim_satellite_battery-6,Batch-6,Sim_satellite_battery,243,1.0C charge and 0.5C discharge [test capacity],measured_RPT,1.974,True,ok,False,True,2.035
Batch-6/Sim_satellite_battery-6,Batch-6,Sim_satellite_battery,249,1.0C charge and 0.5C discharge [test capacity],measured_RPT,1.972,False,time_reset_or_nonmonotonic_voltage,False,True,2.035
Batch-6/Sim_satellite_battery-6,Batch-6,Sim_satellite_battery,255,1.0C charge and 0.5C discharge [test capacity],measured_RPT,1.97,False,time_reset_or_nonmonotonic_voltage,False,True,2.035
Batch-6/Sim_satellite_battery-6,Batch-6,Sim_satellite_battery,261,1.0C charge and 0.5C discharge [test capacity],measured_RPT,1.977,False,time_reset_or_nonmonotonic_voltage,False,True,2.035
Batch-6/Sim_satellite_battery-6,Batch-6,Sim_satellite_battery,267,1.0C charge and 0.5C discharge [test capacity],measured_RPT,1.968,False,time_reset_or_nonmonotonic_voltage,False,True,2.035
Batch-6/Sim_satellite_battery-6,Batch-6,Sim_satellite_battery,273,1.0C charge and 0.5C discharge [test capacity],measured_RPT,1.966,False,time_reset_or_nonmonotonic_voltage,False,True,2.035
Batch-6/Sim_satellite_battery-6,Batch-6,Sim_satellite_battery,279,1.0C charge and 0.5C discharge [test capacity],measured_RPT,1.96,False,time_reset_or_nonmonotonic_voltage,False,True,2.035
Batch-6/Sim_satellite_battery-6,Batch-6,Sim_satellite_battery,284,1.0C charge and 0.5C discharge [test capacity],measured_RPT,1.963,True,ok,False,True,2.035
Batch-6/Sim_satellite_battery-6,Batch-6,Sim_satellite_battery,290,1.0C charge and 0.5C discharge [test capacity],measured_RPT,1.955,True,ok,False,True,2.035
Batch-6/Sim_satellite_battery-6,Batch-6,Sim_satellite_battery,295,1.0C charge and 0.5C discharge [test capacity],measured_RPT,1.959,True,ok,False,True,2.035
Batch-6/Sim_satellite_battery-6,Batch-6,Sim_satellite_battery,301,1.0C charge and 0.5C discharge [test capacity],measured_RPT,1.953,False,time_reset_or_nonmonotonic_voltage,False,True,2.035
Batch-6/Sim_satellite_battery-6,Batch-6,Sim_satellite_battery,307,1.0C charge and 0.5C discharge [test capacity],measured_RPT,1.956,False,time_reset_or_nonmonotonic_voltage,False,True,2.035
Batch-6/Sim_satellite_battery-6,Batch-6,Sim_satellite_battery,313,1.0C charge and 0.5C discharge [test capacity],measured_RPT,1.963,False,time_reset_or_nonmonotonic_voltage,False,True,2.035
Batch-6/Sim_satellite_battery-6,Batch-6,Sim_satellite_battery,319,1.0C charge and 0.5C discharge [test capacity],measured_RPT,1.959,False,time_reset_or_nonmonotonic_voltage,False,True,2.035
Batch-6/Sim_satellite_battery-6,Batch-6,Sim_satellite_battery,325,1.0C charge and 0.5C discharge [test capacity],measured_RPT,1.954,False,time_reset_or_nonmonotonic_voltage,False,True,2.035
Batch-6/Sim_satellite_battery-6,Batch-6,Sim_satellite_battery,331,1.0C charge and 0.5C discharge [test capacity],measured_RPT,1.951,True,ok,False,True,2.035
Batch-6/Sim_satellite_battery-6,Batch-6,Sim_satellite_battery,336,1.0C charge and 0.5C discharge [test capacity],measured_RPT,1.951,True,ok,False,True,2.035
Batch-6/Sim_satellite_battery-6,Batch-6,Sim_satellite_battery,342,1.0C charge and 0.5C discharge [test capacity],measured_RPT,1.95,False,time_reset_or_nonmonotonic_voltage,False,True,2.035
Batch-6/Sim_satellite_battery-6,Batch-6,Sim_satellite_battery,347,1.0C charge and 0.5C discharge [test capacity],measured_RPT,1.95,True,ok,False,True,2.035
Batch-6/Sim_satellite_battery-6,Batch-6,Sim_satellite_battery,353,1.0C charge and 0.5C discharge [test capacity],measured_RPT,1.951,True,ok,False,True,2.035
Batch-6/Sim_satellite_battery-6,Batch-6,Sim_satellite_battery,359,1.0C charge and 0.5C discharge [test capacity],measured_RPT,1.949,False,time_reset_or_nonmonotonic_voltage,False,True,2.035
Batch-6/Sim_satellite_battery-6,Batch-6,Sim_satellite_battery,365,1.0C charge and 0.5C discharge [test capacity],measured_RPT,1.958,False,time_reset_or_nonmonotonic_voltage,False,True,2.035
Batch-6/Sim_satellite_battery-6,Batch-6,Sim_satellite_battery,371,1.0C charge and 0.5C discharge [test capacity],measured_RPT,1.952,False,time_reset_or_nonmonotonic_voltage,False,True,2.035
Batch-6/Sim_satellite_battery-6,Batch-6,Sim_satellite_battery,377,1.0C charge and 0.5C discharge [test capacity],measured_RPT,1.948,False,time_reset_or_nonmonotonic_voltage,False,True,2.035
Batch-6/Sim_satellite_battery-6,Batch-6,Sim_satellite_battery,383,1.0C charge and 0.5C discharge [test capacity],measured_RPT,1.95,False,time_reset_or_nonmonotonic_voltage,False,True,2.035
Batch-6/Sim_satellite_battery-6,Batch-6,Sim_satellite_battery,388,1.0C charge and 0.5C discharge [test capacity],measured_RPT,1.946,True,ok,False,True,2.035
Batch-6/Sim_satellite_battery-6,Batch-6,Sim_satellite_battery,394,1.0C charge and 0.5C discharge [test capacity],measured_RPT,1.948,True,ok,False,True,2.035
Batch-6/Sim_satellite_battery-6,Batch-6,Sim_satellite_battery,399,1.0C charge and 0.5C discharge [test capacity],measured_RPT,1.943,False,time_reset_or_nonmonotonic_voltage,False,True,2.035
Batch-6/Sim_satellite_battery-6,Batch-6,Sim_satellite_battery,405,1.0C charge and 0.5C discharge [test capacity],measured_RPT,1.946,True,ok,False,True,2.035
Batch-6/Sim_satellite_battery-6,Batch-6,Sim_satellite_battery,411,1.0C charge and 0.5C discharge [test capacity],measured_RPT,1.943,False,time_reset_or_nonmonotonic_voltage,False,True,2.035
Batch-6/Sim_satellite_battery-6,Batch-6,Sim_satellite_battery,417,1.0C charge and 0.5C discharge [test capacity],measured_RPT,1.953,False,time_reset_or_nonmonotonic_voltage,False,True,2.035
Batch-6/Sim_satellite_battery-6,Batch-6,Sim_satellite_battery,423,1.0C charge and 0.5C discharge [test capacity],measured_RPT,1.944,False,time_reset_or_nonmonotonic_voltage,False,True,2.035
Batch-6/Sim_satellite_battery-6,Batch-6,Sim_satellite_battery,429,1.0C charge and 0.5C discharge [test capacity],measured_RPT,1.943,True,ok,False,True,2.035
Batch-6/Sim_satellite_battery-6,Batch-6,Sim_satellite_battery,435,1.0C charge and 0.5C discharge [test capacity],measured_RPT,1.941,False,time_reset_or_nonmonotonic_voltage,False,True,2.035
Batch-6/Sim_satellite_battery-6,Batch-6,Sim_satellite_battery,440,1.0C charge and 0.5C discharge [test capacity],measured_RPT,1.942,False,time_reset_or_nonmonotonic_voltage,False,True,2.035
Batch-6/Sim_satellite_battery-6,Batch-6,Sim_satellite_battery,446,1.0C charge and 0.5C discharge [test capacity],measured_RPT,1.94,False,time_reset_or_nonmonotonic_voltage,False,True,2.035
Batch-6/Sim_satellite_battery-6,Batch-6,Sim_satellite_battery,451,1.0C charge and 0.5C discharge [test capacity],measured_RPT,1.941,True,ok,False,True,2.035
Batch-6/Sim_satellite_battery-6,Batch-6,Sim_satellite_battery,457,1.0C charge and 0.5C discharge [test capacity],measured_RPT,1.94,False,time_reset_or_nonmonotonic_voltage,False,True,2.035
Batch-6/Sim_satellite_battery-6,Batch-6,Sim_satellite_battery,463,1.0C charge and 0.5C discharge [test capacity],measured_RPT,1.939,False,time_reset_or_nonmonotonic_voltage,False,True,2.035
Batch-6/Sim_satellite_battery-6,Batch-6,Sim_satellite_battery,469,1.0C charge and 0.5C discharge [test capacity],measured_RPT,1.946,False,time_reset_or_nonmonotonic_voltage,False,True,2.035
Batch-6/Sim_satellite_battery-6,Batch-6,Sim_satellite_battery,475,1.0C charge and 0.5C discharge [test capacity],measured_RPT,1.938,False,time_reset_or_nonmonotonic_voltage,False,True,2.035
Batch-6/Sim_satellite_battery-6,Batch-6,Sim_satellite_battery,481,1.0C charge and 0.5C discharge [test capacity],measured_RPT,1.939,True,ok,False,True,2.035
Batch-6/Sim_satellite_battery-6,Batch-6,Sim_satellite_battery,487,1.0C charge and 0.5C discharge [test capacity],measured_RPT,1.935,False,time_reset_or_nonmonotonic_voltage,False,True,2.035
Batch-6/Sim_satellite_battery-6,Batch-6,Sim_satellite_battery,492,1.0C charge and 0.5C discharge [test capacity],measured_RPT,1.935,True,ok,False,True,2.035
Batch-6/Sim_satellite_battery-6,Batch-6,Sim_satellite_battery,498,1.0C charge and 0.5C discharge [test capacity],measured_RPT,1.932,True,ok,False,True,2.035
Batch-6/Sim_satellite_battery-6,Batch-6,Sim_satellite_battery,503,1.0C charge and 0.5C discharge [test capacity],measured_RPT,1.932,True,ok,False,True,2.035
Batch-6/Sim_satellite_battery-6,Batch-6,Sim_satellite_battery,509,1.0C charge and 0.5C discharge [test capacity],measured_RPT,1.929,True,ok,False,True,2.035
Batch-6/Sim_satellite_battery-6,Batch-6,Sim_satellite_battery,515,1.0C charge and 0.5C discharge [test capacity],measured_RPT,1.928,True,ok,False,True,2.035
Batch-6/Sim_satellite_battery-6,Batch-6,Sim_satellite_battery,521,1.0C charge and 0.5C discharge [test capacity],measured_RPT,1.934,False,time_reset_or_nonmonotonic_voltage,False,True,2.035
Batch-6/Sim_satellite_battery-6,Batch-6,Sim_satellite_battery,527,1.0C charge and 0.5C discharge [test capacity],measured_RPT,1.928,False,time_reset_or_nonmonotonic_voltage,False,True,2.035
Batch-6/Sim_satellite_battery-6,Batch-6,Sim_satellite_battery,533,1.0C charge and 0.5C discharge [test capacity],measured_RPT,1.924,False,time_reset_or_nonmonotonic_voltage,False,True,2.035
Batch-6/Sim_satellite_battery-6,Batch-6,Sim_satellite_battery,539,1.0C charge and 0.5C discharge [test capacity],measured_RPT,1.923,False,time_reset_or_nonmonotonic_voltage,False,True,2.035
Batch-6/Sim_satellite_battery-6,Batch-6,Sim_satellite_battery,544,1.0C charge and 0.5C discharge [test capacity],measured_RPT,1.921,True,ok,False,True,2.035
Batch-6/Sim_satellite_battery-6,Batch-6,Sim_satellite_battery,550,1.0C charge and 0.5C discharge [test capacity],measured_RPT,1.923,False,time_reset_or_nonmonotonic_voltage,False,True,2.035
Batch-6/Sim_satellite_battery-6,Batch-6,Sim_satellite_battery,555,1.0C charge and 0.5C discharge [test capacity],measured_RPT,1.921,False,time_reset_or_nonmonotonic_voltage,False,True,2.035
Batch-6/Sim_satellite_battery-6,Batch-6,Sim_satellite_battery,561,1.0C charge and 0.5C discharge [test capacity],measured_RPT,1.923,False,time_reset_or_nonmonotonic_voltage,False,True,2.035
Batch-6/Sim_satellite_battery-6,Batch-6,Sim_satellite_battery,567,1.0C charge and 0.5C discharge [test capacity],measured_RPT,1.921,False,time_reset_or_nonmonotonic_voltage,False,True,2.035
Batch-6/Sim_satellite_battery-6,Batch-6,Sim_satellite_battery,573,1.0C charge and 0.5C discharge [test capacity],measured_RPT,1.928,False,time_reset_or_nonmonotonic_voltage,False,True,2.035
Batch-6/Sim_satellite_battery-6,Batch-6,Sim_satellite_battery,579,1.0C charge and 0.5C discharge [test capacity],measured_RPT,1.921,False,time_reset_or_nonmonotonic_voltage,False,True,2.035
Batch-6/Sim_satellite_battery-6,Batch-6,Sim_satellite_battery,585,1.0C charge and 0.5C discharge [test capacity],measured_RPT,1.918,False,time_reset_or_nonmonotonic_voltage,False,True,2.035
Batch-6/Sim_satellite_battery-6,Batch-6,Sim_satellite_battery,591,1.0C charge and 0.5C discharge [test capacity],measured_RPT,1.917,True,ok,False,True,2.035
Batch-6/Sim_satellite_battery-6,Batch-6,Sim_satellite_battery,596,1.0C charge and 0.5C discharge [test capacity],measured_RPT,1.914,False,time_reset_or_nonmonotonic_voltage,False,True,2.035
Batch-6/Sim_satellite_battery-6,Batch-6,Sim_satellite_battery,602,1.0C charge and 0.5C discharge [test capacity],measured_RPT,1.914,False,time_reset_or_nonmonotonic_voltage,False,True,2.035
Batch-6/Sim_satellite_battery-6,Batch-6,Sim_satellite_battery,607,1.0C charge and 0.5C discharge [test capacity],measured_RPT,1.911,False,time_reset_or_nonmonotonic_voltage,False,True,2.035
Batch-6/Sim_satellite_battery-6,Batch-6,Sim_satellite_battery,613,1.0C charge and 0.5C discharge [test capacity],measured_RPT,1.912,False,time_reset_or_nonmonotonic_voltage,False,True,2.035
Batch-6/Sim_satellite_battery-6,Batch-6,Sim_satellite_battery,619,1.0C charge and 0.5C discharge [test capacity],measured_RPT,1.91,False,time_reset_or_nonmonotonic_voltage,False,True,2.035
Batch-6/Sim_satellite_battery-6,Batch-6,Sim_satellite_battery,625,1.0C charge and 0.5C discharge [test capacity],measured_RPT,1.919,False,time_reset_or_nonmonotonic_voltage,False,True,2.035
Batch-6/Sim_satellite_battery-6,Batch-6,Sim_satellite_battery,631,1.0C charge and 0.5C discharge [test capacity],measured_RPT,1.91,False,time_reset_or_nonmonotonic_voltage,False,True,2.035
Batch-6/Sim_satellite_battery-6,Batch-6,Sim_satellite_battery,637,1.0C charge and 0.5C discharge [test capacity],measured_RPT,1.908,False,time_reset_or_nonmonotonic_voltage,False,True,2.035
Batch-6/Sim_satellite_battery-6,Batch-6,Sim_satellite_battery,643,1.0C charge and 0.5C discharge [test capacity],measured_RPT,1.906,True,ok,False,True,2.035
Batch-6/Sim_satellite_battery-6,Batch-6,Sim_satellite_battery,648,1.0C charge and 0.5C discharge [test capacity],measured_RPT,1.904,True,ok,False,True,2.035
Batch-6/Sim_satellite_battery-6,Batch-6,Sim_satellite_battery,654,1.0C charge and 0.5C discharge [test capacity],measured_RPT,1.904,True,ok,False,True,2.035
Batch-6/Sim_satellite_battery-6,Batch-6,Sim_satellite_battery,659,1.0C charge and 0.5C discharge [test capacity],measured_RPT,1.904,False,time_reset_or_nonmonotonic_voltage,False,True,2.035
Batch-6/Sim_satellite_battery-6,Batch-6,Sim_satellite_battery,665,1.0C charge and 0.5C discharge [test capacity],measured_RPT,1.904,False,time_reset_or_nonmonotonic_voltage,False,True,2.035
Batch-6/Sim_satellite_battery-6,Batch-6,Sim_satellite_battery,671,1.0C charge and 0.5C discharge [test capacity],measured_RPT,1.903,False,time_reset_or_nonmonotonic_voltage,False,True,2.035
Batch-6/Sim_satellite_battery-6,Batch-6,Sim_satellite_battery,677,1.0C charge and 0.5C discharge [test capacity],measured_RPT,1.913,False,time_reset_or_nonmonotonic_voltage,False,True,2.035
Batch-6/Sim_satellite_battery-6,Batch-6,Sim_satellite_battery,683,1.0C charge and 0.5C discharge [test capacity],measured_RPT,1.906,False,time_reset_or_nonmonotonic_voltage,False,True,2.035
Batch-6/Sim_satellite_battery-6,Batch-6,Sim_satellite_battery,689,1.0C charge and 0.5C discharge [test capacity],measured_RPT,1.899,False,time_reset_or_nonmonotonic_voltage,False,True,2.035
Batch-6/Sim_satellite_battery-6,Batch-6,Sim_satellite_battery,695,1.0C charge and 0.5C discharge [test capacity],measured_RPT,1.9,False,time_reset_or_nonmonotonic_voltage,False,True,2.035
Batch-6/Sim_satellite_battery-6,Batch-6,Sim_satellite_battery,700,1.0C charge and 0.5C discharge [test capacity],measured_RPT,1.901,False,time_reset_or_nonmonotonic_voltage,False,True,2.035
Batch-6/Sim_satellite_battery-6,Batch-6,Sim_satellite_battery,706,1.0C charge and 0.5C discharge [test capacity],measured_RPT,1.901,True,ok,False,True,2.035
Batch-6/Sim_satellite_battery-6,Batch-6,Sim_satellite_battery,711,1.0C charge and 0.5C discharge [test capacity],measured_RPT,1.9,False,time_reset_or_nonmonotonic_voltage,False,True,2.035
Batch-6/Sim_satellite_battery-6,Batch-6,Sim_satellite_battery,717,1.0C charge and 0.5C discharge [test capacity],measured_RPT,1.898,False,time_reset_or_nonmonotonic_voltage,False,True,2.035
Batch-6/Sim_satellite_battery-6,Batch-6,Sim_satellite_battery,723,1.0C charge and 0.5C discharge [test capacity],measured_RPT,1.897,False,time_reset_or_nonmonotonic_voltage,False,True,2.035
Batch-6/Sim_satellite_battery-6,Batch-6,Sim_satellite_battery,729,1.0C charge and 0.5C discharge [test capacity],measured_RPT,1.902,False,time_reset_or_nonmonotonic_voltage,False,True,2.035
Batch-6/Sim_satellite_battery-6,Batch-6,Sim_satellite_battery,735,1.0C charge and 0.5C discharge [test capacity],measured_RPT,1.898,False,time_reset_or_nonmonotonic_voltage,False,True,2.035
Batch-6/Sim_satellite_battery-6,Batch-6,Sim_satellite_battery,741,1.0C charge and 0.5C discharge [test capacity],measured_RPT,1.895,False,time_reset_or_nonmonotonic_voltage,False,True,2.035
Batch-6/Sim_satellite_battery-6,Batch-6,Sim_satellite_battery,747,1.0C charge and 0.5C discharge [test capacity],measured_RPT,1.893,False,time_reset_or_nonmonotonic_voltage,False,True,2.035
Batch-6/Sim_satellite_battery-6,Batch-6,Sim_satellite_battery,752,1.0C charge and 0.5C discharge [test capacity],measured_RPT,1.886,False,time_reset_or_nonmonotonic_voltage,False,True,2.035
Batch-6/Sim_satellite_battery-6,Batch-6,Sim_satellite_battery,758,1.0C charge and 0.5C discharge [test capacity],measured_RPT,1.89,False,time_reset_or_nonmonotonic_voltage,False,True,2.035
Batch-6/Sim_satellite_battery-6,Batch-6,Sim_satellite_battery,763,1.0C charge and 0.5C discharge [test capacity],measured_RPT,1.889,False,time_reset_or_nonmonotonic_voltage,False,True,2.035
Batch-6/Sim_satellite_battery-6,Batch-6,Sim_satellite_battery,769,1.0C charge and 0.5C discharge [test capacity],measured_RPT,1.888,False,time_reset_or_nonmonotonic_voltage,False,True,2.035
Batch-6/Sim_satellite_battery-6,Batch-6,Sim_satellite_battery,775,1.0C charge and 0.5C discharge [test capacity],measured_RPT,1.884,False,time_reset_or_nonmonotonic_voltage,False,True,2.035
Batch-6/Sim_satellite_battery-6,Batch-6,Sim_satellite_battery,781,1.0C charge and 0.5C discharge [test capacity],measured_RPT,1.894,False,time_reset_or_nonmonotonic_voltage,False,True,2.035
Batch-6/Sim_satellite_battery-6,Batch-6,Sim_satellite_battery,787,1.0C charge and 0.5C discharge [test capacity],measured_RPT,1.885,False,time_reset_or_nonmonotonic_voltage,False,True,2.035
Batch-6/Sim_satellite_battery-6,Batch-6,Sim_satellite_battery,793,1.0C charge and 0.5C discharge [test capacity],measured_RPT,1.883,True,ok,False,True,2.035
Batch-6/Sim_satellite_battery-6,Batch-6,Sim_satellite_battery,799,1.0C charge and 0.5C discharge [test capacity],measured_RPT,1.881,True,ok,False,True,2.035
Batch-6/Sim_satellite_battery-6,Batch-6,Sim_satellite_battery,804,1.0C charge and 0.5C discharge [test capacity],measured_RPT,1.881,False,time_reset_or_nonmonotonic_voltage,False,True,2.035
Batch-6/Sim_satellite_battery-6,Batch-6,Sim_satellite_battery,810,1.0C charge and 0.5C discharge [test capacity],measured_RPT,1.878,False,time_reset_or_nonmonotonic_voltage,False,True,2.035
Batch-6/Sim_satellite_battery-6,Batch-6,Sim_satellite_battery,815,1.0C charge and 0.5C discharge [test capacity],measured_RPT,1.879,True,ok,False,True,2.035
Batch-6/Sim_satellite_battery-6,Batch-6,Sim_satellite_battery,821,1.0C charge and 0.5C discharge [test capacity],measured_RPT,1.875,False,time_reset_or_nonmonotonic_voltage,False,True,2.035
Batch-6/Sim_satellite_battery-6,Batch-6,Sim_satellite_battery,827,1.0C charge and 0.5C discharge [test capacity],measured_RPT,1.87,False,time_reset_or_nonmonotonic_voltage,False,True,2.035
Batch-6/Sim_satellite_battery-6,Batch-6,Sim_satellite_battery,833,1.0C charge and 0.5C discharge [test capacity],measured_RPT,1.878,False,time_reset_or_nonmonotonic_voltage,False,True,2.035
Batch-6/Sim_satellite_battery-6,Batch-6,Sim_satellite_battery,839,1.0C charge and 0.5C discharge [test capacity],measured_RPT,1.868,False,time_reset_or_nonmonotonic_voltage,False,True,2.035
Batch-6/Sim_satellite_battery-6,Batch-6,Sim_satellite_battery,845,1.0C charge and 0.5C discharge [test capacity],measured_RPT,1.865,False,time_reset_or_nonmonotonic_voltage,False,True,2.035
Batch-6/Sim_satellite_battery-6,Batch-6,Sim_satellite_battery,851,1.0C charge and 0.5C discharge [test capacity],measured_RPT,1.861,False,time_reset_or_nonmonotonic_voltage,False,True,2.035
Batch-6/Sim_satellite_battery-6,Batch-6,Sim_satellite_battery,856,1.0C charge and 0.5C discharge [test capacity],measured_RPT,1.86,True,ok,False,True,2.035
Batch-6/Sim_satellite_battery-6,Batch-6,Sim_satellite_battery,862,1.0C charge and 0.5C discharge [test capacity],measured_RPT,1.854,True,ok,False,True,2.035
Batch-6/Sim_satellite_battery-6,Batch-6,Sim_satellite_battery,867,1.0C charge and 0.5C discharge [test capacity],measured_RPT,1.856,False,time_reset_or_nonmonotonic_voltage,False,True,2.035
Batch-6/Sim_satellite_battery-6,Batch-6,Sim_satellite_battery,873,1.0C charge and 0.5C discharge [test capacity],measured_RPT,1.853,False,time_reset_or_nonmonotonic_voltage,False,True,2.035
Batch-6/Sim_satellite_battery-6,Batch-6,Sim_satellite_battery,879,1.0C charge and 0.5C discharge [test capacity],measured_RPT,1.85,False,time_reset_or_nonmonotonic_voltage,False,True,2.035
Batch-6/Sim_satellite_battery-6,Batch-6,Sim_satellite_battery,885,1.0C charge and 0.5C discharge [test capacity],measured_RPT,1.855,False,time_reset_or_nonmonotonic_voltage,False,True,2.035
Batch-6/Sim_satellite_battery-6,Batch-6,Sim_satellite_battery,891,1.0C charge and 0.5C discharge [test capacity],measured_RPT,1.845,False,time_reset_or_nonmonotonic_voltage,False,True,2.035
Batch-6/Sim_satellite_battery-6,Batch-6,Sim_satellite_battery,897,1.0C charge and 0.5C discharge [test capacity],measured_RPT,1.839,True,ok,False,True,2.035
Batch-6/Sim_satellite_battery-6,Batch-6,Sim_satellite_battery,903,1.0C charge and 0.5C discharge [test capacity],measured_RPT,1.826,False,time_reset_or_nonmonotonic_voltage,False,True,2.035
Batch-6/Sim_satellite_battery-6,Batch-6,Sim_satellite_battery,908,1.0C charge and 0.5C discharge [test capacity],measured_RPT,1.817,False,time_reset_or_nonmonotonic_voltage,False,True,2.035
Batch-6/Sim_satellite_battery-6,Batch-6,Sim_satellite_battery,914,1.0C charge and 0.5C discharge [test capacity],measured_RPT,1.805,False,time_reset_or_nonmonotonic_voltage,False,True,2.035
Batch-6/Sim_satellite_battery-6,Batch-6,Sim_satellite_battery,919,1.0C charge and 0.5C discharge [test capacity],measured_RPT,1.794,True,ok,False,True,2.035
Batch-6/Sim_satellite_battery-6,Batch-6,Sim_satellite_battery,925,1.0C charge and 0.5C discharge [test capacity],measured_RPT,1.786,True,ok,False,True,2.035
Batch-6/Sim_satellite_battery-6,Batch-6,Sim_satellite_battery,931,1.0C charge and 0.5C discharge [test capacity],measured_RPT,1.778,False,time_reset_or_nonmonotonic_voltage,False,True,2.035
Batch-6/Sim_satellite_battery-6,Batch-6,Sim_satellite_battery,937,1.0C charge and 0.5C discharge [test capacity],measured_RPT,1.784,False,time_reset_or_nonmonotonic_voltage,False,True,2.035
Batch-6/Sim_satellite_battery-6,Batch-6,Sim_satellite_battery,943,1.0C charge and 0.5C discharge [test capacity],measured_RPT,1.772,False,time_reset_or_nonmonotonic_voltage,False,True,2.035
Batch-6/Sim_satellite_battery-6,Batch-6,Sim_satellite_battery,949,1.0C charge and 0.5C discharge [test capacity],measured_RPT,1.761,False,time_reset_or_nonmonotonic_voltage,False,True,2.035
Batch-6/Sim_satellite_battery-6,Batch-6,Sim_satellite_battery,955,1.0C charge and 0.5C discharge [test capacity],measured_RPT,1.751,False,time_reset_or_nonmonotonic_voltage,False,True,2.035
Batch-6/Sim_satellite_battery-6,Batch-6,Sim_satellite_battery,960,1.0C charge and 0.5C discharge [test capacity],measured_RPT,1.742,False,time_reset_or_nonmonotonic_voltage,False,True,2.035
Batch-6/Sim_satellite_battery-6,Batch-6,Sim_satellite_battery,966,1.0C charge and 0.5C discharge [test capacity],measured_RPT,1.735,False,time_reset_or_nonmonotonic_voltage,False,True,2.035
Batch-6/Sim_satellite_battery-6,Batch-6,Sim_satellite_battery,971,1.0C charge and 0.5C discharge [test capacity],measured_RPT,1.724,False,time_reset_or_nonmonotonic_voltage,False,True,2.035
Batch-6/Sim_satellite_battery-6,Batch-6,Sim_satellite_battery,977,1.0C charge and 0.5C discharge [test capacity],measured_RPT,1.713,False,time_reset_or_nonmonotonic_voltage,False,True,2.035
Batch-6/Sim_satellite_battery-6,Batch-6,Sim_satellite_battery,983,1.0C charge and 0.5C discharge [test capacity],measured_RPT,1.705,False,time_reset_or_nonmonotonic_voltage,False,True,2.035
Batch-6/Sim_satellite_battery-6,Batch-6,Sim_satellite_battery,989,1.0C charge and 0.5C discharge [test capacity],measured_RPT,1.706,False,time_reset_or_nonmonotonic_voltage,False,True,2.035
Batch-6/Sim_satellite_battery-6,Batch-6,Sim_satellite_battery,995,1.0C charge and 0.5C discharge [test capacity],measured_RPT,1.698,False,time_reset_or_nonmonotonic_voltage,False,True,2.035
Batch-6/Sim_satellite_battery-6,Batch-6,Sim_satellite_battery,1001,1.0C charge and 0.5C discharge [test capacity],measured_RPT,1.691,True,ok,False,True,2.035
Batch-6/Sim_satellite_battery-6,Batch-6,Sim_satellite_battery,1007,1.0C charge and 0.5C discharge [test capacity],measured_RPT,1.688,True,ok,False,True,2.035
Batch-6/Sim_satellite_battery-6,Batch-6,Sim_satellite_battery,1012,1.0C charge and 0.5C discharge [test capacity],measured_RPT,1.684,False,time_reset_or_nonmonotonic_voltage,False,True,2.035
Batch-6/Sim_satellite_battery-6,Batch-6,Sim_satellite_battery,1018,1.0C charge and 0.5C discharge [test capacity],measured_RPT,1.676,False,time_reset_or_nonmonotonic_voltage,False,True,2.035
Batch-6/Sim_satellite_battery-6,Batch-6,Sim_satellite_battery,1023,1.0C charge and 0.5C discharge [test capacity],measured_RPT,1.671,False,time_reset_or_nonmonotonic_voltage,False,True,2.035
Batch-6/Sim_satellite_battery-6,Batch-6,Sim_satellite_battery,1029,1.0C charge and 0.5C discharge [test capacity],measured_RPT,1.661,False,time_reset_or_nonmonotonic_voltage,False,True,2.035
Batch-6/Sim_satellite_battery-6,Batch-6,Sim_satellite_battery,1035,1.0C charge and 0.5C discharge [test capacity],measured_RPT,1.646,False,time_reset_or_nonmonotonic_voltage,False,True,2.035
Batch-6/Sim_satellite_battery-6,Batch-6,Sim_satellite_battery,1041,1.0C charge and 0.5C discharge [test capacity],measured_RPT,1.651,False,time_reset_or_nonmonotonic_voltage,False,True,2.035
Batch-6/Sim_satellite_battery-6,Batch-6,Sim_satellite_battery,1047,1.0C charge and 0.5C discharge [test capacity],measured_RPT,1.637,False,time_reset_or_nonmonotonic_voltage,False,True,2.035
Batch-6/Sim_satellite_battery-6,Batch-6,Sim_satellite_battery,1053,1.0C charge and 0.5C discharge [test capacity],measured_RPT,1.628,False,time_reset_or_nonmonotonic_voltage,False,True,2.035
Batch-6/Sim_satellite_battery-6,Batch-6,Sim_satellite_battery,1059,1.0C charge and 0.5C discharge [test capacity],measured_RPT,1.618,False,time_reset_or_nonmonotonic_voltage,False,True,2.035
Batch-6/Sim_satellite_battery-6,Batch-6,Sim_satellite_battery,1064,1.0C charge and 0.5C discharge [test capacity],measured_RPT,1.615,False,time_reset_or_nonmonotonic_voltage,False,True,2.035
Batch-6/Sim_satellite_battery-6,Batch-6,Sim_satellite_battery,1070,1.0C charge and 0.5C discharge [test capacity],measured_RPT,1.603,False,time_reset_or_nonmonotonic_voltage,False,True,2.035
Batch-6/Sim_satellite_battery-6,Batch-6,Sim_satellite_battery,1075,1.0C charge and 0.5C discharge [test capacity],measured_RPT,1.595,False,time_reset_or_nonmonotonic_voltage,False,True,2.035
Batch-6/Sim_satellite_battery-7,Batch-6,Sim_satellite_battery,1,0.5C charge and 0.2C discharge [test capacity],measured_RPT,1.984,False,time_reset_or_nonmonotonic_voltage,True,False,
Batch-6/Sim_satellite_battery-7,Batch-6,Sim_satellite_battery,7,1.0C charge and 0.5C discharge [test capacity],measured_RPT,1.917,False,time_reset_or_nonmonotonic_voltage,False,True,1.984
Batch-6/Sim_satellite_battery-7,Batch-6,Sim_satellite_battery,13,1.0C charge and 0.5C discharge [test capacity],measured_RPT,1.924,False,time_reset_or_nonmonotonic_voltage,False,True,1.984
Batch-6/Sim_satellite_battery-7,Batch-6,Sim_satellite_battery,19,1.0C charge and 0.5C discharge [test capacity],measured_RPT,1.938,False,time_reset_or_nonmonotonic_voltage,False,True,1.984
Batch-6/Sim_satellite_battery-7,Batch-6,Sim_satellite_battery,24,1.0C charge and 0.5C discharge [test capacity],measured_RPT,1.948,False,time_reset_or_nonmonotonic_voltage,False,True,1.984
Batch-6/Sim_satellite_battery-7,Batch-6,Sim_satellite_battery,30,1.0C charge and 0.5C discharge [test capacity],measured_RPT,1.956,False,time_reset_or_nonmonotonic_voltage,False,True,1.984
Batch-6/Sim_satellite_battery-7,Batch-6,Sim_satellite_battery,35,1.0C charge and 0.5C discharge [test capacity],measured_RPT,1.963,False,time_reset_or_nonmonotonic_voltage,False,True,1.984
Batch-6/Sim_satellite_battery-7,Batch-6,Sim_satellite_battery,41,1.0C charge and 0.5C discharge [test capacity],measured_RPT,1.971,False,time_reset_or_nonmonotonic_voltage,False,True,1.984
Batch-6/Sim_satellite_battery-7,Batch-6,Sim_satellite_battery,47,1.0C charge and 0.5C discharge [test capacity],measured_RPT,1.976,False,time_reset_or_nonmonotonic_voltage,False,True,1.984
Batch-6/Sim_satellite_battery-7,Batch-6,Sim_satellite_battery,53,1.0C charge and 0.5C discharge [test capacity],measured_RPT,1.982,False,time_reset_or_nonmonotonic_voltage,False,True,1.984
Batch-6/Sim_satellite_battery-7,Batch-6,Sim_satellite_battery,59,1.0C charge and 0.5C discharge [test capacity],measured_RPT,1.976,False,time_reset_or_nonmonotonic_voltage,False,True,1.984
Batch-6/Sim_satellite_battery-7,Batch-6,Sim_satellite_battery,65,1.0C charge and 0.5C discharge [test capacity],measured_RPT,1.977,False,time_reset_or_nonmonotonic_voltage,False,True,1.984
Batch-6/Sim_satellite_battery-7,Batch-6,Sim_satellite_battery,71,1.0C charge and 0.5C discharge [test capacity],measured_RPT,1.974,False,time_reset_or_nonmonotonic_voltage,False,True,1.984
Batch-6/Sim_satellite_battery-7,Batch-6,Sim_satellite_battery,76,1.0C charge and 0.5C discharge [test capacity],measured_RPT,1.978,False,time_reset_or_nonmonotonic_voltage,False,True,1.984
Batch-6/Sim_satellite_battery-7,Batch-6,Sim_satellite_battery,82,1.0C charge and 0.5C discharge [test capacity],measured_RPT,1.977,False,time_reset_or_nonmonotonic_voltage,False,True,1.984
Batch-6/Sim_satellite_battery-7,Batch-6,Sim_satellite_battery,87,1.0C charge and 0.5C discharge [test capacity],measured_RPT,1.979,False,time_reset_or_nonmonotonic_voltage,False,True,1.984
Batch-6/Sim_satellite_battery-7,Batch-6,Sim_satellite_battery,93,1.0C charge and 0.5C discharge [test capacity],measured_RPT,1.977,False,time_reset_or_nonmonotonic_voltage,False,True,1.984
Batch-6/Sim_satellite_battery-7,Batch-6,Sim_satellite_battery,99,1.0C charge and 0.5C discharge [test capacity],measured_RPT,1.978,False,time_reset_or_nonmonotonic_voltage,False,True,1.984
Batch-6/Sim_satellite_battery-7,Batch-6,Sim_satellite_battery,105,1.0C charge and 0.5C discharge [test capacity],measured_RPT,1.983,False,time_reset_or_nonmonotonic_voltage,False,True,1.984
Batch-6/Sim_satellite_battery-7,Batch-6,Sim_satellite_battery,111,1.0C charge and 0.5C discharge [test capacity],measured_RPT,1.98,False,time_reset_or_nonmonotonic_voltage,False,True,1.984
Batch-6/Sim_satellite_battery-7,Batch-6,Sim_satellite_battery,117,1.0C charge and 0.5C discharge [test capacity],measured_RPT,1.977,False,time_reset_or_nonmonotonic_voltage,False,True,1.984
Batch-6/Sim_satellite_battery-7,Batch-6,Sim_satellite_battery,123,1.0C charge and 0.5C discharge [test capacity],measured_RPT,1.977,False,time_reset_or_nonmonotonic_voltage,False,True,1.984
Batch-6/Sim_satellite_battery-7,Batch-6,Sim_satellite_battery,128,1.0C charge and 0.5C discharge [test capacity],measured_RPT,1.978,False,time_reset_or_nonmonotonic_voltage,False,True,1.984
Batch-6/Sim_satellite_battery-7,Batch-6,Sim_satellite_battery,134,1.0C charge and 0.5C discharge [test capacity],measured_RPT,1.977,False,time_reset_or_nonmonotonic_voltage,False,True,1.984
Batch-6/Sim_satellite_battery-7,Batch-6,Sim_satellite_battery,139,1.0C charge and 0.5C discharge [test capacity],measured_RPT,1.976,False,time_reset_or_nonmonotonic_voltage,False,True,1.984
Batch-6/Sim_satellite_battery-7,Batch-6,Sim_satellite_battery,145,1.0C charge and 0.5C discharge [test capacity],measured_RPT,1.978,False,time_reset_or_nonmonotonic_voltage,False,True,1.984
Batch-6/Sim_satellite_battery-7,Batch-6,Sim_satellite_battery,151,1.0C charge and 0.5C discharge [test capacity],measured_RPT,1.977,False,time_reset_or_nonmonotonic_voltage,False,True,1.984
Batch-6/Sim_satellite_battery-7,Batch-6,Sim_satellite_battery,157,1.0C charge and 0.5C discharge [test capacity],measured_RPT,1.984,False,time_reset_or_nonmonotonic_voltage,False,True,1.984
Batch-6/Sim_satellite_battery-7,Batch-6,Sim_satellite_battery,163,1.0C charge and 0.5C discharge [test capacity],measured_RPT,1.981,False,time_reset_or_nonmonotonic_voltage,False,True,1.984
Batch-6/Sim_satellite_battery-7,Batch-6,Sim_satellite_battery,169,1.0C charge and 0.5C discharge [test capacity],measured_RPT,1.979,False,time_reset_or_nonmonotonic_voltage,False,True,1.984
Batch-6/Sim_satellite_battery-7,Batch-6,Sim_satellite_battery,175,1.0C charge and 0.5C discharge [test capacity],measured_RPT,1.977,False,time_reset_or_nonmonotonic_voltage,False,True,1.984
Batch-6/Sim_satellite_battery-7,Batch-6,Sim_satellite_battery,180,1.0C charge and 0.5C discharge [test capacity],measured_RPT,1.974,False,time_reset_or_nonmonotonic_voltage,False,True,1.984
Batch-6/Sim_satellite_battery-7,Batch-6,Sim_satellite_battery,186,1.0C charge and 0.5C discharge [test capacity],measured_RPT,1.972,False,time_reset_or_nonmonotonic_voltage,False,True,1.984
Batch-6/Sim_satellite_battery-7,Batch-6,Sim_satellite_battery,191,1.0C charge and 0.5C discharge [test capacity],measured_RPT,1.97,False,time_reset_or_nonmonotonic_voltage,False,True,1.984
Batch-6/Sim_satellite_battery-7,Batch-6,Sim_satellite_battery,197,1.0C charge and 0.5C discharge [test capacity],measured_RPT,1.969,False,time_reset_or_nonmonotonic_voltage,False,True,1.984
Batch-6/Sim_satellite_battery-7,Batch-6,Sim_satellite_battery,203,1.0C charge and 0.5C discharge [test capacity],measured_RPT,1.968,False,time_reset_or_nonmonotonic_voltage,False,True,1.984
Batch-6/Sim_satellite_battery-7,Batch-6,Sim_satellite_battery,209,1.0C charge and 0.5C discharge [test capacity],measured_RPT,1.973,False,time_reset_or_nonmonotonic_voltage,False,True,1.984
Batch-6/Sim_satellite_battery-7,Batch-6,Sim_satellite_battery,215,1.0C charge and 0.5C discharge [test capacity],measured_RPT,1.965,False,time_reset_or_nonmonotonic_voltage,False,True,1.984
Batch-6/Sim_satellite_battery-7,Batch-6,Sim_satellite_battery,221,1.0C charge and 0.5C discharge [test capacity],measured_RPT,1.96,False,time_reset_or_nonmonotonic_voltage,False,True,1.984
Batch-6/Sim_satellite_battery-7,Batch-6,Sim_satellite_battery,227,1.0C charge and 0.5C discharge [test capacity],measured_RPT,1.953,False,time_reset_or_nonmonotonic_voltage,False,True,1.984
Batch-6/Sim_satellite_battery-7,Batch-6,Sim_satellite_battery,232,1.0C charge and 0.5C discharge [test capacity],measured_RPT,1.948,False,time_reset_or_nonmonotonic_voltage,False,True,1.984
Batch-6/Sim_satellite_battery-7,Batch-6,Sim_satellite_battery,238,1.0C charge and 0.5C discharge [test capacity],measured_RPT,1.941,False,time_reset_or_nonmonotonic_voltage,False,True,1.984
Batch-6/Sim_satellite_battery-7,Batch-6,Sim_satellite_battery,243,1.0C charge and 0.5C discharge [test capacity],measured_RPT,1.937,False,time_reset_or_nonmonotonic_voltage,False,True,1.984
Batch-6/Sim_satellite_battery-7,Batch-6,Sim_satellite_battery,249,1.0C charge and 0.5C discharge [test capacity],measured_RPT,1.934,False,time_reset_or_nonmonotonic_voltage,False,True,1.984
Batch-6/Sim_satellite_battery-7,Batch-6,Sim_satellite_battery,255,1.0C charge and 0.5C discharge [test capacity],measured_RPT,1.931,False,time_reset_or_nonmonotonic_voltage,False,True,1.984
Batch-6/Sim_satellite_battery-7,Batch-6,Sim_satellite_battery,261,1.0C charge and 0.5C discharge [test capacity],measured_RPT,1.938,False,time_reset_or_nonmonotonic_voltage,False,True,1.984
Batch-6/Sim_satellite_battery-7,Batch-6,Sim_satellite_battery,267,1.0C charge and 0.5C discharge [test capacity],measured_RPT,1.93,False,time_reset_or_nonmonotonic_voltage,False,True,1.984
Batch-6/Sim_satellite_battery-7,Batch-6,Sim_satellite_battery,273,1.0C charge and 0.5C discharge [test capacity],measured_RPT,1.926,False,time_reset_or_nonmonotonic_voltage,False,True,1.984
Batch-6/Sim_satellite_battery-7,Batch-6,Sim_satellite_battery,279,1.0C charge and 0.5C discharge [test capacity],measured_RPT,1.922,False,time_reset_or_nonmonotonic_voltage,False,True,1.984
Batch-6/Sim_satellite_battery-7,Batch-6,Sim_satellite_battery,284,1.0C charge and 0.5C discharge [test capacity],measured_RPT,1.92,False,time_reset_or_nonmonotonic_voltage,False,True,1.984
Batch-6/Sim_satellite_battery-7,Batch-6,Sim_satellite_battery,290,1.0C charge and 0.5C discharge [test capacity],measured_RPT,1.914,False,time_reset_or_nonmonotonic_voltage,False,True,1.984
Batch-6/Sim_satellite_battery-7,Batch-6,Sim_satellite_battery,295,1.0C charge and 0.5C discharge [test capacity],measured_RPT,1.915,False,time_reset_or_nonmonotonic_voltage,False,True,1.984
Batch-6/Sim_satellite_battery-7,Batch-6,Sim_satellite_battery,301,1.0C charge and 0.5C discharge [test capacity],measured_RPT,1.91,False,time_reset_or_nonmonotonic_voltage,False,True,1.984
Batch-6/Sim_satellite_battery-7,Batch-6,Sim_satellite_battery,307,1.0C charge and 0.5C discharge [test capacity],measured_RPT,1.912,False,time_reset_or_nonmonotonic_voltage,False,True,1.984
Batch-6/Sim_satellite_battery-7,Batch-6,Sim_satellite_battery,313,1.0C charge and 0.5C discharge [test capacity],measured_RPT,1.919,False,time_reset_or_nonmonotonic_voltage,False,True,1.984
Batch-6/Sim_satellite_battery-7,Batch-6,Sim_satellite_battery,319,1.0C charge and 0.5C discharge [test capacity],measured_RPT,1.911,False,time_reset_or_nonmonotonic_voltage,False,True,1.984
Batch-6/Sim_satellite_battery-7,Batch-6,Sim_satellite_battery,325,1.0C charge and 0.5C discharge [test capacity],measured_RPT,1.909,False,time_reset_or_nonmonotonic_voltage,False,True,1.984
Batch-6/Sim_satellite_battery-7,Batch-6,Sim_satellite_battery,331,1.0C charge and 0.5C discharge [test capacity],measured_RPT,1.904,False,time_reset_or_nonmonotonic_voltage,False,True,1.984
Batch-6/Sim_satellite_battery-7,Batch-6,Sim_satellite_battery,336,1.0C charge and 0.5C discharge [test capacity],measured_RPT,1.904,False,time_reset_or_nonmonotonic_voltage,False,True,1.984
Batch-6/Sim_satellite_battery-7,Batch-6,Sim_satellite_battery,342,1.0C charge and 0.5C discharge [test capacity],measured_RPT,1.901,False,time_reset_or_nonmonotonic_voltage,False,True,1.984
Batch-6/Sim_satellite_battery-7,Batch-6,Sim_satellite_battery,347,1.0C charge and 0.5C discharge [test capacity],measured_RPT,1.902,False,time_reset_or_nonmonotonic_voltage,False,True,1.984
Batch-6/Sim_satellite_battery-7,Batch-6,Sim_satellite_battery,353,1.0C charge and 0.5C discharge [test capacity],measured_RPT,1.9,False,time_reset_or_nonmonotonic_voltage,False,True,1.984
Batch-6/Sim_satellite_battery-7,Batch-6,Sim_satellite_battery,359,1.0C charge and 0.5C discharge [test capacity],measured_RPT,1.901,False,time_reset_or_nonmonotonic_voltage,False,True,1.984
Batch-6/Sim_satellite_battery-7,Batch-6,Sim_satellite_battery,365,1.0C charge and 0.5C discharge [test capacity],measured_RPT,1.907,False,time_reset_or_nonmonotonic_voltage,False,True,1.984
Batch-6/Sim_satellite_battery-7,Batch-6,Sim_satellite_battery,371,1.0C charge and 0.5C discharge [test capacity],measured_RPT,1.903,False,time_reset_or_nonmonotonic_voltage,False,True,1.984
Batch-6/Sim_satellite_battery-7,Batch-6,Sim_satellite_battery,377,1.0C charge and 0.5C discharge [test capacity],measured_RPT,1.9,False,time_reset_or_nonmonotonic_voltage,False,True,1.984
Batch-6/Sim_satellite_battery-7,Batch-6,Sim_satellite_battery,383,1.0C charge and 0.5C discharge [test capacity],measured_RPT,1.899,False,time_reset_or_nonmonotonic_voltage,False,True,1.984
Batch-6/Sim_satellite_battery-7,Batch-6,Sim_satellite_battery,388,1.0C charge and 0.5C discharge [test capacity],measured_RPT,1.898,False,time_reset_or_nonmonotonic_voltage,False,True,1.984
Batch-6/Sim_satellite_battery-7,Batch-6,Sim_satellite_battery,394,1.0C charge and 0.5C discharge [test capacity],measured_RPT,1.897,False,time_reset_or_nonmonotonic_voltage,False,True,1.984
Batch-6/Sim_satellite_battery-7,Batch-6,Sim_satellite_battery,399,1.0C charge and 0.5C discharge [test capacity],measured_RPT,1.895,False,time_reset_or_nonmonotonic_voltage,False,True,1.984
Batch-6/Sim_satellite_battery-7,Batch-6,Sim_satellite_battery,405,1.0C charge and 0.5C discharge [test capacity],measured_RPT,1.895,False,time_reset_or_nonmonotonic_voltage,False,True,1.984
Batch-6/Sim_satellite_battery-7,Batch-6,Sim_satellite_battery,411,1.0C charge and 0.5C discharge [test capacity],measured_RPT,1.894,False,time_reset_or_nonmonotonic_voltage,False,True,1.984
Batch-6/Sim_satellite_battery-7,Batch-6,Sim_satellite_battery,417,1.0C charge and 0.5C discharge [test capacity],measured_RPT,1.9,False,time_reset_or_nonmonotonic_voltage,False,True,1.984
Batch-6/Sim_satellite_battery-7,Batch-6,Sim_satellite_battery,423,1.0C charge and 0.5C discharge [test capacity],measured_RPT,1.895,False,time_reset_or_nonmonotonic_voltage,False,True,1.984
Batch-6/Sim_satellite_battery-7,Batch-6,Sim_satellite_battery,429,1.0C charge and 0.5C discharge [test capacity],measured_RPT,1.89,False,time_reset_or_nonmonotonic_voltage,False,True,1.984
Batch-6/Sim_satellite_battery-7,Batch-6,Sim_satellite_battery,435,1.0C charge and 0.5C discharge [test capacity],measured_RPT,1.891,False,time_reset_or_nonmonotonic_voltage,False,True,1.984
Batch-6/Sim_satellite_battery-7,Batch-6,Sim_satellite_battery,440,1.0C charge and 0.5C discharge [test capacity],measured_RPT,1.888,False,time_reset_or_nonmonotonic_voltage,False,True,1.984
Batch-6/Sim_satellite_battery-7,Batch-6,Sim_satellite_battery,446,1.0C charge and 0.5C discharge [test capacity],measured_RPT,1.889,False,time_reset_or_nonmonotonic_voltage,False,True,1.984
Batch-6/Sim_satellite_battery-7,Batch-6,Sim_satellite_battery,451,1.0C charge and 0.5C discharge [test capacity],measured_RPT,1.887,False,time_reset_or_nonmonotonic_voltage,False,True,1.984
Batch-6/Sim_satellite_battery-7,Batch-6,Sim_satellite_battery,457,1.0C charge and 0.5C discharge [test capacity],measured_RPT,1.887,False,time_reset_or_nonmonotonic_voltage,False,True,1.984
Batch-6/Sim_satellite_battery-7,Batch-6,Sim_satellite_battery,463,1.0C charge and 0.5C discharge [test capacity],measured_RPT,1.886,False,time_reset_or_nonmonotonic_voltage,False,True,1.984
Batch-6/Sim_satellite_battery-7,Batch-6,Sim_satellite_battery,469,1.0C charge and 0.5C discharge [test capacity],measured_RPT,1.893,False,time_reset_or_nonmonotonic_voltage,False,True,1.984
Batch-6/Sim_satellite_battery-7,Batch-6,Sim_satellite_battery,475,1.0C charge and 0.5C discharge [test capacity],measured_RPT,1.887,False,time_reset_or_nonmonotonic_voltage,False,True,1.984
Batch-6/Sim_satellite_battery-7,Batch-6,Sim_satellite_battery,481,1.0C charge and 0.5C discharge [test capacity],measured_RPT,1.884,False,time_reset_or_nonmonotonic_voltage,False,True,1.984
Batch-6/Sim_satellite_battery-7,Batch-6,Sim_satellite_battery,487,1.0C charge and 0.5C discharge [test capacity],measured_RPT,1.883,False,time_reset_or_nonmonotonic_voltage,False,True,1.984
Batch-6/Sim_satellite_battery-7,Batch-6,Sim_satellite_battery,492,1.0C charge and 0.5C discharge [test capacity],measured_RPT,1.881,False,time_reset_or_nonmonotonic_voltage,False,True,1.984
Batch-6/Sim_satellite_battery-7,Batch-6,Sim_satellite_battery,498,1.0C charge and 0.5C discharge [test capacity],measured_RPT,1.88,False,time_reset_or_nonmonotonic_voltage,False,True,1.984
Batch-6/Sim_satellite_battery-7,Batch-6,Sim_satellite_battery,503,1.0C charge and 0.5C discharge [test capacity],measured_RPT,1.878,False,time_reset_or_nonmonotonic_voltage,False,True,1.984
Batch-6/Sim_satellite_battery-7,Batch-6,Sim_satellite_battery,509,1.0C charge and 0.5C discharge [test capacity],measured_RPT,1.876,False,time_reset_or_nonmonotonic_voltage,False,True,1.984
Batch-6/Sim_satellite_battery-7,Batch-6,Sim_satellite_battery,515,1.0C charge and 0.5C discharge [test capacity],measured_RPT,1.875,False,time_reset_or_nonmonotonic_voltage,False,True,1.984
Batch-6/Sim_satellite_battery-7,Batch-6,Sim_satellite_battery,521,1.0C charge and 0.5C discharge [test capacity],measured_RPT,1.881,False,time_reset_or_nonmonotonic_voltage,False,True,1.984
Batch-6/Sim_satellite_battery-7,Batch-6,Sim_satellite_battery,527,1.0C charge and 0.5C discharge [test capacity],measured_RPT,1.873,False,time_reset_or_nonmonotonic_voltage,False,True,1.984
Batch-6/Sim_satellite_battery-7,Batch-6,Sim_satellite_battery,533,1.0C charge and 0.5C discharge [test capacity],measured_RPT,1.872,False,time_reset_or_nonmonotonic_voltage,False,True,1.984
Batch-6/Sim_satellite_battery-7,Batch-6,Sim_satellite_battery,539,1.0C charge and 0.5C discharge [test capacity],measured_RPT,1.868,False,time_reset_or_nonmonotonic_voltage,False,True,1.984
Batch-6/Sim_satellite_battery-7,Batch-6,Sim_satellite_battery,544,1.0C charge and 0.5C discharge [test capacity],measured_RPT,1.868,False,time_reset_or_nonmonotonic_voltage,False,True,1.984
Batch-6/Sim_satellite_battery-7,Batch-6,Sim_satellite_battery,550,1.0C charge and 0.5C discharge [test capacity],measured_RPT,1.865,False,time_reset_or_nonmonotonic_voltage,False,True,1.984
Batch-6/Sim_satellite_battery-7,Batch-6,Sim_satellite_battery,555,1.0C charge and 0.5C discharge [test capacity],measured_RPT,1.868,False,time_reset_or_nonmonotonic_voltage,False,True,1.984
Batch-6/Sim_satellite_battery-7,Batch-6,Sim_satellite_battery,561,1.0C charge and 0.5C discharge [test capacity],measured_RPT,1.864,False,time_reset_or_nonmonotonic_voltage,False,True,1.984
Batch-6/Sim_satellite_battery-7,Batch-6,Sim_satellite_battery,567,1.0C charge and 0.5C discharge [test capacity],measured_RPT,1.866,False,time_reset_or_nonmonotonic_voltage,False,True,1.984
Batch-6/Sim_satellite_battery-7,Batch-6,Sim_satellite_battery,573,1.0C charge and 0.5C discharge [test capacity],measured_RPT,1.871,False,time_reset_or_nonmonotonic_voltage,False,True,1.984
Batch-6/Sim_satellite_battery-7,Batch-6,Sim_satellite_battery,579,1.0C charge and 0.5C discharge [test capacity],measured_RPT,1.864,False,time_reset_or_nonmonotonic_voltage,False,True,1.984
Batch-6/Sim_satellite_battery-7,Batch-6,Sim_satellite_battery,585,1.0C charge and 0.5C discharge [test capacity],measured_RPT,1.862,False,time_reset_or_nonmonotonic_voltage,False,True,1.984
Batch-6/Sim_satellite_battery-7,Batch-6,Sim_satellite_battery,591,1.0C charge and 0.5C discharge [test capacity],measured_RPT,1.859,False,time_reset_or_nonmonotonic_voltage,False,True,1.984
Batch-6/Sim_satellite_battery-7,Batch-6,Sim_satellite_battery,596,1.0C charge and 0.5C discharge [test capacity],measured_RPT,1.859,False,time_reset_or_nonmonotonic_voltage,False,True,1.984
Batch-6/Sim_satellite_battery-7,Batch-6,Sim_satellite_battery,602,1.0C charge and 0.5C discharge [test capacity],measured_RPT,1.857,False,time_reset_or_nonmonotonic_voltage,False,True,1.984
Batch-6/Sim_satellite_battery-7,Batch-6,Sim_satellite_battery,607,1.0C charge and 0.5C discharge [test capacity],measured_RPT,1.856,False,time_reset_or_nonmonotonic_voltage,False,True,1.984
Batch-6/Sim_satellite_battery-7,Batch-6,Sim_satellite_battery,613,1.0C charge and 0.5C discharge [test capacity],measured_RPT,1.854,False,time_reset_or_nonmonotonic_voltage,False,True,1.984
Batch-6/Sim_satellite_battery-7,Batch-6,Sim_satellite_battery,619,1.0C charge and 0.5C discharge [test capacity],measured_RPT,1.854,False,time_reset_or_nonmonotonic_voltage,False,True,1.984
Batch-6/Sim_satellite_battery-7,Batch-6,Sim_satellite_battery,625,1.0C charge and 0.5C discharge [test capacity],measured_RPT,1.859,False,time_reset_or_nonmonotonic_voltage,False,True,1.984
Batch-6/Sim_satellite_battery-7,Batch-6,Sim_satellite_battery,631,1.0C charge and 0.5C discharge [test capacity],measured_RPT,1.854,False,time_reset_or_nonmonotonic_voltage,False,True,1.984
Batch-6/Sim_satellite_battery-7,Batch-6,Sim_satellite_battery,637,1.0C charge and 0.5C discharge [test capacity],measured_RPT,1.85,False,time_reset_or_nonmonotonic_voltage,False,True,1.984
Batch-6/Sim_satellite_battery-7,Batch-6,Sim_satellite_battery,643,1.0C charge and 0.5C discharge [test capacity],measured_RPT,1.848,False,time_reset_or_nonmonotonic_voltage,False,True,1.984
Batch-6/Sim_satellite_battery-7,Batch-6,Sim_satellite_battery,648,1.0C charge and 0.5C discharge [test capacity],measured_RPT,1.847,False,time_reset_or_nonmonotonic_voltage,False,True,1.984
Batch-6/Sim_satellite_battery-7,Batch-6,Sim_satellite_battery,654,1.0C charge and 0.5C discharge [test capacity],measured_RPT,1.845,False,time_reset_or_nonmonotonic_voltage,False,True,1.984
Batch-6/Sim_satellite_battery-7,Batch-6,Sim_satellite_battery,659,1.0C charge and 0.5C discharge [test capacity],measured_RPT,1.844,False,time_reset_or_nonmonotonic_voltage,False,True,1.984
Batch-6/Sim_satellite_battery-7,Batch-6,Sim_satellite_battery,665,1.0C charge and 0.5C discharge [test capacity],measured_RPT,1.843,False,time_reset_or_nonmonotonic_voltage,False,True,1.984
Batch-6/Sim_satellite_battery-7,Batch-6,Sim_satellite_battery,671,1.0C charge and 0.5C discharge [test capacity],measured_RPT,1.843,False,time_reset_or_nonmonotonic_voltage,False,True,1.984
Batch-6/Sim_satellite_battery-7,Batch-6,Sim_satellite_battery,677,1.0C charge and 0.5C discharge [test capacity],measured_RPT,1.848,False,time_reset_or_nonmonotonic_voltage,False,True,1.984
Batch-6/Sim_satellite_battery-7,Batch-6,Sim_satellite_battery,683,1.0C charge and 0.5C discharge [test capacity],measured_RPT,1.844,False,time_reset_or_nonmonotonic_voltage,False,True,1.984
Batch-6/Sim_satellite_battery-7,Batch-6,Sim_satellite_battery,689,1.0C charge and 0.5C discharge [test capacity],measured_RPT,1.843,False,time_reset_or_nonmonotonic_voltage,False,True,1.984
Batch-6/Sim_satellite_battery-7,Batch-6,Sim_satellite_battery,695,1.0C charge and 0.5C discharge [test capacity],measured_RPT,1.839,False,time_reset_or_nonmonotonic_voltage,False,True,1.984
Batch-6/Sim_satellite_battery-7,Batch-6,Sim_satellite_battery,700,1.0C charge and 0.5C discharge [test capacity],measured_RPT,1.838,False,time_reset_or_nonmonotonic_voltage,False,True,1.984
Batch-6/Sim_satellite_battery-7,Batch-6,Sim_satellite_battery,706,1.0C charge and 0.5C discharge [test capacity],measured_RPT,1.84,False,time_reset_or_nonmonotonic_voltage,False,True,1.984
Batch-6/Sim_satellite_battery-7,Batch-6,Sim_satellite_battery,711,1.0C charge and 0.5C discharge [test capacity],measured_RPT,1.838,False,time_reset_or_nonmonotonic_voltage,False,True,1.984
Batch-6/Sim_satellite_battery-7,Batch-6,Sim_satellite_battery,717,1.0C charge and 0.5C discharge [test capacity],measured_RPT,1.838,False,time_reset_or_nonmonotonic_voltage,False,True,1.984
Batch-6/Sim_satellite_battery-7,Batch-6,Sim_satellite_battery,723,1.0C charge and 0.5C discharge [test capacity],measured_RPT,1.835,False,time_reset_or_nonmonotonic_voltage,False,True,1.984
Batch-6/Sim_satellite_battery-7,Batch-6,Sim_satellite_battery,729,1.0C charge and 0.5C discharge [test capacity],measured_RPT,1.843,False,time_reset_or_nonmonotonic_voltage,False,True,1.984
Batch-6/Sim_satellite_battery-7,Batch-6,Sim_satellite_battery,735,1.0C charge and 0.5C discharge [test capacity],measured_RPT,1.835,False,time_reset_or_nonmonotonic_voltage,False,True,1.984
Batch-6/Sim_satellite_battery-7,Batch-6,Sim_satellite_battery,741,1.0C charge and 0.5C discharge [test capacity],measured_RPT,1.833,False,time_reset_or_nonmonotonic_voltage,False,True,1.984
Batch-6/Sim_satellite_battery-7,Batch-6,Sim_satellite_battery,747,1.0C charge and 0.5C discharge [test capacity],measured_RPT,1.832,False,time_reset_or_nonmonotonic_voltage,False,True,1.984
Batch-6/Sim_satellite_battery-7,Batch-6,Sim_satellite_battery,752,1.0C charge and 0.5C discharge [test capacity],measured_RPT,1.831,False,time_reset_or_nonmonotonic_voltage,False,True,1.984
Batch-6/Sim_satellite_battery-7,Batch-6,Sim_satellite_battery,758,1.0C charge and 0.5C discharge [test capacity],measured_RPT,1.823,False,time_reset_or_nonmonotonic_voltage,False,True,1.984
Batch-6/Sim_satellite_battery-7,Batch-6,Sim_satellite_battery,763,1.0C charge and 0.5C discharge [test capacity],measured_RPT,1.826,False,time_reset_or_nonmonotonic_voltage,False,True,1.984
Batch-6/Sim_satellite_battery-7,Batch-6,Sim_satellite_battery,769,1.0C charge and 0.5C discharge [test capacity],measured_RPT,1.824,False,time_reset_or_nonmonotonic_voltage,False,True,1.984
Batch-6/Sim_satellite_battery-7,Batch-6,Sim_satellite_battery,775,1.0C charge and 0.5C discharge [test capacity],measured_RPT,1.824,False,time_reset_or_nonmonotonic_voltage,False,True,1.984
Batch-6/Sim_satellite_battery-7,Batch-6,Sim_satellite_battery,781,1.0C charge and 0.5C discharge [test capacity],measured_RPT,1.829,False,time_reset_or_nonmonotonic_voltage,False,True,1.984
Batch-6/Sim_satellite_battery-7,Batch-6,Sim_satellite_battery,787,1.0C charge and 0.5C discharge [test capacity],measured_RPT,1.821,False,time_reset_or_nonmonotonic_voltage,False,True,1.984
Batch-6/Sim_satellite_battery-7,Batch-6,Sim_satellite_battery,793,1.0C charge and 0.5C discharge [test capacity],measured_RPT,1.819,False,time_reset_or_nonmonotonic_voltage,False,True,1.984
Batch-6/Sim_satellite_battery-7,Batch-6,Sim_satellite_battery,799,1.0C charge and 0.5C discharge [test capacity],measured_RPT,1.816,False,time_reset_or_nonmonotonic_voltage,False,True,1.984
Batch-6/Sim_satellite_battery-7,Batch-6,Sim_satellite_battery,804,1.0C charge and 0.5C discharge [test capacity],measured_RPT,1.815,False,time_reset_or_nonmonotonic_voltage,False,True,1.984
Batch-6/Sim_satellite_battery-7,Batch-6,Sim_satellite_battery,810,1.0C charge and 0.5C discharge [test capacity],measured_RPT,1.812,False,time_reset_or_nonmonotonic_voltage,False,True,1.984
Batch-6/Sim_satellite_battery-7,Batch-6,Sim_satellite_battery,815,1.0C charge and 0.5C discharge [test capacity],measured_RPT,1.809,False,time_reset_or_nonmonotonic_voltage,False,True,1.984
Batch-6/Sim_satellite_battery-7,Batch-6,Sim_satellite_battery,821,1.0C charge and 0.5C discharge [test capacity],measured_RPT,1.806,False,time_reset_or_nonmonotonic_voltage,False,True,1.984
Batch-6/Sim_satellite_battery-7,Batch-6,Sim_satellite_battery,827,1.0C charge and 0.5C discharge [test capacity],measured_RPT,1.802,False,time_reset_or_nonmonotonic_voltage,False,True,1.984
Batch-6/Sim_satellite_battery-7,Batch-6,Sim_satellite_battery,833,1.0C charge and 0.5C discharge [test capacity],measured_RPT,1.808,False,time_reset_or_nonmonotonic_voltage,False,True,1.984
Batch-6/Sim_satellite_battery-7,Batch-6,Sim_satellite_battery,839,1.0C charge and 0.5C discharge [test capacity],measured_RPT,1.798,False,time_reset_or_nonmonotonic_voltage,False,True,1.984
Batch-6/Sim_satellite_battery-7,Batch-6,Sim_satellite_battery,845,1.0C charge and 0.5C discharge [test capacity],measured_RPT,1.791,False,time_reset_or_nonmonotonic_voltage,False,True,1.984
Batch-6/Sim_satellite_battery-7,Batch-6,Sim_satellite_battery,851,1.0C charge and 0.5C discharge [test capacity],measured_RPT,1.785,False,time_reset_or_nonmonotonic_voltage,False,True,1.984
Batch-6/Sim_satellite_battery-7,Batch-6,Sim_satellite_battery,856,1.0C charge and 0.5C discharge [test capacity],measured_RPT,1.778,False,time_reset_or_nonmonotonic_voltage,False,True,1.984
Batch-6/Sim_satellite_battery-7,Batch-6,Sim_satellite_battery,862,1.0C charge and 0.5C discharge [test capacity],measured_RPT,1.77,False,time_reset_or_nonmonotonic_voltage,False,True,1.984
Batch-6/Sim_satellite_battery-7,Batch-6,Sim_satellite_battery,867,1.0C charge and 0.5C discharge [test capacity],measured_RPT,1.758,False,time_reset_or_nonmonotonic_voltage,False,True,1.984
Batch-6/Sim_satellite_battery-7,Batch-6,Sim_satellite_battery,873,1.0C charge and 0.5C discharge [test capacity],measured_RPT,1.75,False,time_reset_or_nonmonotonic_voltage,False,True,1.984
Batch-6/Sim_satellite_battery-7,Batch-6,Sim_satellite_battery,879,1.0C charge and 0.5C discharge [test capacity],measured_RPT,1.742,False,time_reset_or_nonmonotonic_voltage,False,True,1.984
Batch-6/Sim_satellite_battery-7,Batch-6,Sim_satellite_battery,885,1.0C charge and 0.5C discharge [test capacity],measured_RPT,1.748,False,time_reset_or_nonmonotonic_voltage,False,True,1.984
Batch-6/Sim_satellite_battery-7,Batch-6,Sim_satellite_battery,891,1.0C charge and 0.5C discharge [test capacity],measured_RPT,1.735,False,time_reset_or_nonmonotonic_voltage,False,True,1.984
Batch-6/Sim_satellite_battery-7,Batch-6,Sim_satellite_battery,897,1.0C charge and 0.5C discharge [test capacity],measured_RPT,1.722,False,time_reset_or_nonmonotonic_voltage,False,True,1.984
Batch-6/Sim_satellite_battery-7,Batch-6,Sim_satellite_battery,903,1.0C charge and 0.5C discharge [test capacity],measured_RPT,1.707,False,time_reset_or_nonmonotonic_voltage,False,True,1.984
Batch-6/Sim_satellite_battery-7,Batch-6,Sim_satellite_battery,908,1.0C charge and 0.5C discharge [test capacity],measured_RPT,1.691,False,time_reset_or_nonmonotonic_voltage,False,True,1.984
Batch-6/Sim_satellite_battery-7,Batch-6,Sim_satellite_battery,914,1.0C charge and 0.5C discharge [test capacity],measured_RPT,1.673,False,time_reset_or_nonmonotonic_voltage,False,True,1.984
Batch-6/Sim_satellite_battery-7,Batch-6,Sim_satellite_battery,919,1.0C charge and 0.5C discharge [test capacity],measured_RPT,1.657,False,time_reset_or_nonmonotonic_voltage,False,True,1.984
Batch-6/Sim_satellite_battery-7,Batch-6,Sim_satellite_battery,925,1.0C charge and 0.5C discharge [test capacity],measured_RPT,1.638,False,time_reset_or_nonmonotonic_voltage,False,True,1.984
Batch-6/Sim_satellite_battery-7,Batch-6,Sim_satellite_battery,931,1.0C charge and 0.5C discharge [test capacity],measured_RPT,1.624,False,time_reset_or_nonmonotonic_voltage,False,True,1.984
Batch-6/Sim_satellite_battery-7,Batch-6,Sim_satellite_battery,937,1.0C charge and 0.5C discharge [test capacity],measured_RPT,1.628,False,time_reset_or_nonmonotonic_voltage,False,True,1.984
Batch-6/Sim_satellite_battery-7,Batch-6,Sim_satellite_battery,943,1.0C charge and 0.5C discharge [test capacity],measured_RPT,1.611,False,time_reset_or_nonmonotonic_voltage,False,True,1.984
Batch-6/Sim_satellite_battery-7,Batch-6,Sim_satellite_battery,949,1.0C charge and 0.5C discharge [test capacity],measured_RPT,1.597,False,time_reset_or_nonmonotonic_voltage,False,True,1.984
Batch-6/Sim_satellite_battery-8,Batch-6,Sim_satellite_battery,1,0.5C charge and 0.2C discharge [test capacity],measured_RPT,1.983,True,ok,True,False,
Batch-6/Sim_satellite_battery-8,Batch-6,Sim_satellite_battery,7,1.0C charge and 0.5C discharge [test capacity],measured_RPT,1.919,False,time_reset_or_nonmonotonic_voltage,False,True,1.983
Batch-6/Sim_satellite_battery-8,Batch-6,Sim_satellite_battery,13,1.0C charge and 0.5C discharge [test capacity],measured_RPT,1.925,False,time_reset_or_nonmonotonic_voltage,False,True,1.983
Batch-6/Sim_satellite_battery-8,Batch-6,Sim_satellite_battery,19,1.0C charge and 0.5C discharge [test capacity],measured_RPT,1.939,True,ok,False,True,1.983
Batch-6/Sim_satellite_battery-8,Batch-6,Sim_satellite_battery,24,1.0C charge and 0.5C discharge [test capacity],measured_RPT,1.949,False,time_reset_or_nonmonotonic_voltage,False,True,1.983
Batch-6/Sim_satellite_battery-8,Batch-6,Sim_satellite_battery,30,1.0C charge and 0.5C discharge [test capacity],measured_RPT,1.958,True,ok,False,True,1.983
Batch-6/Sim_satellite_battery-8,Batch-6,Sim_satellite_battery,35,1.0C charge and 0.5C discharge [test capacity],measured_RPT,1.965,False,time_reset_or_nonmonotonic_voltage,False,True,1.983
Batch-6/Sim_satellite_battery-8,Batch-6,Sim_satellite_battery,41,1.0C charge and 0.5C discharge [test capacity],measured_RPT,1.971,False,time_reset_or_nonmonotonic_voltage,False,True,1.983
Batch-6/Sim_satellite_battery-8,Batch-6,Sim_satellite_battery,47,1.0C charge and 0.5C discharge [test capacity],measured_RPT,1.976,False,time_reset_or_nonmonotonic_voltage,False,True,1.983
Batch-6/Sim_satellite_battery-8,Batch-6,Sim_satellite_battery,53,1.0C charge and 0.5C discharge [test capacity],measured_RPT,1.983,False,time_reset_or_nonmonotonic_voltage,False,True,1.983
Batch-6/Sim_satellite_battery-8,Batch-6,Sim_satellite_battery,59,1.0C charge and 0.5C discharge [test capacity],measured_RPT,1.976,False,time_reset_or_nonmonotonic_voltage,False,True,1.983
Batch-6/Sim_satellite_battery-8,Batch-6,Sim_satellite_battery,65,1.0C charge and 0.5C discharge [test capacity],measured_RPT,1.978,True,ok,False,True,1.983
Batch-6/Sim_satellite_battery-8,Batch-6,Sim_satellite_battery,71,1.0C charge and 0.5C discharge [test capacity],measured_RPT,1.975,False,time_reset_or_nonmonotonic_voltage,False,True,1.983
Batch-6/Sim_satellite_battery-8,Batch-6,Sim_satellite_battery,76,1.0C charge and 0.5C discharge [test capacity],measured_RPT,1.979,False,time_reset_or_nonmonotonic_voltage,False,True,1.983
Batch-6/Sim_satellite_battery-8,Batch-6,Sim_satellite_battery,82,1.0C charge and 0.5C discharge [test capacity],measured_RPT,1.978,True,ok,False,True,1.983
Batch-6/Sim_satellite_battery-8,Batch-6,Sim_satellite_battery,87,1.0C charge and 0.5C discharge [test capacity],measured_RPT,1.979,True,ok,False,True,1.983
Batch-6/Sim_satellite_battery-8,Batch-6,Sim_satellite_battery,93,1.0C charge and 0.5C discharge [test capacity],measured_RPT,1.979,True,ok,False,True,1.983
Batch-6/Sim_satellite_battery-8,Batch-6,Sim_satellite_battery,99,1.0C charge and 0.5C discharge [test capacity],measured_RPT,1.979,False,time_reset_or_nonmonotonic_voltage,False,True,1.983
Batch-6/Sim_satellite_battery-8,Batch-6,Sim_satellite_battery,105,1.0C charge and 0.5C discharge [test capacity],measured_RPT,1.985,False,time_reset_or_nonmonotonic_voltage,False,True,1.983
Batch-6/Sim_satellite_battery-8,Batch-6,Sim_satellite_battery,111,1.0C charge and 0.5C discharge [test capacity],measured_RPT,1.981,False,time_reset_or_nonmonotonic_voltage,False,True,1.983
Batch-6/Sim_satellite_battery-8,Batch-6,Sim_satellite_battery,117,1.0C charge and 0.5C discharge [test capacity],measured_RPT,1.979,False,time_reset_or_nonmonotonic_voltage,False,True,1.983
Batch-6/Sim_satellite_battery-8,Batch-6,Sim_satellite_battery,123,1.0C charge and 0.5C discharge [test capacity],measured_RPT,1.978,True,ok,False,True,1.983
Batch-6/Sim_satellite_battery-8,Batch-6,Sim_satellite_battery,128,1.0C charge and 0.5C discharge [test capacity],measured_RPT,1.98,False,time_reset_or_nonmonotonic_voltage,False,True,1.983
Batch-6/Sim_satellite_battery-8,Batch-6,Sim_satellite_battery,134,1.0C charge and 0.5C discharge [test capacity],measured_RPT,1.979,False,time_reset_or_nonmonotonic_voltage,False,True,1.983
Batch-6/Sim_satellite_battery-8,Batch-6,Sim_satellite_battery,139,1.0C charge and 0.5C discharge [test capacity],measured_RPT,1.979,False,time_reset_or_nonmonotonic_voltage,False,True,1.983
Batch-6/Sim_satellite_battery-8,Batch-6,Sim_satellite_battery,145,1.0C charge and 0.5C discharge [test capacity],measured_RPT,1.981,True,ok,False,True,1.983
Batch-6/Sim_satellite_battery-8,Batch-6,Sim_satellite_battery,151,1.0C charge and 0.5C discharge [test capacity],measured_RPT,1.98,False,time_reset_or_nonmonotonic_voltage,False,True,1.983
Batch-6/Sim_satellite_battery-8,Batch-6,Sim_satellite_battery,157,1.0C charge and 0.5C discharge [test capacity],measured_RPT,1.987,False,time_reset_or_nonmonotonic_voltage,False,True,1.983
Batch-6/Sim_satellite_battery-8,Batch-6,Sim_satellite_battery,163,1.0C charge and 0.5C discharge [test capacity],measured_RPT,1.985,False,time_reset_or_nonmonotonic_voltage,False,True,1.983
Batch-6/Sim_satellite_battery-8,Batch-6,Sim_satellite_battery,169,1.0C charge and 0.5C discharge [test capacity],measured_RPT,1.982,True,ok,False,True,1.983
Batch-6/Sim_satellite_battery-8,Batch-6,Sim_satellite_battery,175,1.0C charge and 0.5C discharge [test capacity],measured_RPT,1.981,False,time_reset_or_nonmonotonic_voltage,False,True,1.983
Batch-6/Sim_satellite_battery-8,Batch-6,Sim_satellite_battery,180,1.0C charge and 0.5C discharge [test capacity],measured_RPT,1.978,False,time_reset_or_nonmonotonic_voltage,False,True,1.983
Batch-6/Sim_satellite_battery-8,Batch-6,Sim_satellite_battery,186,1.0C charge and 0.5C discharge [test capacity],measured_RPT,1.977,False,time_reset_or_nonmonotonic_voltage,False,True,1.983
Batch-6/Sim_satellite_battery-8,Batch-6,Sim_satellite_battery,191,1.0C charge and 0.5C discharge [test capacity],measured_RPT,1.975,False,time_reset_or_nonmonotonic_voltage,False,True,1.983
Batch-6/Sim_satellite_battery-8,Batch-6,Sim_satellite_battery,197,1.0C charge and 0.5C discharge [test capacity],measured_RPT,1.975,False,time_reset_or_nonmonotonic_voltage,False,True,1.983
Batch-6/Sim_satellite_battery-8,Batch-6,Sim_satellite_battery,203,1.0C charge and 0.5C discharge [test capacity],measured_RPT,1.974,False,time_reset_or_nonmonotonic_voltage,False,True,1.983
Batch-6/Sim_satellite_battery-8,Batch-6,Sim_satellite_battery,209,1.0C charge and 0.5C discharge [test capacity],measured_RPT,1.979,False,time_reset_or_nonmonotonic_voltage,False,True,1.983
Batch-6/Sim_satellite_battery-8,Batch-6,Sim_satellite_battery,215,1.0C charge and 0.5C discharge [test capacity],measured_RPT,1.971,False,time_reset_or_nonmonotonic_voltage,False,True,1.983
Batch-6/Sim_satellite_battery-8,Batch-6,Sim_satellite_battery,221,1.0C charge and 0.5C discharge [test capacity],measured_RPT,1.966,False,time_reset_or_nonmonotonic_voltage,False,True,1.983
Batch-6/Sim_satellite_battery-8,Batch-6,Sim_satellite_battery,227,1.0C charge and 0.5C discharge [test capacity],measured_RPT,1.96,False,time_reset_or_nonmonotonic_voltage,False,True,1.983
Batch-6/Sim_satellite_battery-8,Batch-6,Sim_satellite_battery,232,1.0C charge and 0.5C discharge [test capacity],measured_RPT,1.954,False,time_reset_or_nonmonotonic_voltage,False,True,1.983
Batch-6/Sim_satellite_battery-8,Batch-6,Sim_satellite_battery,238,1.0C charge and 0.5C discharge [test capacity],measured_RPT,1.948,False,time_reset_or_nonmonotonic_voltage,False,True,1.983
Batch-6/Sim_satellite_battery-8,Batch-6,Sim_satellite_battery,243,1.0C charge and 0.5C discharge [test capacity],measured_RPT,1.944,True,ok,False,True,1.983
Batch-6/Sim_satellite_battery-8,Batch-6,Sim_satellite_battery,249,1.0C charge and 0.5C discharge [test capacity],measured_RPT,1.942,False,time_reset_or_nonmonotonic_voltage,False,True,1.983
Batch-6/Sim_satellite_battery-8,Batch-6,Sim_satellite_battery,255,1.0C charge and 0.5C discharge [test capacity],measured_RPT,1.939,False,time_reset_or_nonmonotonic_voltage,False,True,1.983
Batch-6/Sim_satellite_battery-8,Batch-6,Sim_satellite_battery,261,1.0C charge and 0.5C discharge [test capacity],measured_RPT,1.946,False,time_reset_or_nonmonotonic_voltage,False,True,1.983
Batch-6/Sim_satellite_battery-8,Batch-6,Sim_satellite_battery,267,1.0C charge and 0.5C discharge [test capacity],measured_RPT,1.938,False,time_reset_or_nonmonotonic_voltage,False,True,1.983
Batch-6/Sim_satellite_battery-8,Batch-6,Sim_satellite_battery,273,1.0C charge and 0.5C discharge [test capacity],measured_RPT,1.935,True,ok,False,True,1.983
Batch-6/Sim_satellite_battery-8,Batch-6,Sim_satellite_battery,279,1.0C charge and 0.5C discharge [test capacity],measured_RPT,1.931,False,time_reset_or_nonmonotonic_voltage,False,True,1.983
Batch-6/Sim_satellite_battery-8,Batch-6,Sim_satellite_battery,284,1.0C charge and 0.5C discharge [test capacity],measured_RPT,1.93,False,time_reset_or_nonmonotonic_voltage,False,True,1.983
Batch-6/Sim_satellite_battery-8,Batch-6,Sim_satellite_battery,290,1.0C charge and 0.5C discharge [test capacity],measured_RPT,1.924,False,time_reset_or_nonmonotonic_voltage,False,True,1.983
Batch-6/Sim_satellite_battery-8,Batch-6,Sim_satellite_battery,295,1.0C charge and 0.5C discharge [test capacity],measured_RPT,1.926,True,ok,False,True,1.983
Batch-6/Sim_satellite_battery-8,Batch-6,Sim_satellite_battery,301,1.0C charge and 0.5C discharge [test capacity],measured_RPT,1.922,False,time_reset_or_nonmonotonic_voltage,False,True,1.983
Batch-6/Sim_satellite_battery-8,Batch-6,Sim_satellite_battery,307,1.0C charge and 0.5C discharge [test capacity],measured_RPT,1.924,False,time_reset_or_nonmonotonic_voltage,False,True,1.983
Batch-6/Sim_satellite_battery-8,Batch-6,Sim_satellite_battery,313,1.0C charge and 0.5C discharge [test capacity],measured_RPT,1.93,False,time_reset_or_nonmonotonic_voltage,False,True,1.983
Batch-6/Sim_satellite_battery-8,Batch-6,Sim_satellite_battery,319,1.0C charge and 0.5C discharge [test capacity],measured_RPT,1.922,False,time_reset_or_nonmonotonic_voltage,False,True,1.983
Batch-6/Sim_satellite_battery-8,Batch-6,Sim_satellite_battery,325,1.0C charge and 0.5C discharge [test capacity],measured_RPT,1.921,False,time_reset_or_nonmonotonic_voltage,False,True,1.983
Batch-6/Sim_satellite_battery-8,Batch-6,Sim_satellite_battery,331,1.0C charge and 0.5C discharge [test capacity],measured_RPT,1.917,True,ok,False,True,1.983
Batch-6/Sim_satellite_battery-8,Batch-6,Sim_satellite_battery,336,1.0C charge and 0.5C discharge [test capacity],measured_RPT,1.916,False,time_reset_or_nonmonotonic_voltage,False,True,1.983
Batch-6/Sim_satellite_battery-8,Batch-6,Sim_satellite_battery,342,1.0C charge and 0.5C discharge [test capacity],measured_RPT,1.914,True,ok,False,True,1.983
Batch-6/Sim_satellite_battery-8,Batch-6,Sim_satellite_battery,347,1.0C charge and 0.5C discharge [test capacity],measured_RPT,1.916,False,time_reset_or_nonmonotonic_voltage,False,True,1.983
Batch-6/Sim_satellite_battery-8,Batch-6,Sim_satellite_battery,353,1.0C charge and 0.5C discharge [test capacity],measured_RPT,1.914,False,time_reset_or_nonmonotonic_voltage,False,True,1.983
Batch-6/Sim_satellite_battery-8,Batch-6,Sim_satellite_battery,359,1.0C charge and 0.5C discharge [test capacity],measured_RPT,1.915,False,time_reset_or_nonmonotonic_voltage,False,True,1.983
Batch-6/Sim_satellite_battery-8,Batch-6,Sim_satellite_battery,365,1.0C charge and 0.5C discharge [test capacity],measured_RPT,1.922,False,time_reset_or_nonmonotonic_voltage,False,True,1.983
Batch-6/Sim_satellite_battery-8,Batch-6,Sim_satellite_battery,371,1.0C charge and 0.5C discharge [test capacity],measured_RPT,1.917,False,time_reset_or_nonmonotonic_voltage,False,True,1.983
Batch-6/Sim_satellite_battery-8,Batch-6,Sim_satellite_battery,377,1.0C charge and 0.5C discharge [test capacity],measured_RPT,1.914,False,time_reset_or_nonmonotonic_voltage,False,True,1.983
Batch-6/Sim_satellite_battery-8,Batch-6,Sim_satellite_battery,383,1.0C charge and 0.5C discharge [test capacity],measured_RPT,1.913,False,time_reset_or_nonmonotonic_voltage,False,True,1.983
Batch-6/Sim_satellite_battery-8,Batch-6,Sim_satellite_battery,388,1.0C charge and 0.5C discharge [test capacity],measured_RPT,1.912,False,time_reset_or_nonmonotonic_voltage,False,True,1.983
Batch-6/Sim_satellite_battery-8,Batch-6,Sim_satellite_battery,394,1.0C charge and 0.5C discharge [test capacity],measured_RPT,1.911,False,time_reset_or_nonmonotonic_voltage,False,True,1.983
Batch-6/Sim_satellite_battery-8,Batch-6,Sim_satellite_battery,399,1.0C charge and 0.5C discharge [test capacity],measured_RPT,1.91,True,ok,False,True,1.983
Batch-6/Sim_satellite_battery-8,Batch-6,Sim_satellite_battery,405,1.0C charge and 0.5C discharge [test capacity],measured_RPT,1.911,False,time_reset_or_nonmonotonic_voltage,False,True,1.983
Batch-6/Sim_satellite_battery-8,Batch-6,Sim_satellite_battery,411,1.0C charge and 0.5C discharge [test capacity],measured_RPT,1.909,False,time_reset_or_nonmonotonic_voltage,False,True,1.983
Batch-6/Sim_satellite_battery-8,Batch-6,Sim_satellite_battery,417,1.0C charge and 0.5C discharge [test capacity],measured_RPT,1.915,False,time_reset_or_nonmonotonic_voltage,False,True,1.983
Batch-6/Sim_satellite_battery-8,Batch-6,Sim_satellite_battery,423,1.0C charge and 0.5C discharge [test capacity],measured_RPT,1.91,False,time_reset_or_nonmonotonic_voltage,False,True,1.983
Batch-6/Sim_satellite_battery-8,Batch-6,Sim_satellite_battery,429,1.0C charge and 0.5C discharge [test capacity],measured_RPT,1.906,False,time_reset_or_nonmonotonic_voltage,False,True,1.983
Batch-6/Sim_satellite_battery-8,Batch-6,Sim_satellite_battery,435,1.0C charge and 0.5C discharge [test capacity],measured_RPT,1.906,False,time_reset_or_nonmonotonic_voltage,False,True,1.983
Batch-6/Sim_satellite_battery-8,Batch-6,Sim_satellite_battery,440,1.0C charge and 0.5C discharge [test capacity],measured_RPT,1.904,False,time_reset_or_nonmonotonic_voltage,False,True,1.983
Batch-6/Sim_satellite_battery-8,Batch-6,Sim_satellite_battery,446,1.0C charge and 0.5C discharge [test capacity],measured_RPT,1.905,True,ok,False,True,1.983
Batch-6/Sim_satellite_battery-8,Batch-6,Sim_satellite_battery,451,1.0C charge and 0.5C discharge [test capacity],measured_RPT,1.903,True,ok,False,True,1.983
Batch-6/Sim_satellite_battery-8,Batch-6,Sim_satellite_battery,457,1.0C charge and 0.5C discharge [test capacity],measured_RPT,1.904,True,ok,False,True,1.983
Batch-6/Sim_satellite_battery-8,Batch-6,Sim_satellite_battery,463,1.0C charge and 0.5C discharge [test capacity],measured_RPT,1.903,False,time_reset_or_nonmonotonic_voltage,False,True,1.983
Batch-6/Sim_satellite_battery-8,Batch-6,Sim_satellite_battery,469,1.0C charge and 0.5C discharge [test capacity],measured_RPT,1.91,False,time_reset_or_nonmonotonic_voltage,False,True,1.983
Batch-6/Sim_satellite_battery-8,Batch-6,Sim_satellite_battery,475,1.0C charge and 0.5C discharge [test capacity],measured_RPT,1.903,False,time_reset_or_nonmonotonic_voltage,False,True,1.983
Batch-6/Sim_satellite_battery-8,Batch-6,Sim_satellite_battery,481,1.0C charge and 0.5C discharge [test capacity],measured_RPT,1.9,False,time_reset_or_nonmonotonic_voltage,False,True,1.983
Batch-6/Sim_satellite_battery-8,Batch-6,Sim_satellite_battery,487,1.0C charge and 0.5C discharge [test capacity],measured_RPT,1.899,False,time_reset_or_nonmonotonic_voltage,False,True,1.983
Batch-6/Sim_satellite_battery-8,Batch-6,Sim_satellite_battery,492,1.0C charge and 0.5C discharge [test capacity],measured_RPT,1.897,True,ok,False,True,1.983
Batch-6/Sim_satellite_battery-8,Batch-6,Sim_satellite_battery,498,1.0C charge and 0.5C discharge [test capacity],measured_RPT,1.897,False,time_reset_or_nonmonotonic_voltage,False,True,1.983
Batch-6/Sim_satellite_battery-8,Batch-6,Sim_satellite_battery,503,1.0C charge and 0.5C discharge [test capacity],measured_RPT,1.895,False,time_reset_or_nonmonotonic_voltage,False,True,1.983
Batch-6/Sim_satellite_battery-8,Batch-6,Sim_satellite_battery,509,1.0C charge and 0.5C discharge [test capacity],measured_RPT,1.894,True,ok,False,True,1.983
Batch-6/Sim_satellite_battery-8,Batch-6,Sim_satellite_battery,515,1.0C charge and 0.5C discharge [test capacity],measured_RPT,1.892,False,time_reset_or_nonmonotonic_voltage,False,True,1.983
Batch-6/Sim_satellite_battery-8,Batch-6,Sim_satellite_battery,521,1.0C charge and 0.5C discharge [test capacity],measured_RPT,1.898,False,time_reset_or_nonmonotonic_voltage,False,True,1.983
Batch-6/Sim_satellite_battery-8,Batch-6,Sim_satellite_battery,527,1.0C charge and 0.5C discharge [test capacity],measured_RPT,1.89,False,time_reset_or_nonmonotonic_voltage,False,True,1.983
Batch-6/Sim_satellite_battery-8,Batch-6,Sim_satellite_battery,533,1.0C charge and 0.5C discharge [test capacity],measured_RPT,1.889,False,time_reset_or_nonmonotonic_voltage,False,True,1.983
Batch-6/Sim_satellite_battery-8,Batch-6,Sim_satellite_battery,539,1.0C charge and 0.5C discharge [test capacity],measured_RPT,1.885,True,ok,False,True,1.983
Batch-6/Sim_satellite_battery-8,Batch-6,Sim_satellite_battery,544,1.0C charge and 0.5C discharge [test capacity],measured_RPT,1.886,False,time_reset_or_nonmonotonic_voltage,False,True,1.983
Batch-6/Sim_satellite_battery-8,Batch-6,Sim_satellite_battery,550,1.0C charge and 0.5C discharge [test capacity],measured_RPT,1.882,False,time_reset_or_nonmonotonic_voltage,False,True,1.983
Batch-6/Sim_satellite_battery-8,Batch-6,Sim_satellite_battery,555,1.0C charge and 0.5C discharge [test capacity],measured_RPT,1.885,True,ok,False,True,1.983
Batch-6/Sim_satellite_battery-8,Batch-6,Sim_satellite_battery,561,1.0C charge and 0.5C discharge [test capacity],measured_RPT,1.882,False,time_reset_or_nonmonotonic_voltage,False,True,1.983
Batch-6/Sim_satellite_battery-8,Batch-6,Sim_satellite_battery,567,1.0C charge and 0.5C discharge [test capacity],measured_RPT,1.884,False,time_reset_or_nonmonotonic_voltage,False,True,1.983
Batch-6/Sim_satellite_battery-8,Batch-6,Sim_satellite_battery,573,1.0C charge and 0.5C discharge [test capacity],measured_RPT,1.889,False,time_reset_or_nonmonotonic_voltage,False,True,1.983
Batch-6/Sim_satellite_battery-8,Batch-6,Sim_satellite_battery,579,1.0C charge and 0.5C discharge [test capacity],measured_RPT,1.882,False,time_reset_or_nonmonotonic_voltage,False,True,1.983
Batch-6/Sim_satellite_battery-8,Batch-6,Sim_satellite_battery,585,1.0C charge and 0.5C discharge [test capacity],measured_RPT,1.881,False,time_reset_or_nonmonotonic_voltage,False,True,1.983
Batch-6/Sim_satellite_battery-8,Batch-6,Sim_satellite_battery,591,1.0C charge and 0.5C discharge [test capacity],measured_RPT,1.878,True,ok,False,True,1.983
Batch-6/Sim_satellite_battery-8,Batch-6,Sim_satellite_battery,596,1.0C charge and 0.5C discharge [test capacity],measured_RPT,1.877,False,time_reset_or_nonmonotonic_voltage,False,True,1.983
Batch-6/Sim_satellite_battery-8,Batch-6,Sim_satellite_battery,602,1.0C charge and 0.5C discharge [test capacity],measured_RPT,1.875,True,ok,False,True,1.983
Batch-6/Sim_satellite_battery-8,Batch-6,Sim_satellite_battery,607,1.0C charge and 0.5C discharge [test capacity],measured_RPT,1.874,True,ok,False,True,1.983
Batch-6/Sim_satellite_battery-8,Batch-6,Sim_satellite_battery,613,1.0C charge and 0.5C discharge [test capacity],measured_RPT,1.874,False,time_reset_or_nonmonotonic_voltage,False,True,1.983
Batch-6/Sim_satellite_battery-8,Batch-6,Sim_satellite_battery,619,1.0C charge and 0.5C discharge [test capacity],measured_RPT,1.873,False,time_reset_or_nonmonotonic_voltage,False,True,1.983
Batch-6/Sim_satellite_battery-8,Batch-6,Sim_satellite_battery,625,1.0C charge and 0.5C discharge [test capacity],measured_RPT,1.878,False,time_reset_or_nonmonotonic_voltage,False,True,1.983
Batch-6/Sim_satellite_battery-8,Batch-6,Sim_satellite_battery,631,1.0C charge and 0.5C discharge [test capacity],measured_RPT,1.872,False,time_reset_or_nonmonotonic_voltage,False,True,1.983
Batch-6/Sim_satellite_battery-8,Batch-6,Sim_satellite_battery,637,1.0C charge and 0.5C discharge [test capacity],measured_RPT,1.868,False,time_reset_or_nonmonotonic_voltage,False,True,1.983
Batch-6/Sim_satellite_battery-8,Batch-6,Sim_satellite_battery,643,1.0C charge and 0.5C discharge [test capacity],measured_RPT,1.867,False,time_reset_or_nonmonotonic_voltage,False,True,1.983
Batch-6/Sim_satellite_battery-8,Batch-6,Sim_satellite_battery,648,1.0C charge and 0.5C discharge [test capacity],measured_RPT,1.866,True,ok,False,True,1.983
Batch-6/Sim_satellite_battery-8,Batch-6,Sim_satellite_battery,654,1.0C charge and 0.5C discharge [test capacity],measured_RPT,1.864,False,time_reset_or_nonmonotonic_voltage,False,True,1.983
Batch-6/Sim_satellite_battery-8,Batch-6,Sim_satellite_battery,659,1.0C charge and 0.5C discharge [test capacity],measured_RPT,1.864,False,time_reset_or_nonmonotonic_voltage,False,True,1.983
Batch-6/Sim_satellite_battery-8,Batch-6,Sim_satellite_battery,665,1.0C charge and 0.5C discharge [test capacity],measured_RPT,1.863,True,ok,False,True,1.983
Batch-6/Sim_satellite_battery-8,Batch-6,Sim_satellite_battery,671,1.0C charge and 0.5C discharge [test capacity],measured_RPT,1.863,False,time_reset_or_nonmonotonic_voltage,False,True,1.983
Batch-6/Sim_satellite_battery-8,Batch-6,Sim_satellite_battery,677,1.0C charge and 0.5C discharge [test capacity],measured_RPT,1.867,False,time_reset_or_nonmonotonic_voltage,False,True,1.983
Batch-6/Sim_satellite_battery-8,Batch-6,Sim_satellite_battery,683,1.0C charge and 0.5C discharge [test capacity],measured_RPT,1.863,False,time_reset_or_nonmonotonic_voltage,False,True,1.983
Batch-6/Sim_satellite_battery-8,Batch-6,Sim_satellite_battery,689,1.0C charge and 0.5C discharge [test capacity],measured_RPT,1.862,False,time_reset_or_nonmonotonic_voltage,False,True,1.983
Batch-6/Sim_satellite_battery-8,Batch-6,Sim_satellite_battery,695,1.0C charge and 0.5C discharge [test capacity],measured_RPT,1.859,False,time_reset_or_nonmonotonic_voltage,False,True,1.983
Batch-6/Sim_satellite_battery-8,Batch-6,Sim_satellite_battery,700,1.0C charge and 0.5C discharge [test capacity],measured_RPT,1.858,False,time_reset_or_nonmonotonic_voltage,False,True,1.983
Batch-6/Sim_satellite_battery-8,Batch-6,Sim_satellite_battery,706,1.0C charge and 0.5C discharge [test capacity],measured_RPT,1.859,False,time_reset_or_nonmonotonic_voltage,False,True,1.983
Batch-6/Sim_satellite_battery-8,Batch-6,Sim_satellite_battery,711,1.0C charge and 0.5C discharge [test capacity],measured_RPT,1.858,False,time_reset_or_nonmonotonic_voltage,False,True,1.983
Batch-6/Sim_satellite_battery-8,Batch-6,Sim_satellite_battery,717,1.0C charge and 0.5C discharge [test capacity],measured_RPT,1.857,False,time_reset_or_nonmonotonic_voltage,False,True,1.983
Batch-6/Sim_satellite_battery-8,Batch-6,Sim_satellite_battery,723,1.0C charge and 0.5C discharge [test capacity],measured_RPT,1.856,False,time_reset_or_nonmonotonic_voltage,False,True,1.983
Batch-6/Sim_satellite_battery-8,Batch-6,Sim_satellite_battery,729,1.0C charge and 0.5C discharge [test capacity],measured_RPT,1.863,False,time_reset_or_nonmonotonic_voltage,False,True,1.983
Batch-6/Sim_satellite_battery-8,Batch-6,Sim_satellite_battery,735,1.0C charge and 0.5C discharge [test capacity],measured_RPT,1.855,False,time_reset_or_nonmonotonic_voltage,False,True,1.983
Batch-6/Sim_satellite_battery-8,Batch-6,Sim_satellite_battery,741,1.0C charge and 0.5C discharge [test capacity],measured_RPT,1.854,False,time_reset_or_nonmonotonic_voltage,False,True,1.983
Batch-6/Sim_satellite_battery-8,Batch-6,Sim_satellite_battery,747,1.0C charge and 0.5C discharge [test capacity],measured_RPT,1.852,True,ok,False,True,1.983
Batch-6/Sim_satellite_battery-8,Batch-6,Sim_satellite_battery,752,1.0C charge and 0.5C discharge [test capacity],measured_RPT,1.851,True,ok,False,True,1.983
Batch-6/Sim_satellite_battery-8,Batch-6,Sim_satellite_battery,758,1.0C charge and 0.5C discharge [test capacity],measured_RPT,1.845,False,time_reset_or_nonmonotonic_voltage,False,True,1.983
Batch-6/Sim_satellite_battery-8,Batch-6,Sim_satellite_battery,763,1.0C charge and 0.5C discharge [test capacity],measured_RPT,1.848,True,ok,False,True,1.983
Batch-6/Sim_satellite_battery-8,Batch-6,Sim_satellite_battery,769,1.0C charge and 0.5C discharge [test capacity],measured_RPT,1.846,False,time_reset_or_nonmonotonic_voltage,False,True,1.983
Batch-6/Sim_satellite_battery-8,Batch-6,Sim_satellite_battery,775,1.0C charge and 0.5C discharge [test capacity],measured_RPT,1.846,False,time_reset_or_nonmonotonic_voltage,False,True,1.983
Batch-6/Sim_satellite_battery-8,Batch-6,Sim_satellite_battery,781,1.0C charge and 0.5C discharge [test capacity],measured_RPT,1.851,False,time_reset_or_nonmonotonic_voltage,False,True,1.983
Batch-6/Sim_satellite_battery-8,Batch-6,Sim_satellite_battery,787,1.0C charge and 0.5C discharge [test capacity],measured_RPT,1.844,False,time_reset_or_nonmonotonic_voltage,False,True,1.983
Batch-6/Sim_satellite_battery-8,Batch-6,Sim_satellite_battery,793,1.0C charge and 0.5C discharge [test capacity],measured_RPT,1.842,False,time_reset_or_nonmonotonic_voltage,False,True,1.983
Batch-6/Sim_satellite_battery-8,Batch-6,Sim_satellite_battery,799,1.0C charge and 0.5C discharge [test capacity],measured_RPT,1.84,True,ok,False,True,1.983
Batch-6/Sim_satellite_battery-8,Batch-6,Sim_satellite_battery,804,1.0C charge and 0.5C discharge [test capacity],measured_RPT,1.84,True,ok,False,True,1.983
Batch-6/Sim_satellite_battery-8,Batch-6,Sim_satellite_battery,810,1.0C charge and 0.5C discharge [test capacity],measured_RPT,1.839,True,ok,False,True,1.983
Batch-6/Sim_satellite_battery-8,Batch-6,Sim_satellite_battery,815,1.0C charge and 0.5C discharge [test capacity],measured_RPT,1.837,False,time_reset_or_nonmonotonic_voltage,False,True,1.983
Batch-6/Sim_satellite_battery-8,Batch-6,Sim_satellite_battery,821,1.0C charge and 0.5C discharge [test capacity],measured_RPT,1.837,False,time_reset_or_nonmonotonic_voltage,False,True,1.983
Batch-6/Sim_satellite_battery-8,Batch-6,Sim_satellite_battery,827,1.0C charge and 0.5C discharge [test capacity],measured_RPT,1.836,False,time_reset_or_nonmonotonic_voltage,False,True,1.983
Batch-6/Sim_satellite_battery-8,Batch-6,Sim_satellite_battery,833,1.0C charge and 0.5C discharge [test capacity],measured_RPT,1.841,False,time_reset_or_nonmonotonic_voltage,False,True,1.983
Batch-6/Sim_satellite_battery-8,Batch-6,Sim_satellite_battery,839,1.0C charge and 0.5C discharge [test capacity],measured_RPT,1.833,False,time_reset_or_nonmonotonic_voltage,False,True,1.983
Batch-6/Sim_satellite_battery-8,Batch-6,Sim_satellite_battery,845,1.0C charge and 0.5C discharge [test capacity],measured_RPT,1.83,True,ok,False,True,1.983
Batch-6/Sim_satellite_battery-8,Batch-6,Sim_satellite_battery,851,1.0C charge and 0.5C discharge [test capacity],measured_RPT,1.828,False,time_reset_or_nonmonotonic_voltage,False,True,1.983
Batch-6/Sim_satellite_battery-8,Batch-6,Sim_satellite_battery,856,1.0C charge and 0.5C discharge [test capacity],measured_RPT,1.827,False,time_reset_or_nonmonotonic_voltage,False,True,1.983
Batch-6/Sim_satellite_battery-8,Batch-6,Sim_satellite_battery,862,1.0C charge and 0.5C discharge [test capacity],measured_RPT,1.828,False,time_reset_or_nonmonotonic_voltage,False,True,1.983
Batch-6/Sim_satellite_battery-8,Batch-6,Sim_satellite_battery,867,1.0C charge and 0.5C discharge [test capacity],measured_RPT,1.825,False,time_reset_or_nonmonotonic_voltage,False,True,1.983
Batch-6/Sim_satellite_battery-8,Batch-6,Sim_satellite_battery,873,1.0C charge and 0.5C discharge [test capacity],measured_RPT,1.826,True,ok,False,True,1.983
Batch-6/Sim_satellite_battery-8,Batch-6,Sim_satellite_battery,879,1.0C charge and 0.5C discharge [test capacity],measured_RPT,1.827,False,time_reset_or_nonmonotonic_voltage,False,True,1.983
Batch-6/Sim_satellite_battery-8,Batch-6,Sim_satellite_battery,885,1.0C charge and 0.5C discharge [test capacity],measured_RPT,1.835,False,time_reset_or_nonmonotonic_voltage,False,True,1.983
Batch-6/Sim_satellite_battery-8,Batch-6,Sim_satellite_battery,891,1.0C charge and 0.5C discharge [test capacity],measured_RPT,1.829,False,time_reset_or_nonmonotonic_voltage,False,True,1.983
Batch-6/Sim_satellite_battery-8,Batch-6,Sim_satellite_battery,897,1.0C charge and 0.5C discharge [test capacity],measured_RPT,1.827,True,ok,False,True,1.983
Batch-6/Sim_satellite_battery-8,Batch-6,Sim_satellite_battery,903,1.0C charge and 0.5C discharge [test capacity],measured_RPT,1.825,False,time_reset_or_nonmonotonic_voltage,False,True,1.983
Batch-6/Sim_satellite_battery-8,Batch-6,Sim_satellite_battery,908,1.0C charge and 0.5C discharge [test capacity],measured_RPT,1.822,False,time_reset_or_nonmonotonic_voltage,False,True,1.983
Batch-6/Sim_satellite_battery-8,Batch-6,Sim_satellite_battery,914,1.0C charge and 0.5C discharge [test capacity],measured_RPT,1.818,False,time_reset_or_nonmonotonic_voltage,False,True,1.983
Batch-6/Sim_satellite_battery-8,Batch-6,Sim_satellite_battery,919,1.0C charge and 0.5C discharge [test capacity],measured_RPT,1.812,False,time_reset_or_nonmonotonic_voltage,False,True,1.983
Batch-6/Sim_satellite_battery-8,Batch-6,Sim_satellite_battery,925,1.0C charge and 0.5C discharge [test capacity],measured_RPT,1.804,False,time_reset_or_nonmonotonic_voltage,False,True,1.983
Batch-6/Sim_satellite_battery-8,Batch-6,Sim_satellite_battery,931,1.0C charge and 0.5C discharge [test capacity],measured_RPT,1.799,False,time_reset_or_nonmonotonic_voltage,False,True,1.983
Batch-6/Sim_satellite_battery-8,Batch-6,Sim_satellite_battery,937,1.0C charge and 0.5C discharge [test capacity],measured_RPT,1.806,False,time_reset_or_nonmonotonic_voltage,False,True,1.983
Batch-6/Sim_satellite_battery-8,Batch-6,Sim_satellite_battery,943,1.0C charge and 0.5C discharge [test capacity],measured_RPT,1.795,False,time_reset_or_nonmonotonic_voltage,False,True,1.983
Batch-6/Sim_satellite_battery-8,Batch-6,Sim_satellite_battery,949,1.0C charge and 0.5C discharge [test capacity],measured_RPT,1.79,True,ok,False,True,1.983
Batch-6/Sim_satellite_battery-8,Batch-6,Sim_satellite_battery,955,1.0C charge and 0.5C discharge [test capacity],measured_RPT,1.785,True,ok,False,True,1.983
Batch-6/Sim_satellite_battery-8,Batch-6,Sim_satellite_battery,960,1.0C charge and 0.5C discharge [test capacity],measured_RPT,1.776,False,time_reset_or_nonmonotonic_voltage,False,True,1.983
Batch-6/Sim_satellite_battery-8,Batch-6,Sim_satellite_battery,966,1.0C charge and 0.5C discharge [test capacity],measured_RPT,1.765,False,time_reset_or_nonmonotonic_voltage,False,True,1.983
Batch-6/Sim_satellite_battery-8,Batch-6,Sim_satellite_battery,971,1.0C charge and 0.5C discharge [test capacity],measured_RPT,1.756,False,time_reset_or_nonmonotonic_voltage,False,True,1.983
Batch-6/Sim_satellite_battery-8,Batch-6,Sim_satellite_battery,977,1.0C charge and 0.5C discharge [test capacity],measured_RPT,1.746,True,ok,False,True,1.983
Batch-6/Sim_satellite_battery-8,Batch-6,Sim_satellite_battery,983,1.0C charge and 0.5C discharge [test capacity],measured_RPT,1.734,True,ok,False,True,1.983
Batch-6/Sim_satellite_battery-8,Batch-6,Sim_satellite_battery,989,1.0C charge and 0.5C discharge [test capacity],measured_RPT,1.739,False,time_reset_or_nonmonotonic_voltage,False,True,1.983
Batch-6/Sim_satellite_battery-8,Batch-6,Sim_satellite_battery,995,1.0C charge and 0.5C discharge [test capacity],measured_RPT,1.724,False,time_reset_or_nonmonotonic_voltage,False,True,1.983
Batch-6/Sim_satellite_battery-8,Batch-6,Sim_satellite_battery,1001,1.0C charge and 0.5C discharge [test capacity],measured_RPT,1.709,False,time_reset_or_nonmonotonic_voltage,False,True,1.983
Batch-6/Sim_satellite_battery-8,Batch-6,Sim_satellite_battery,1007,1.0C charge and 0.5C discharge [test capacity],measured_RPT,1.698,False,time_reset_or_nonmonotonic_voltage,False,True,1.983
Batch-6/Sim_satellite_battery-8,Batch-6,Sim_satellite_battery,1012,1.0C charge and 0.5C discharge [test capacity],measured_RPT,1.688,True,ok,False,True,1.983
Batch-6/Sim_satellite_battery-8,Batch-6,Sim_satellite_battery,1018,1.0C charge and 0.5C discharge [test capacity],measured_RPT,1.674,False,time_reset_or_nonmonotonic_voltage,False,True,1.983
Batch-6/Sim_satellite_battery-8,Batch-6,Sim_satellite_battery,1023,1.0C charge and 0.5C discharge [test capacity],measured_RPT,1.661,False,time_reset_or_nonmonotonic_voltage,False,True,1.983
Batch-6/Sim_satellite_battery-8,Batch-6,Sim_satellite_battery,1029,1.0C charge and 0.5C discharge [test capacity],measured_RPT,1.643,True,ok,False,True,1.983
Batch-6/Sim_satellite_battery-8,Batch-6,Sim_satellite_battery,1035,1.0C charge and 0.5C discharge [test capacity],measured_RPT,1.629,False,time_reset_or_nonmonotonic_voltage,False,True,1.983
Batch-6/Sim_satellite_battery-8,Batch-6,Sim_satellite_battery,1041,1.0C charge and 0.5C discharge [test capacity],measured_RPT,1.63,False,time_reset_or_nonmonotonic_voltage,False,True,1.983
Batch-6/Sim_satellite_battery-8,Batch-6,Sim_satellite_battery,1047,1.0C charge and 0.5C discharge [test capacity],measured_RPT,1.613,False,time_reset_or_nonmonotonic_voltage,False,True,1.983
Batch-6/Sim_satellite_battery-8,Batch-6,Sim_satellite_battery,1053,1.0C charge and 0.5C discharge [test capacity],measured_RPT,1.593,False,time_reset_or_nonmonotonic_voltage,False,True,1.983
